CADASTRAR,00000000001,Helena Ferreira,1979-07-17
CADASTRAR,00000000002,Carlos Ferreira,1971-10-06
CADASTRAR,00000000003,Helena Santos,1985-11-26
CADASTRAR,00000000004,Eduardo Rodrigues,2004-05-23
CADASTRAR,00000000005,Helena Lima,1971-01-14
CADASTRAR,00000000006,Helena Costa,2005-01-07
CADASTRAR,00000000007,Eduardo Lima,1983-06-21
CADASTRAR,00000000008,Ana Ferreira,1981-12-02
CADASTRAR,00000000009,Carlos Silva,1998-02-07
CADASTRAR,00000000010,Daniela Costa,1981-08-07
CADASTRAR,00000000011,Helena Rodrigues,1984-08-04
CADASTRAR,00000000012,Gabriel Rodrigues,1971-09-10
CADASTRAR,00000000013,Fernanda Lima,1996-03-21
CADASTRAR,00000000014,Bruno Santos,1985-03-21
CADASTRAR,00000000015,Gabriel Lima,2001-08-06
CADASTRAR,00000000016,Helena Santos,1973-01-24
CADASTRAR,00000000017,Helena Ferreira,1987-01-22
CADASTRAR,00000000018,Gabriel Lima,1971-04-14
CADASTRAR,00000000019,Helena Rodrigues,1976-10-13
CADASTRAR,00000000020,Gabriel Oliveira,1994-10-16
CADASTRAR,00000000021,Bruno Souza,1976-03-25
CADASTRAR,00000000022,Carlos Rodrigues,2005-08-14
CADASTRAR,00000000023,Gabriel Lima,1973-07-12
CADASTRAR,00000000024,Fernanda Silva,1970-07-18
CADASTRAR,00000000025,Carlos Costa,1985-02-07
CADASTRAR,00000000026,Carlos Costa,1987-06-12
CADASTRAR,00000000027,Ana Rodrigues,2003-11-03
CADASTRAR,00000000028,Gabriel Rodrigues,1997-06-21
CADASTRAR,00000000029,Fernanda Costa,1976-06-13
CADASTRAR,00000000030,Helena Santos,1991-09-22
CADASTRAR,00000000031,Carlos Rodrigues,1994-10-22
CADASTRAR,00000000032,Daniela Costa,1982-02-12
CADASTRAR,00000000033,Eduardo Costa,1997-07-11
CADASTRAR,00000000034,Helena Lima,2004-03-02
CADASTRAR,00000000035,Daniela Silva,1994-10-11
CADASTRAR,00000000036,Gabriel Ferreira,1981-08-16
CADASTRAR,00000000037,Ana Oliveira,1971-04-10
CADASTRAR,00000000038,Ana Santos,1977-02-11
CADASTRAR,00000000039,Bruno Lima,1971-02-24
CADASTRAR,00000000040,Daniela Costa,2003-07-03
CADASTRAR,00000000041,Fernanda Costa,1972-09-28
CADASTRAR,00000000042,Gabriel Santos,1976-11-12
CADASTRAR,00000000043,Gabriel Ferreira,1988-01-22
CADASTRAR,00000000044,Ana Oliveira,1998-12-03
CADASTRAR,00000000045,Bruno Silva,1979-06-11
CADASTRAR,00000000046,Helena Costa,1991-01-03
CADASTRAR,00000000047,Gabriel Costa,2001-01-06
CADASTRAR,00000000048,Eduardo Santos,1999-02-12
CADASTRAR,00000000049,Daniela Costa,2004-03-02
CADASTRAR,00000000050,Daniela Costa,1987-10-17
CADASTRAR,00000000051,Fernanda Rodrigues,1992-04-07
CADASTRAR,00000000052,Eduardo Souza,1979-08-24
CADASTRAR,00000000053,Gabriel Ferreira,1987-01-19
CADASTRAR,00000000054,Daniela Souza,1985-10-25
CADASTRAR,00000000055,Eduardo Costa,1971-03-08
CADASTRAR,00000000056,Bruno Lima,1998-03-28
CADASTRAR,00000000057,Daniela Silva,1994-05-12
CADASTRAR,00000000058,Eduardo Santos,2001-11-25
CADASTRAR,00000000059,Eduardo Costa,1979-11-19
CADASTRAR,00000000060,Helena Santos,2000-03-27
CADASTRAR,00000000061,Bruno Souza,1980-09-07
CADASTRAR,00000000062,Ana Costa,1999-06-10
CADASTRAR,00000000063,Eduardo Lima,2003-11-07
CADASTRAR,00000000064,Gabriel Santos,1971-10-28
CADASTRAR,00000000065,Ana Rodrigues,2000-04-22
CADASTRAR,00000000066,Helena Costa,2001-03-06
CADASTRAR,00000000067,Fernanda Oliveira,1983-08-23
CADASTRAR,00000000068,Ana Santos,2001-01-04
CADASTRAR,00000000069,Daniela Souza,1988-05-01
CADASTRAR,00000000070,Helena Rodrigues,1971-04-23
CADASTRAR,00000000071,Eduardo Souza,1998-02-18
CADASTRAR,00000000072,Daniela Silva,1995-11-21
CADASTRAR,00000000073,Daniela Costa,1970-08-12
CADASTRAR,00000000074,Eduardo Oliveira,1992-10-08
CADASTRAR,00000000075,Bruno Oliveira,2001-09-27
CADASTRAR,00000000076,Eduardo Silva,1989-07-27
CADASTRAR,00000000077,Gabriel Souza,1987-11-07
CADASTRAR,00000000078,Carlos Costa,2002-05-25
CADASTRAR,00000000079,Carlos Santos,1983-05-04
CADASTRAR,00000000080,Bruno Rodrigues,2001-12-22
CADASTRAR,00000000081,Carlos Silva,1986-12-24
CADASTRAR,00000000082,Helena Oliveira,1987-05-09
CADASTRAR,00000000083,Carlos Rodrigues,1991-02-12
CADASTRAR,00000000084,Bruno Rodrigues,1976-05-05
CADASTRAR,00000000085,Helena Costa,1988-06-26
CADASTRAR,00000000086,Eduardo Oliveira,1974-10-01
CADASTRAR,00000000087,Carlos Rodrigues,2001-03-03
CADASTRAR,00000000088,Ana Rodrigues,1996-12-08
CADASTRAR,00000000089,Fernanda Santos,1989-11-21
CADASTRAR,00000000090,Helena Santos,1972-01-12
CADASTRAR,00000000091,Fernanda Lima,1980-04-15
CADASTRAR,00000000092,Carlos Costa,1988-05-10
CADASTRAR,00000000093,Daniela Costa,2005-07-04
CADASTRAR,00000000094,Helena Souza,2002-05-11
CADASTRAR,00000000095,Ana Costa,1995-10-09
CADASTRAR,00000000096,Fernanda Lima,1991-10-08
CADASTRAR,00000000097,Daniela Souza,1980-04-18
CADASTRAR,00000000098,Helena Rodrigues,1998-03-25
CADASTRAR,00000000099,Ana Rodrigues,2002-11-13
CADASTRAR,00000000100,Helena Santos,1975-11-07
ENTRADA,00000000025,1
ENTRADA,00000000089,1
DESISTIR,00000000025
CHAMAR
CADASTRAR,00000000105,Bruno Rodrigues,1973-09-05
BUSCAR,00000000090
DESISTIR,00000000098
TAMANHO
BUSCAR,00000000027
BUSCAR,00000000027
CHAMAR
DESISTIR,00000000036
CHAMAR
DESISTIR,00000000094
TAMANHO
BUSCAR,00000000086
ENTRADA,00000000086,2
DESISTIR,00000000086
BUSCAR,00000000052
ENTRADA,00000000085,2
CADASTRAR,00000000121,Gabriel Silva,2000-11-10
ENTRADA,00000000082,1
CADASTRAR,00000000123,Ana Santos,1995-11-05
CADASTRAR,00000000124,Gabriel Lima,1999-02-10
CADASTRAR,00000000125,Fernanda Oliveira,2000-06-05
CHAMAR
CHAMAR
CADASTRAR,00000000128,Carlos Ferreira,1980-02-14
BUSCAR,00000000085
CADASTRAR,00000000130,Ana Lima,2001-06-02
CADASTRAR,00000000131,Helena Santos,1977-10-20
RELATORIO
BUSCAR,00000000041
ENTRADA,00000000070,1
ENTRADA,00000000007,1
ENTRADA,00000000031,1
BUSCAR,00000000060
CADASTRAR,00000000138,Bruno Silva,1992-07-25
CADASTRAR,00000000139,Gabriel Oliveira,1971-01-16
ENTRADA,00000000023,3
CADASTRAR,00000000141,Daniela Lima,1985-07-18
CADASTRAR,00000000142,Eduardo Silva,1972-07-07
RELATORIO
CHAMAR
ENTRADA,00000000005,1
CADASTRAR,00000000146,Ana Silva,1999-11-24
CADASTRAR,00000000147,Daniela Souza,1982-11-28
DESISTIR,00000000023
TAMANHO
ENTRADA,00000000092,1
CADASTRAR,00000000151,Carlos Rodrigues,1980-12-15
BUSCAR,00000000147
TAMANHO
ENTRADA,00000000059,3
CADASTRAR,00000000155,Helena Rodrigues,1978-09-20
TAMANHO
CHAMAR
CHAMAR
CHAMAR
ENTRADA,00000000006,3
ENTRADA,00000000151,2
ENTRADA,00000000048,1
ENTRADA,00000000099,3
CADASTRAR,00000000164,Eduardo Oliveira,1988-11-01
CHAMAR
TAMANHO
CADASTRAR,00000000167,Daniela Oliveira,2001-05-26
BUSCAR,00000000051
CADASTRAR,00000000169,Gabriel Ferreira,2005-07-10
BUSCAR,00000000138
CHAMAR
BUSCAR,00000000100
ENTRADA,00000000121,2
CADASTRAR,00000000174,Eduardo Oliveira,1972-03-22
CADASTRAR,00000000175,Helena Lima,1988-05-19
BUSCAR,00000000146
ENTRADA,00000000090,3
BUSCAR,00000000141
RELATORIO
CADASTRAR,00000000180,Eduardo Costa,1979-06-08
CHAMAR
TAMANHO
CHAMAR
CADASTRAR,00000000184,Carlos Silva,1988-04-20
DESISTIR,00000000121
CADASTRAR,00000000186,Fernanda Lima,1986-07-01
CADASTRAR,00000000187,Daniela Santos,1994-07-27
ENTRADA,00000000041,2
RELATORIO
RELATORIO
ENTRADA,00000000033,2
RELATORIO
ENTRADA,00000000041,2
CADASTRAR,00000000194,Bruno Oliveira,1986-09-20
CADASTRAR,00000000195,Fernanda Rodrigues,1981-10-15
BUSCAR,00000000049
DESISTIR,00000000033
ENTRADA,00000000089,3
CADASTRAR,00000000199,Helena Souza,1981-08-26
CHAMAR
ENTRADA,00000000040,2
RELATORIO
CHAMAR
CADASTRAR,00000000204,Daniela Rodrigues,1988-06-07
CADASTRAR,00000000205,Gabriel Rodrigues,1995-11-02
BUSCAR,00000000012
CADASTRAR,00000000207,Daniela Lima,1991-02-21
BUSCAR,00000000147
BUSCAR,00000000047
TAMANHO
TAMANHO
RELATORIO
CADASTRAR,00000000213,Fernanda Souza,1990-08-08
ENTRADA,00000000141,1
CADASTRAR,00000000215,Ana Lima,1998-08-28
ENTRADA,00000000018,2
CADASTRAR,00000000217,Daniela Lima,1990-12-16
CADASTRAR,00000000218,Daniela Silva,1990-12-01
RELATORIO
ENTRADA,00000000017,1
CADASTRAR,00000000221,Gabriel Silva,1990-02-24
DESISTIR,00000000041
BUSCAR,00000000151
CADASTRAR,00000000224,Fernanda Santos,1987-08-21
ENTRADA,00000000084,3
CADASTRAR,00000000226,Carlos Oliveira,1977-01-19
DESISTIR,00000000018
ENTRADA,00000000064,1
ENTRADA,00000000167,1
BUSCAR,00000000003
BUSCAR,00000000123
CHAMAR
ENTRADA,00000000169,2
DESISTIR,00000000017
CADASTRAR,00000000235,Daniela Costa,1999-07-25
CADASTRAR,00000000236,Bruno Oliveira,1974-12-26
CHAMAR
CADASTRAR,00000000238,Helena Costa,1991-05-09
CADASTRAR,00000000239,Daniela Souza,1974-11-23
CADASTRAR,00000000240,Gabriel Lima,1991-12-19
CADASTRAR,00000000241,Ana Costa,1981-11-12
ENTRADA,00000000128,3
ENTRADA,00000000011,2
CHAMAR
ENTRADA,00000000082,1
ENTRADA,00000000055,3
CADASTRAR,00000000247,Gabriel Oliveira,1971-05-08
TAMANHO
CADASTRAR,00000000249,Carlos Silva,1981-10-25
CHAMAR
ENTRADA,00000000019,1
CADASTRAR,00000000252,Carlos Rodrigues,1998-03-26
CADASTRAR,00000000253,Gabriel Ferreira,1977-05-27
BUSCAR,00000000076
CADASTRAR,00000000255,Carlos Costa,2004-11-13
BUSCAR,00000000052
ENTRADA,00000000184,2
DESISTIR,00000000019
CADASTRAR,00000000259,Eduardo Souza,2002-05-12
ENTRADA,00000000025,1
CADASTRAR,00000000261,Bruno Souza,1979-12-11
ENTRADA,00000000034,1
CHAMAR
CADASTRAR,00000000264,Bruno Santos,1971-08-06
ENTRADA,00000000187,1
CHAMAR
CHAMAR
TAMANHO
CADASTRAR,00000000269,Eduardo Souza,1970-02-24
CADASTRAR,00000000270,Eduardo Rodrigues,1987-10-26
RELATORIO
BUSCAR,00000000076
CADASTRAR,00000000273,Fernanda Santos,1999-07-26
ENTRADA,00000000121,3
ENTRADA,00000000128,3
CADASTRAR,00000000276,Bruno Oliveira,1980-10-03
TAMANHO
CADASTRAR,00000000278,Carlos Ferreira,1999-12-15
CADASTRAR,00000000279,Gabriel Santos,1989-05-13
CADASTRAR,00000000280,Bruno Silva,2003-05-09
CADASTRAR,00000000281,Eduardo Ferreira,1980-09-25
BUSCAR,00000000100
ENTRADA,00000000010,2
CADASTRAR,00000000284,Bruno Rodrigues,1975-04-21
CADASTRAR,00000000285,Daniela Santos,1977-09-22
CADASTRAR,00000000286,Bruno Souza,1973-07-23
CHAMAR
CHAMAR
ENTRADA,00000000286,3
CHAMAR
CHAMAR
CADASTRAR,00000000292,Bruno Costa,1989-05-18
RELATORIO
BUSCAR,00000000024
RELATORIO
CADASTRAR,00000000296,Daniela Souza,1995-02-28
BUSCAR,00000000073
BUSCAR,00000000186
CADASTRAR,00000000299,Daniela Rodrigues,1978-02-06
ENTRADA,00000000221,2
BUSCAR,00000000226
TAMANHO
CADASTRAR,00000000303,Daniela Rodrigues,1996-03-17
CHAMAR
BUSCAR,00000000084
BUSCAR,00000000221
BUSCAR,00000000026
CADASTRAR,00000000308,Helena Rodrigues,1978-04-13
BUSCAR,00000000075
CHAMAR
DESISTIR,00000000025
BUSCAR,00000000086
TAMANHO
DESISTIR,00000000184
ENTRADA,00000000147,2
CADASTRAR,00000000316,Carlos Lima,1978-07-04
CADASTRAR,00000000317,Helena Silva,1984-06-15
CADASTRAR,00000000318,Helena Silva,1978-11-13
CADASTRAR,00000000319,Helena Rodrigues,1998-12-08
ENTRADA,00000000024,2
CADASTRAR,00000000321,Daniela Rodrigues,1978-08-13
ENTRADA,00000000303,3
DESISTIR,00000000286
BUSCAR,00000000224
CADASTRAR,00000000325,Eduardo Souza,1994-12-17
BUSCAR,00000000029
CADASTRAR,00000000327,Ana Oliveira,1975-03-10
DESISTIR,00000000024
TAMANHO
CHAMAR
ENTRADA,00000000070,1
DESISTIR,00000000070
CHAMAR
ENTRADA,00000000044,3
DESISTIR,00000000121
CADASTRAR,00000000336,Fernanda Ferreira,1997-07-07
CADASTRAR,00000000337,Ana Ferreira,1976-06-06
BUSCAR,00000000131
CADASTRAR,00000000339,Gabriel Silva,1995-02-26
BUSCAR,00000000130
CADASTRAR,00000000341,Ana Silva,1996-02-01
CADASTRAR,00000000342,Fernanda Rodrigues,1986-01-09
ENTRADA,00000000032,3
CADASTRAR,00000000344,Eduardo Rodrigues,1970-01-25
ENTRADA,00000000174,3
CADASTRAR,00000000346,Eduardo Ferreira,1991-02-19
CHAMAR
CADASTRAR,00000000348,Fernanda Costa,1981-03-21
BUSCAR,00000000180
CADASTRAR,00000000350,Carlos Lima,1984-11-20
CHAMAR
BUSCAR,00000000299
ENTRADA,00000000261,2
CADASTRAR,00000000354,Gabriel Santos,1972-07-03
CHAMAR
CHAMAR
ENTRADA,00000000278,2
TAMANHO
BUSCAR,00000000273
BUSCAR,00000000213
ENTRADA,00000000213,3
CHAMAR
RELATORIO
CHAMAR
ENTRADA,00000000339,2
CADASTRAR,00000000366,Bruno Silva,1974-08-14
TAMANHO
BUSCAR,00000000016
BUSCAR,00000000082
BUSCAR,00000000046
DESISTIR,00000000213
ENTRADA,00000000007,3
ENTRADA,00000000139,3
RELATORIO
RELATORIO
BUSCAR,00000000063
ENTRADA,00000000082,2
BUSCAR,00000000142
CADASTRAR,00000000379,Gabriel Santos,1970-01-17
BUSCAR,00000000261
TAMANHO
CHAMAR
BUSCAR,00000000215
ENTRADA,00000000056,3
ENTRADA,00000000130,3
CHAMAR
CADASTRAR,00000000387,Gabriel Lima,2005-03-22
TAMANHO
BUSCAR,00000000009
CADASTRAR,00000000390,Gabriel Lima,1995-09-26
ENTRADA,00000000269,1
DESISTIR,00000000261
CHAMAR
ENTRADA,00000000350,1
RELATORIO
TAMANHO
CHAMAR
CADASTRAR,00000000398,Fernanda Silva,1973-08-19
ENTRADA,00000000064,3
CHAMAR
CADASTRAR,00000000401,Gabriel Ferreira,2003-01-13
TAMANHO
CHAMAR
CADASTRAR,00000000404,Ana Oliveira,2001-06-08
ENTRADA,00000000218,2
CHAMAR
ENTRADA,00000000039,3
BUSCAR,00000000224
ENTRADA,00000000026,3
CADASTRAR,00000000410,Carlos Silva,1989-09-28
DESISTIR,00000000350
CADASTRAR,00000000412,Gabriel Ferreira,1983-04-18
ENTRADA,00000000100,2
CADASTRAR,00000000414,Carlos Lima,1981-03-26
CADASTRAR,00000000415,Carlos Rodrigues,1975-12-12
DESISTIR,00000000056
ENTRADA,00000000205,2
TAMANHO
BUSCAR,00000000337
BUSCAR,00000000086
DESISTIR,00000000100
CHAMAR
DESISTIR,00000000064
BUSCAR,00000000213
CADASTRAR,00000000425,Ana Lima,1993-06-03
RELATORIO
CADASTRAR,00000000427,Daniela Costa,1987-02-10
CADASTRAR,00000000428,Fernanda Santos,1982-09-04
ENTRADA,00000000018,2
BUSCAR,00000000131
ENTRADA,00000000269,2
CADASTRAR,00000000432,Ana Oliveira,1992-09-05
BUSCAR,00000000089
BUSCAR,00000000241
ENTRADA,00000000037,3
CHAMAR
CADASTRAR,00000000437,Gabriel Ferreira,2005-12-15
BUSCAR,00000000014
CADASTRAR,00000000439,Daniela Lima,1984-01-28
ENTRADA,00000000348,2
CADASTRAR,00000000441,Gabriel Rodrigues,2003-03-18
CADASTRAR,00000000442,Ana Ferreira,2003-09-08
DESISTIR,00000000205
BUSCAR,00000000060
CHAMAR
TAMANHO
CHAMAR
CADASTRAR,00000000448,Gabriel Oliveira,1985-09-12
CHAMAR
CADASTRAR,00000000450,Carlos Souza,1973-03-17
BUSCAR,00000000004
BUSCAR,00000000060
BUSCAR,00000000021
ENTRADA,00000000096,3
ENTRADA,00000000236,1
ENTRADA,00000000026,2
BUSCAR,00000000099
BUSCAR,00000000141
CHAMAR
TAMANHO
BUSCAR,00000000292
CHAMAR
ENTRADA,00000000008,2
CHAMAR
CADASTRAR,00000000465,Bruno Costa,2004-03-28
CADASTRAR,00000000466,Carlos Rodrigues,1976-12-13
BUSCAR,00000000090
BUSCAR,00000000086
TAMANHO
CADASTRAR,00000000470,Daniela Costa,1976-01-01
CADASTRAR,00000000471,Bruno Ferreira,1973-09-16
RELATORIO
ENTRADA,00000000073,2
ENTRADA,00000000039,2
ENTRADA,00000000063,1
BUSCAR,00000000017
CADASTRAR,00000000477,Carlos Silva,1978-08-18
CHAMAR
ENTRADA,00000000425,2
DESISTIR,00000000425
DESISTIR,00000000073
ENTRADA,00000000067,1
CADASTRAR,00000000483,Fernanda Santos,1991-08-08
ENTRADA,00000000099,2
CADASTRAR,00000000485,Bruno Lima,1999-02-28
BUSCAR,00000000056
CHAMAR
CADASTRAR,00000000488,Helena Costa,1989-05-02
ENTRADA,00000000342,1
DESISTIR,00000000063
ENTRADA,00000000321,3
RELATORIO
ENTRADA,00000000442,2
CADASTRAR,00000000494,Eduardo Ferreira,1996-09-06
BUSCAR,00000000026
CHAMAR
ENTRADA,00000000098,1
ENTRADA,00000000054,1
RELATORIO
ENTRADA,00000000069,1
CADASTRAR,00000000501,Daniela Rodrigues,1983-04-09
CHAMAR
ENTRADA,00000000081,3
BUSCAR,00000000485
RELATORIO
CADASTRAR,00000000506,Bruno Souza,2000-08-07
ENTRADA,00000000239,1
RELATORIO
ENTRADA,00000000130,1
BUSCAR,00000000398
ENTRADA,00000000072,2
CADASTRAR,00000000512,Eduardo Santos,1993-10-06
ENTRADA,00000000035,1
CADASTRAR,00000000514,Fernanda Ferreira,1976-05-26
CADASTRAR,00000000515,Bruno Oliveira,1999-04-28
CADASTRAR,00000000516,Bruno Lima,1990-02-22
BUSCAR,00000000336
ENTRADA,00000000439,3
ENTRADA,00000000003,3
BUSCAR,00000000415
CADASTRAR,00000000521,Carlos Souza,1996-07-15
ENTRADA,00000000261,3
ENTRADA,00000000075,2
CADASTRAR,00000000524,Bruno Oliveira,1986-05-22
BUSCAR,00000000425
CADASTRAR,00000000526,Carlos Souza,1990-11-04
ENTRADA,00000000074,3
CADASTRAR,00000000528,Ana Rodrigues,1976-05-20
BUSCAR,00000000049
CADASTRAR,00000000530,Helena Oliveira,1985-07-06
BUSCAR,00000000448
TAMANHO
CADASTRAR,00000000533,Helena Costa,1971-06-17
CADASTRAR,00000000534,Helena Silva,2003-08-26
TAMANHO
CHAMAR
ENTRADA,00000000028,3
ENTRADA,00000000073,3
ENTRADA,00000000021,3
CADASTRAR,00000000540,Carlos Rodrigues,1972-06-09
CADASTRAR,00000000541,Ana Silva,1989-08-05
CHAMAR
CHAMAR
BUSCAR,00000000316
BUSCAR,00000000269
CADASTRAR,00000000546,Gabriel Costa,1999-06-04
DESISTIR,00000000003
DESISTIR,00000000074
CADASTRAR,00000000549,Bruno Santos,1998-06-05
DESISTIR,00000000073
BUSCAR,00000000142
ENTRADA,00000000047,1
CADASTRAR,00000000553,Eduardo Silva,1996-06-10
CADASTRAR,00000000554,Eduardo Silva,2003-09-06
RELATORIO
RELATORIO
BUSCAR,00000000090
CADASTRAR,00000000558,Gabriel Costa,1983-12-20
ENTRADA,00000000530,3
CADASTRAR,00000000560,Fernanda Oliveira,1976-05-19
BUSCAR,00000000342
BUSCAR,00000000073
CADASTRAR,00000000563,Eduardo Lima,2003-11-10
ENTRADA,00000000207,3
BUSCAR,00000000097
TAMANHO
TAMANHO
CHAMAR
RELATORIO
CHAMAR
CHAMAR
CHAMAR
ENTRADA,00000000048,2
RELATORIO
TAMANHO
CADASTRAR,00000000576,Carlos Oliveira,1999-04-26
CHAMAR
CHAMAR
BUSCAR,00000000199
ENTRADA,00000000239,3
CADASTRAR,00000000581,Fernanda Ferreira,1981-09-10
TAMANHO
CADASTRAR,00000000583,Bruno Rodrigues,1977-08-15
CADASTRAR,00000000584,Daniela Silva,1970-02-12
CADASTRAR,00000000585,Daniela Oliveira,1997-11-24
BUSCAR,00000000034
ENTRADA,00000000506,2
BUSCAR,00000000058
CHAMAR
CHAMAR
ENTRADA,00000000319,2
ENTRADA,00000000081,2
BUSCAR,00000000004
BUSCAR,00000000038
ENTRADA,00000000554,2
ENTRADA,00000000337,1
CADASTRAR,00000000597,Bruno Rodrigues,1997-10-23
CADASTRAR,00000000598,Gabriel Santos,1985-06-03
CHAMAR
ENTRADA,00000000082,2
CADASTRAR,00000000601,Eduardo Lima,2003-03-28
BUSCAR,00000000344
BUSCAR,00000000018
CHAMAR
CADASTRAR,00000000605,Daniela Santos,1990-10-07
ENTRADA,00000000240,3
ENTRADA,00000000031,1
ENTRADA,00000000033,1
BUSCAR,00000000164
BUSCAR,00000000303
ENTRADA,00000000187,2
CADASTRAR,00000000612,Ana Santos,1971-02-23
ENTRADA,00000000252,1
BUSCAR,00000000605
RELATORIO
CHAMAR
ENTRADA,00000000123,3
CADASTRAR,00000000618,Gabriel Oliveira,2005-05-11
BUSCAR,00000000612
ENTRADA,00000000428,2
CADASTRAR,00000000621,Carlos Souza,2003-06-18
CHAMAR
RELATORIO
ENTRADA,00000000063,3
RELATORIO
CADASTRAR,00000000626,Helena Oliveira,1971-03-09
ENTRADA,00000000004,1
DESISTIR,00000000063
ENTRADA,00000000428,1
ENTRADA,00000000485,2
CHAMAR
ENTRADA,00000000030,1
BUSCAR,00000000074
RELATORIO
ENTRADA,00000000079,2
ENTRADA,00000000401,2
CADASTRAR,00000000637,Daniela Santos,1984-06-23
CADASTRAR,00000000638,Eduardo Silva,1983-08-20
ENTRADA,00000000441,1
CHAMAR
RELATORIO
CADASTRAR,00000000642,Gabriel Costa,1982-11-25
CHAMAR
BUSCAR,00000000217
CADASTRAR,00000000645,Daniela Oliveira,1987-09-07
ENTRADA,00000000470,2
CHAMAR
CADASTRAR,00000000648,Fernanda Santos,1993-06-09
ENTRADA,00000000074,3
BUSCAR,00000000195
RELATORIO
ENTRADA,00000000146,3
BUSCAR,00000000252
RELATORIO
DESISTIR,00000000240
CADASTRAR,00000000656,Helena Silva,1998-04-23
BUSCAR,00000000021
CADASTRAR,00000000658,Bruno Ferreira,1995-12-19
BUSCAR,00000000205
TAMANHO
CADASTRAR,00000000661,Eduardo Santos,1997-12-16
ENTRADA,00000000034,3
ENTRADA,00000000020,1
BUSCAR,00000000130
CHAMAR
CADASTRAR,00000000666,Fernanda Ferreira,1973-06-08
CADASTRAR,00000000667,Fernanda Silva,1989-02-15
ENTRADA,00000000516,2
ENTRADA,00000000048,3
ENTRADA,00000000123,1
ENTRADA,00000000278,1
CHAMAR
RELATORIO
CHAMAR
ENTRADA,00000000068,3
CHAMAR
CADASTRAR,00000000677,Carlos Silva,1982-07-27
CADASTRAR,00000000678,Helena Lima,2001-12-24
CADASTRAR,00000000679,Ana Costa,1985-06-15
CHAMAR
CADASTRAR,00000000681,Gabriel Souza,1976-01-07
BUSCAR,00000000199
BUSCAR,00000000003
ENTRADA,00000000087,3
CADASTRAR,00000000685,Ana Santos,1992-03-02
CADASTRAR,00000000686,Daniela Ferreira,2002-12-17
CADASTRAR,00000000687,Bruno Costa,1997-07-07
BUSCAR,00000000425
CADASTRAR,00000000689,Fernanda Costa,1995-09-08
ENTRADA,00000000028,2
CADASTRAR,00000000691,Daniela Ferreira,1981-02-25
RELATORIO
CHAMAR
CADASTRAR,00000000694,Bruno Souza,2003-10-24
ENTRADA,00000000691,3
ENTRADA,00000000033,3
CADASTRAR,00000000697,Ana Lima,1989-06-22
TAMANHO
CADASTRAR,00000000699,Ana Ferreira,1975-10-09
DESISTIR,00000000516
ENTRADA,00000000088,1
BUSCAR,00000000011
DESISTIR,00000000068
BUSCAR,00000000074
BUSCAR,00000000084
CHAMAR
CADASTRAR,00000000707,Fernanda Oliveira,2000-08-18
RELATORIO
ENTRADA,00000000073,2
CADASTRAR,00000000710,Daniela Souza,1990-08-24
DESISTIR,00000000030
CADASTRAR,00000000712,Daniela Souza,2001-02-25
CADASTRAR,00000000713,Eduardo Costa,1971-04-02
ENTRADA,00000000151,1
CHAMAR
RELATORIO
BUSCAR,00000000534
TAMANHO
CADASTRAR,00000000719,Ana Souza,1991-06-23
BUSCAR,00000000558
RELATORIO
ENTRADA,00000000681,1
CADASTRAR,00000000723,Ana Ferreira,1977-06-20
DESISTIR,00000000020
ENTRADA,00000000099,2
BUSCAR,00000000341
ENTRADA,00000000598,1
BUSCAR,00000000546
ENTRADA,00000000336,1
TAMANHO
ENTRADA,00000000339,1
CHAMAR
DESISTIR,00000000252
ENTRADA,00000000281,1
DESISTIR,00000000099
BUSCAR,00000000180
CADASTRAR,00000000737,Eduardo Ferreira,1984-12-28
CADASTRAR,00000000738,Ana Souza,1979-12-23
CADASTRAR,00000000739,Gabriel Souza,1996-02-05
ENTRADA,00000000096,3
RELATORIO
BUSCAR,00000000093
CADASTRAR,00000000743,Bruno Rodrigues,1990-01-18
CHAMAR
ENTRADA,00000000553,1
CADASTRAR,00000000746,Carlos Rodrigues,1985-02-06
BUSCAR,00000000010
RELATORIO
CHAMAR
CADASTRAR,00000000750,Gabriel Santos,1988-08-13
DESISTIR,00000000031
CHAMAR
RELATORIO
BUSCAR,00000000124
CHAMAR
CADASTRAR,00000000756,Bruno Souza,1978-09-20
CADASTRAR,00000000757,Fernanda Rodrigues,2004-11-01
RELATORIO
ENTRADA,00000000253,1
CADASTRAR,00000000760,Ana Santos,1979-07-28
BUSCAR,00000000618
BUSCAR,00000000099
ENTRADA,00000000261,3
CADASTRAR,00000000764,Helena Ferreira,1970-02-09
ENTRADA,00000000035,2
CADASTRAR,00000000766,Helena Rodrigues,1970-03-26
CHAMAR
TAMANHO
CHAMAR
CADASTRAR,00000000770,Eduardo Souza,1976-02-24
CADASTRAR,00000000771,Gabriel Souza,1994-01-17
CADASTRAR,00000000772,Gabriel Rodrigues,1991-07-26
ENTRADA,00000000052,2
BUSCAR,00000000063
CADASTRAR,00000000775,Helena Costa,1987-11-25
CADASTRAR,00000000776,Bruno Lima,2005-04-16
CHAMAR
ENTRADA,00000000147,2
ENTRADA,00000000049,2
BUSCAR,00000000530
CADASTRAR,00000000781,Gabriel Ferreira,1984-07-08
CADASTRAR,00000000782,Ana Souza,1999-04-16
CADASTRAR,00000000783,Eduardo Santos,2001-05-16
CHAMAR
CHAMAR
CHAMAR
CADASTRAR,00000000787,Helena Santos,2005-03-22
ENTRADA,00000000080,3
CADASTRAR,00000000789,Helena Oliveira,1989-02-27
BUSCAR,00000000069
ENTRADA,00000000094,2
BUSCAR,00000000442
CADASTRAR,00000000793,Daniela Costa,1977-06-11
ENTRADA,00000000255,1
ENTRADA,00000000249,1
ENTRADA,00000000515,1
CHAMAR
BUSCAR,00000000465
DESISTIR,00000000515
DESISTIR,00000000401
ENTRADA,00000000098,2
BUSCAR,00000000583
BUSCAR,00000000437
ENTRADA,00000000327,2
CADASTRAR,00000000805,Gabriel Ferreira,2003-01-28
BUSCAR,00000000027
ENTRADA,00000000187,2
RELATORIO
ENTRADA,00000000771,1
BUSCAR,00000000086
CHAMAR
DESISTIR,00000000080
BUSCAR,00000000180
ENTRADA,00000000437,1
DESISTIR,00000000033
ENTRADA,00000000186,3
BUSCAR,00000000546
CADASTRAR,00000000818,Gabriel Silva,1977-06-20
ENTRADA,00000000553,1
RELATORIO
RELATORIO
CADASTRAR,00000000822,Daniela Lima,1981-10-01
BUSCAR,00000000563
CHAMAR
BUSCAR,00000000259
BUSCAR,00000000477
CADASTRAR,00000000827,Fernanda Lima,1989-03-15
DESISTIR,00000000074
ENTRADA,00000000303,3
ENTRADA,00000000028,2
ENTRADA,00000000238,3
TAMANHO
ENTRADA,00000000285,1
CHAMAR
RELATORIO
ENTRADA,00000000199,2
BUSCAR,00000000105
DESISTIR,00000000771
ENTRADA,00000000439,3
BUSCAR,00000000336
DESISTIR,00000000048
BUSCAR,00000000512
DESISTIR,00000000052
CHAMAR
BUSCAR,00000000217
ENTRADA,00000000425,3
TAMANHO
CHAMAR
ENTRADA,00000000055,1
CHAMAR
CHAMAR
ENTRADA,00000000427,1
BUSCAR,00000000051
CADASTRAR,00000000854,Carlos Lima,2001-02-06
TAMANHO
CADASTRAR,00000000856,Carlos Lima,1999-04-16
CHAMAR
CADASTRAR,00000000858,Gabriel Ferreira,1993-11-12
CADASTRAR,00000000859,Bruno Costa,1987-10-03
CHAMAR
CHAMAR
CADASTRAR,00000000862,Carlos Santos,1974-03-25
ENTRADA,00000000477,3
CHAMAR
CADASTRAR,00000000865,Helena Oliveira,1997-04-01
TAMANHO
TAMANHO
BUSCAR,00000000737
ENTRADA,00000000737,1
BUSCAR,00000000432
BUSCAR,00000000032
BUSCAR,00000000085
RELATORIO
CADASTRAR,00000000874,Helena Lima,1991-04-28
CADASTRAR,00000000875,Ana Oliveira,1971-01-27
CADASTRAR,00000000876,Bruno Souza,1992-08-14
CHAMAR
CHAMAR
RELATORIO
CADASTRAR,00000000880,Ana Ferreira,1981-07-26
ENTRADA,00000000404,1
ENTRADA,00000000147,1
ENTRADA,00000000354,1
CADASTRAR,00000000884,Carlos Lima,1979-05-25
BUSCAR,00000000175
ENTRADA,00000000052,2
CADASTRAR,00000000887,Fernanda Rodrigues,1998-06-26
ENTRADA,00000000049,2
ENTRADA,00000000180,2
CADASTRAR,00000000890,Bruno Santos,1972-01-03
CADASTRAR,00000000891,Eduardo Costa,1999-04-21
ENTRADA,00000000398,1
ENTRADA,00000000719,1
CHAMAR
CHAMAR
ENTRADA,00000000021,2
CADASTRAR,00000000897,Eduardo Oliveira,1975-04-12
DESISTIR,00000000737
CADASTRAR,00000000899,Helena Santos,1996-07-10
ENTRADA,00000000002,3
BUSCAR,00000000006
TAMANHO
CADASTRAR,00000000903,Eduardo Santos,1976-06-07
ENTRADA,00000000336,3
BUSCAR,00000000042
CADASTRAR,00000000906,Helena Costa,2005-09-28
CHAMAR
CADASTRAR,00000000908,Eduardo Ferreira,1998-12-12
BUSCAR,00000000404
ENTRADA,00000000058,2
ENTRADA,00000000089,2
CHAMAR
ENTRADA,00000000012,3
ENTRADA,00000000069,2
ENTRADA,00000000576,2
ENTRADA,00000000645,1
CADASTRAR,00000000917,Daniela Rodrigues,1991-03-08
RELATORIO
RELATORIO
BUSCAR,00000000011
ENTRADA,00000000164,3
ENTRADA,00000000782,3
ENTRADA,00000000015,2
BUSCAR,00000000022
ENTRADA,00000000379,3
ENTRADA,00000000066,1
CHAMAR
BUSCAR,00000000045
DESISTIR,00000000199
CADASTRAR,00000000930,Gabriel Souza,2002-10-02
BUSCAR,00000000342
CHAMAR
DESISTIR,00000000238
CADASTRAR,00000000934,Carlos Costa,1978-06-12
CADASTRAR,00000000935,Ana Lima,1970-09-14
CADASTRAR,00000000936,Bruno Ferreira,1974-07-04
ENTRADA,00000000336,1
ENTRADA,00000000719,1
CADASTRAR,00000000939,Daniela Silva,1993-08-11
CHAMAR
BUSCAR,00000000450
ENTRADA,00000000546,1
ENTRADA,00000000180,3
CHAMAR
CADASTRAR,00000000945,Ana Oliveira,1988-09-07
RELATORIO
DESISTIR,00000000098
CADASTRAR,00000000948,Daniela Costa,1972-09-22
DESISTIR,00000000404
TAMANHO
CHAMAR
RELATORIO
BUSCAR,00000000239
BUSCAR,00000000415
DESISTIR,00000000069
ENTRADA,00000000035,1
BUSCAR,00000000273
CADASTRAR,00000000958,Gabriel Oliveira,1992-12-21
CADASTRAR,00000000959,Eduardo Souza,1975-11-04
CADASTRAR,00000000960,Ana Lima,1987-03-03
CADASTRAR,00000000961,Eduardo Silva,1973-03-09
BUSCAR,00000000195
CHAMAR
CADASTRAR,00000000964,Fernanda Santos,1993-05-11
CADASTRAR,00000000965,Helena Oliveira,1984-05-04
CADASTRAR,00000000966,Carlos Rodrigues,1981-01-21
RELATORIO
TAMANHO
DESISTIR,00000000094
BUSCAR,00000000070
CADASTRAR,00000000971,Daniela Costa,1977-12-14
BUSCAR,00000000390
ENTRADA,00000000217,1
CADASTRAR,00000000974,Bruno Costa,1995-07-07
CADASTRAR,00000000975,Carlos Lima,1994-10-27
CHAMAR
ENTRADA,00000000070,3
BUSCAR,00000000787
BUSCAR,00000000026
ENTRADA,00000000935,3
CHAMAR
ENTRADA,00000000598,1
TAMANHO
BUSCAR,00000000138
TAMANHO
DESISTIR,00000000437
ENTRADA,00000000004,1
CHAMAR
CADASTRAR,00000000989,Ana Oliveira,1981-09-11
CADASTRAR,00000000990,Ana Lima,1988-09-24
CHAMAR
ENTRADA,00000000642,2
ENTRADA,00000000350,1
ENTRADA,00000000601,3
ENTRADA,00000000387,1
CADASTRAR,00000000996,Ana Santos,1977-07-20
ENTRADA,00000000064,1
CADASTRAR,00000000998,Ana Costa,2002-09-28
TAMANHO
CHAMAR
ENTRADA,00000000488,3
DESISTIR,00000000427
CADASTRAR,00000001003,Fernanda Ferreira,1982-04-09
CADASTRAR,00000001004,Eduardo Oliveira,1978-04-08
CADASTRAR,00000001005,Eduardo Silva,1990-05-08
CHAMAR
CADASTRAR,00000001007,Ana Oliveira,1996-07-09
ENTRADA,00000000437,1
ENTRADA,00000000074,1
CADASTRAR,00000001010,Ana Lima,1997-02-20
BUSCAR,00000000908
DESISTIR,00000000642
ENTRADA,00000000425,3
CADASTRAR,00000001014,Fernanda Costa,2002-04-20
CHAMAR
CHAMAR
BUSCAR,00000000025
CADASTRAR,00000001018,Fernanda Souza,1981-10-08
ENTRADA,00000000996,2
TAMANHO
BUSCAR,00000000325
CHAMAR
ENTRADA,00000000060,1
DESISTIR,00000000012
CADASTRAR,00000001025,Carlos Rodrigues,1986-08-20
BUSCAR,00000000934
ENTRADA,00000000036,1
RELATORIO
CHAMAR
ENTRADA,00000000350,1
CADASTRAR,00000001031,Ana Ferreira,1977-04-09
BUSCAR,00000000975
BUSCAR,00000000339
CADASTRAR,00000001034,Daniela Silva,1995-11-20
TAMANHO
CADASTRAR,00000001036,Daniela Ferreira,1994-08-01
ENTRADA,00000000318,1
DESISTIR,00000000719
ENTRADA,00000000526,2
CADASTRAR,00000001040,Daniela Lima,1974-05-18
CADASTRAR,00000001041,Bruno Rodrigues,1992-02-05
CADASTRAR,00000001042,Carlos Santos,1977-05-13
ENTRADA,00000000003,1
CADASTRAR,00000001044,Helena Lima,1986-05-10
CADASTRAR,00000001045,Carlos Costa,2001-02-26
ENTRADA,00000000002,1
ENTRADA,00000000887,3
ENTRADA,00000000008,2
CADASTRAR,00000001049,Helena Santos,1998-04-24
ENTRADA,00000000026,1
ENTRADA,00000000442,2
RELATORIO
BUSCAR,00000000341
CHAMAR
CADASTRAR,00000001055,Carlos Santos,1990-12-25
BUSCAR,00000000286
CADASTRAR,00000001057,Ana Oliveira,1994-04-01
ENTRADA,00000001044,2
ENTRADA,00000000224,3
CADASTRAR,00000001060,Fernanda Santos,1970-12-02
CADASTRAR,00000001061,Helena Souza,1987-07-04
CADASTRAR,00000001062,Fernanda Lima,1999-08-05
BUSCAR,00000000679
CADASTRAR,00000001064,Gabriel Costa,2001-01-01
BUSCAR,00000000014
BUSCAR,00000000533
RELATORIO
CHAMAR
DESISTIR,00000000477
CHAMAR
BUSCAR,00000000023
TAMANHO
ENTRADA,00000000598,2
BUSCAR,00000000281
ENTRADA,00000001057,2
RELATORIO
BUSCAR,00000000346
CHAMAR
ENTRADA,00000000691,1
BUSCAR,00000000964
ENTRADA,00000001036,2
CADASTRAR,00000001082,Daniela Ferreira,1984-07-04
CADASTRAR,00000001083,Bruno Oliveira,1981-09-22
ENTRADA,00000000710,2
CADASTRAR,00000001085,Bruno Lima,1999-03-11
CADASTRAR,00000001086,Ana Souza,1981-03-28
DESISTIR,00000000601
CADASTRAR,00000001088,Ana Lima,1987-09-19
BUSCAR,00000000083
BUSCAR,00000001041
RELATORIO
CADASTRAR,00000001092,Helena Costa,1974-08-12
CADASTRAR,00000001093,Fernanda Costa,1982-10-08
BUSCAR,00000000093
BUSCAR,00000000010
DESISTIR,00000001036
BUSCAR,00000000584
BUSCAR,00000000485
ENTRADA,00000000936,2
DESISTIR,00000000398
TAMANHO
CADASTRAR,00000001102,Ana Rodrigues,1996-01-15
CADASTRAR,00000001103,Carlos Lima,1972-08-17
DESISTIR,00000000074
ENTRADA,00000000585,3
BUSCAR,00000001041
CADASTRAR,00000001107,Fernanda Oliveira,1996-01-21
TAMANHO
BUSCAR,00000000642
RELATORIO
ENTRADA,00000001093,1
CHAMAR
ENTRADA,00000000337,1
BUSCAR,00000000344
CADASTRAR,00000001115,Eduardo Rodrigues,1973-04-09
CADASTRAR,00000001116,Gabriel Rodrigues,2005-04-02
CADASTRAR,00000001117,Fernanda Costa,2002-11-12
ENTRADA,00000000899,3
CHAMAR
BUSCAR,00000000062
ENTRADA,00000000067,3
RELATORIO
TAMANHO
BUSCAR,00000000899
CADASTRAR,00000001125,Fernanda Lima,2003-03-03
CADASTRAR,00000001126,Ana Souza,1975-09-08
CADASTRAR,00000001127,Ana Lima,1994-09-26
ENTRADA,00000000239,3
ENTRADA,00000000025,1
CHAMAR
CADASTRAR,00000001131,Daniela Rodrigues,1999-11-11
BUSCAR,00000001086
CADASTRAR,00000001133,Fernanda Oliveira,1986-03-21
CHAMAR
CADASTRAR,00000001135,Daniela Oliveira,1985-02-01
ENTRADA,00000000697,3
ENTRADA,00000000425,3
ENTRADA,00000000023,1
CHAMAR
BUSCAR,00000000515
BUSCAR,00000000020
BUSCAR,00000000240
CADASTRAR,00000001143,Ana Costa,2001-05-23
CHAMAR
ENTRADA,00000000691,1
RELATORIO
ENTRADA,00000000028,3
TAMANHO
CHAMAR
CHAMAR
ENTRADA,00000000092,2
CHAMAR
CADASTRAR,00000001153,Daniela Souza,1973-08-07
ENTRADA,00000000597,1
ENTRADA,00000000439,3
CADASTRAR,00000001156,Gabriel Costa,1979-08-17
BUSCAR,00000000432
ENTRADA,00000001061,1
ENTRADA,00000000936,1
CADASTRAR,00000001160,Fernanda Silva,1993-06-05
ENTRADA,00000000681,2
ENTRADA,00000000743,2
CADASTRAR,00000001163,Ana Lima,1991-01-13
ENTRADA,00000000534,3
BUSCAR,00000000350
CHAMAR
ENTRADA,00000000147,2
BUSCAR,00000000303
CADASTRAR,00000001169,Ana Santos,1971-06-01
RELATORIO
DESISTIR,00000000064
CADASTRAR,00000001172,Daniela Souza,1990-12-13
CADASTRAR,00000001173,Helena Ferreira,1984-03-06
CADASTRAR,00000001174,Ana Oliveira,2005-05-15
RELATORIO
ENTRADA,00000000966,3
ENTRADA,00000001060,2
ENTRADA,00000000092,1
ENTRADA,00000000439,1
BUSCAR,00000000167
BUSCAR,00000000678
BUSCAR,00000000236
CHAMAR
BUSCAR,00000000645
CHAMAR
RELATORIO
ENTRADA,00000000072,3
TAMANHO
BUSCAR,00000000379
TAMANHO
CHAMAR
ENTRADA,00000000344,2
CADASTRAR,00000001193,Ana Lima,1975-11-27
CADASTRAR,00000001194,Ana Ferreira,2000-08-08
CHAMAR
CADASTRAR,00000001196,Daniela Costa,1990-12-18
TAMANHO
CADASTRAR,00000001198,Carlos Santos,1979-12-19
CHAMAR
CADASTRAR,00000001200,Carlos Costa,1992-10-02
TAMANHO
CHAMAR
CADASTRAR,00000001203,Carlos Costa,1992-01-24
ENTRADA,00000000401,2
CADASTRAR,00000001205,Eduardo Souza,1997-12-26
CHAMAR
ENTRADA,00000000276,1
ENTRADA,00000000743,3
DESISTIR,00000000350
CADASTRAR,00000001210,Fernanda Oliveira,2005-10-09
ENTRADA,00000000875,1
DESISTIR,00000000401
ENTRADA,00000000204,1
BUSCAR,00000000697
CADASTRAR,00000001215,Gabriel Ferreira,1997-06-04
ENTRADA,00000000584,3
TAMANHO
BUSCAR,00000000003
BUSCAR,00000000217
TAMANHO
CADASTRAR,00000001221,Eduardo Oliveira,1974-10-10
ENTRADA,00000000681,3
ENTRADA,00000001061,1
ENTRADA,00000000713,1
RELATORIO
BUSCAR,00000000147
TAMANHO
CHAMAR
RELATORIO
CHAMAR
BUSCAR,00000000412
CADASTRAR,00000001232,Ana Santos,2001-11-09
RELATORIO
CHAMAR
ENTRADA,00000000425,1
CHAMAR
TAMANHO
RELATORIO
TAMANHO
CADASTRAR,00000001240,Bruno Oliveira,1972-05-09
CADASTRAR,00000001241,Carlos Silva,1983-04-18
BUSCAR,00000000618
ENTRADA,00000000899,2
BUSCAR,00000000068
TAMANHO
CHAMAR
ENTRADA,00000000560,3
ENTRADA,00000000034,2
ENTRADA,00000000073,1
ENTRADA,00000000071,2
RELATORIO
RELATORIO
CADASTRAR,00000001253,Eduardo Ferreira,1973-10-06
CADASTRAR,00000001254,Carlos Ferreira,1999-05-02
CADASTRAR,00000001255,Daniela Oliveira,1979-06-27
ENTRADA,00000001240,2
CHAMAR
BUSCAR,00000000240
CHAMAR
ENTRADA,00000000339,1
CHAMAR
DESISTIR,00000000092
BUSCAR,00000000069
BUSCAR,00000000521
CADASTRAR,00000001265,Daniela Costa,1981-02-27
CHAMAR
CADASTRAR,00000001267,Bruno Costa,1973-10-08
CHAMAR
CADASTRAR,00000001269,Carlos Souza,1987-03-13
CADASTRAR,00000001270,Helena Ferreira,1980-06-07
CHAMAR
CHAMAR
CADASTRAR,00000001273,Fernanda Costa,1984-02-22
DESISTIR,00000000526
CHAMAR
BUSCAR,00000000292
CADASTRAR,00000001277,Helena Souza,1983-07-04
CADASTRAR,00000001278,Ana Lima,2000-03-10
DESISTIR,00000000067
CADASTRAR,00000001280,Daniela Santos,1982-12-13
CADASTRAR,00000001281,Daniela Rodrigues,1984-06-01
CHAMAR
ENTRADA,00000000281,1
CADASTRAR,00000001284,Bruno Lima,1988-01-12
CADASTRAR,00000001285,Fernanda Costa,1976-01-05
ENTRADA,00000000043,1
TAMANHO
BUSCAR,00000000687
CADASTRAR,00000001289,Bruno Oliveira,1977-06-08
BUSCAR,00000000141
BUSCAR,00000001265
TAMANHO
BUSCAR,00000000056
ENTRADA,00000000961,2
CADASTRAR,00000001295,Daniela Souza,1971-07-02
CADASTRAR,00000001296,Gabriel Souza,1995-05-08
BUSCAR,00000001044
BUSCAR,00000001005
TAMANHO
BUSCAR,00000000284
ENTRADA,00000001277,2
CHAMAR
ENTRADA,00000000064,1
BUSCAR,00000000097
CHAMAR
CHAMAR
BUSCAR,00000000022
BUSCAR,00000001010
BUSCAR,00000001003
BUSCAR,00000000757
BUSCAR,00000000494
CHAMAR
DESISTIR,00000000026
CADASTRAR,00000001314,Ana Ferreira,1972-03-22
BUSCAR,00000001003
CADASTRAR,00000001316,Ana Silva,1996-03-26
DESISTIR,00000001061
TAMANHO
ENTRADA,00000000081,3
TAMANHO
ENTRADA,00000000082,3
CHAMAR
DESISTIR,00000000028
CADASTRAR,00000001324,Ana Santos,1994-12-08
DESISTIR,00000000276
CHAMAR
BUSCAR,00000001007
BUSCAR,00000000465
CADASTRAR,00000001329,Gabriel Costa,1997-08-26
BUSCAR,00000001295
ENTRADA,00000000697,2
TAMANHO
RELATORIO
ENTRADA,00000000974,3
BUSCAR,00000000996
CADASTRAR,00000001336,Gabriel Ferreira,1987-03-05
BUSCAR,00000001014
CADASTRAR,00000001338,Ana Silva,1983-05-25
BUSCAR,00000000064
CADASTRAR,00000001340,Gabriel Ferreira,1987-10-21
DESISTIR,00000000034
CHAMAR
ENTRADA,00000000966,2
TAMANHO
BUSCAR,00000000093
CADASTRAR,00000001346,Gabriel Silva,2001-08-01
RELATORIO
TAMANHO
ENTRADA,00000000184,2
CADASTRAR,00000001350,Eduardo Lima,1998-10-06
ENTRADA,00000001253,2
CADASTRAR,00000001352,Helena Costa,1978-12-15
BUSCAR,00000001336
BUSCAR,00000000917
ENTRADA,00000000526,3
ENTRADA,00000001198,1
CADASTRAR,00000001357,Daniela Silva,1973-11-28
ENTRADA,00000000906,2
CADASTRAR,00000001359,Gabriel Ferreira,1975-12-21
CHAMAR
CHAMAR
BUSCAR,00000000236
BUSCAR,00000001064
ENTRADA,00000000319,2
TAMANHO
CADASTRAR,00000001366,Gabriel Souza,1981-07-28
ENTRADA,00000000079,3
CADASTRAR,00000001368,Daniela Ferreira,1973-05-07
CADASTRAR,00000001369,Eduardo Lima,1999-10-08
CADASTRAR,00000001370,Daniela Costa,1974-04-15
BUSCAR,00000001215
CHAMAR
CADASTRAR,00000001373,Carlos Santos,1977-11-19
BUSCAR,00000001369
CHAMAR
BUSCAR,00000000428
CADASTRAR,00000001377,Ana Souza,1986-05-23
ENTRADA,00000000270,3
TAMANHO
RELATORIO
CADASTRAR,00000001381,Bruno Silva,1998-06-14
TAMANHO
CADASTRAR,00000001383,Carlos Rodrigues,1975-11-04
CADASTRAR,00000001384,Carlos Souza,1974-07-02
TAMANHO
BUSCAR,00000000935
BUSCAR,00000000094
CADASTRAR,00000001388,Fernanda Souza,1989-05-01
CADASTRAR,00000001389,Daniela Santos,1994-03-18
CADASTRAR,00000001390,Eduardo Santos,1998-03-09
CADASTRAR,00000001391,Daniela Lima,1970-01-20
CADASTRAR,00000001392,Ana Oliveira,1970-08-19
TAMANHO
ENTRADA,00000000072,2
ENTRADA,00000001373,1
BUSCAR,00000000975
CHAMAR
CADASTRAR,00000001398,Ana Souza,1975-02-06
ENTRADA,00000001062,3
CHAMAR
BUSCAR,00000000415
TAMANHO
BUSCAR,00000000601
DESISTIR,00000000974
CHAMAR
BUSCAR,00000000064
CADASTRAR,00000001407,Eduardo Ferreira,1990-03-05
ENTRADA,00000000958,2
CADASTRAR,00000001409,Ana Oliveira,1970-02-08
CADASTRAR,00000001410,Fernanda Rodrigues,2005-12-21
CADASTRAR,00000001411,Daniela Ferreira,1971-03-15
CADASTRAR,00000001412,Ana Silva,1999-12-18
DESISTIR,00000000681
BUSCAR,00000000515
ENTRADA,00000000078,3
DESISTIR,00000000439
CADASTRAR,00000001417,Fernanda Rodrigues,1997-04-28
CADASTRAR,00000001418,Eduardo Lima,1982-07-12
CADASTRAR,00000001419,Carlos Silva,1985-06-21
CADASTRAR,00000001420,Helena Souza,1998-12-05
ENTRADA,00000001281,1
BUSCAR,00000001062
DESISTIR,00000000961
ENTRADA,00000000342,2
BUSCAR,00000001418
CADASTRAR,00000001426,Helena Lima,1994-10-21
BUSCAR,00000001366
CADASTRAR,00000001428,Fernanda Ferreira,1984-08-02
CHAMAR
ENTRADA,00000000009,2
CHAMAR
ENTRADA,00000001103,3
ENTRADA,00000001420,3
CADASTRAR,00000001434,Ana Santos,2001-09-20
BUSCAR,00000000236
ENTRADA,00000001368,1
BUSCAR,00000000034
BUSCAR,00000000319
ENTRADA,00000000286,3
CADASTRAR,00000001440,Gabriel Santos,1993-03-21
ENTRADA,00000000003,1
DESISTIR,00000000239
CHAMAR
ENTRADA,00000000007,1
CADASTRAR,00000001445,Fernanda Lima,1992-11-26
BUSCAR,00000001221
ENTRADA,00000000053,2
ENTRADA,00000000054,3
CHAMAR
BUSCAR,00000000044
RELATORIO
DESISTIR,00000000560
ENTRADA,00000000224,2
ENTRADA,00000000139,3
RELATORIO
ENTRADA,00000000061,3
CADASTRAR,00000001457,Carlos Lima,1978-09-19
ENTRADA,00000000546,3
TAMANHO
ENTRADA,00000000425,2
CHAMAR
BUSCAR,00000000261
DESISTIR,00000000697
TAMANHO
RELATORIO
CHAMAR
CADASTRAR,00000001467,Ana Oliveira,1981-04-04
RELATORIO
CADASTRAR,00000001469,Gabriel Souza,1994-05-01
BUSCAR,00000000530
ENTRADA,00000001031,1
CADASTRAR,00000001472,Eduardo Souza,1980-10-18
CADASTRAR,00000001473,Eduardo Silva,1992-01-17
ENTRADA,00000001338,3
CADASTRAR,00000001475,Ana Ferreira,1992-01-11
CHAMAR
DESISTIR,00000000319
ENTRADA,00000000180,2
CHAMAR
CADASTRAR,00000001480,Helena Silva,1995-09-20
CHAMAR
RELATORIO
ENTRADA,00000000713,2
ENTRADA,00000000656,2
BUSCAR,00000000013
CHAMAR
BUSCAR,00000000601
ENTRADA,00000000081,1
CADASTRAR,00000001489,Bruno Souza,1980-04-03
CHAMAR
ENTRADA,00000000040,2
CHAMAR
CADASTRAR,00000001493,Ana Santos,1981-09-12
BUSCAR,00000000757
CADASTRAR,00000001495,Fernanda Rodrigues,1974-09-23
ENTRADA,00000000151,3
BUSCAR,00000000739
CHAMAR
BUSCAR,00000000147
BUSCAR,00000000207
BUSCAR,00000000776
DESISTIR,00000000958
BUSCAR,00000001296
DESISTIR,00000000082
ENTRADA,00000000049,3
ENTRADA,00000000261,3
RELATORIO
CHAMAR
DESISTIR,00000000147
RELATORIO
CADASTRAR,00000001511,Eduardo Lima,1970-07-04
BUSCAR,00000000818
ENTRADA,00000000130,3
CADASTRAR,00000001514,Ana Silva,2005-04-05
BUSCAR,00000000534
RELATORIO
ENTRADA,00000000303,1
ENTRADA,00000001411,3
BUSCAR,00000000017
RELATORIO
CHAMAR
BUSCAR,00000000180
ENTRADA,00000000099,2
ENTRADA,00000001316,3
CHAMAR
RELATORIO
CADASTRAR,00000001527,Bruno Rodrigues,1986-02-19
DESISTIR,00000000281
CADASTRAR,00000001529,Fernanda Silva,2005-10-26
CHAMAR
CADASTRAR,00000001531,Eduardo Costa,1992-02-04
BUSCAR,00000000739
CHAMAR
BUSCAR,00000001417
ENTRADA,00000001336,2
ENTRADA,00000000743,2
ENTRADA,00000000494,1
ENTRADA,00000001514,2
BUSCAR,00000001092
RELATORIO
CADASTRAR,00000001541,Carlos Silva,1981-12-25
CHAMAR
CHAMAR
CADASTRAR,00000001544,Gabriel Ferreira,2001-07-15
RELATORIO
CADASTRAR,00000001546,Helena Oliveira,1970-10-25
TAMANHO
BUSCAR,00000000656
ENTRADA,00000000760,3
TAMANHO
CADASTRAR,00000001551,Eduardo Costa,1976-06-22
CHAMAR
CADASTRAR,00000001553,Daniela Costa,1970-03-28
DESISTIR,00000001281
CHAMAR
CHAMAR
CHAMAR
CADASTRAR,00000001558,Eduardo Costa,1986-09-05
CHAMAR
BUSCAR,00000001440
ENTRADA,00000000327,2
CHAMAR
RELATORIO
CADASTRAR,00000001564,Fernanda Rodrigues,1993-10-20
CADASTRAR,00000001565,Carlos Rodrigues,1985-01-10
ENTRADA,00000000105,1
ENTRADA,00000000342,3
BUSCAR,00000000003
CADASTRAR,00000001569,Gabriel Oliveira,1973-03-03
ENTRADA,00000000067,1
ENTRADA,00000000264,1
ENTRADA,00000001551,1
CADASTRAR,00000001573,Carlos Souza,1988-04-04
ENTRADA,00000000238,1
CADASTRAR,00000001575,Carlos Santos,1999-10-26
DESISTIR,00000001420
BUSCAR,00000000442
ENTRADA,00000000737,2
BUSCAR,00000000096
BUSCAR,00000000719
BUSCAR,00000000054
RELATORIO
TAMANHO
DESISTIR,00000000007
ENTRADA,00000001172,1
DESISTIR,00000000546
CADASTRAR,00000001587,Gabriel Lima,1991-10-14
ENTRADA,00000001061,3
CADASTRAR,00000001589,Daniela Lima,1982-08-07
DESISTIR,00000000286
CHAMAR
BUSCAR,00000000276
ENTRADA,00000000072,2
CHAMAR
CADASTRAR,00000001595,Eduardo Santos,1999-09-27
CADASTRAR,00000001596,Ana Lima,1994-10-26
ENTRADA,00000001115,3
BUSCAR,00000000707
BUSCAR,00000000996
CADASTRAR,00000001600,Fernanda Silva,1989-11-16
RELATORIO
ENTRADA,00000000401,1
ENTRADA,00000001369,2
BUSCAR,00000000583
CADASTRAR,00000001605,Gabriel Ferreira,2004-08-26
CADASTRAR,00000001606,Carlos Silva,2000-02-09
ENTRADA,00000000336,3
TAMANHO
CADASTRAR,00000001609,Gabriel Costa,2001-07-20
ENTRADA,00000000934,2
BUSCAR,00000001267
TAMANHO
RELATORIO
ENTRADA,00000000524,1
ENTRADA,00000001088,1
CADASTRAR,00000001616,Ana Oliveira,1992-12-23
BUSCAR,00000000317
ENTRADA,00000000087,2
ENTRADA,00000001480,1
CHAMAR
CHAMAR
ENTRADA,00000001338,3
ENTRADA,00000001605,3
CHAMAR
CADASTRAR,00000001625,Fernanda Rodrigues,1974-10-21
RELATORIO
BUSCAR,00000000776
ENTRADA,00000000047,1
CADASTRAR,00000001629,Daniela Oliveira,2002-02-01
ENTRADA,00000001373,2
ENTRADA,00000000303,1
TAMANHO
CHAMAR
CADASTRAR,00000001634,Ana Silva,2004-01-15
RELATORIO
ENTRADA,00000001338,1
RELATORIO
CHAMAR
CADASTRAR,00000001639,Bruno Rodrigues,1974-07-01
CADASTRAR,00000001640,Ana Costa,1989-10-27
CADASTRAR,00000001641,Daniela Souza,1970-10-03
BUSCAR,00000000862
CHAMAR
BUSCAR,00000001370
CHAMAR
BUSCAR,00000000966
CADASTRAR,00000001647,Gabriel Silva,1970-12-11
TAMANHO
RELATORIO
CADASTRAR,00000001650,Carlos Ferreira,1994-07-03
BUSCAR,00000000226
ENTRADA,00000001316,1
CADASTRAR,00000001653,Helena Ferreira,1995-12-14
BUSCAR,00000000296
CHAMAR
ENTRADA,00000001003,2
TAMANHO
CADASTRAR,00000001658,Helena Ferreira,1999-08-28
ENTRADA,00000000585,2
CADASTRAR,00000001660,Bruno Souza,1999-09-23
ENTRADA,00000000064,2
DESISTIR,00000001368
RELATORIO
CHAMAR
BUSCAR,00000000241
CHAMAR
CADASTRAR,00000001667,Carlos Oliveira,1970-12-05
ENTRADA,00000000818,1
RELATORIO
ENTRADA,00000000252,2
CADASTRAR,00000001671,Eduardo Rodrigues,1984-11-28
RELATORIO
CHAMAR
BUSCAR,00000000743
BUSCAR,00000000339
ENTRADA,00000000908,2
CHAMAR
BUSCAR,00000000554
BUSCAR,00000000241
CHAMAR
TAMANHO
CADASTRAR,00000001682,Ana Oliveira,1989-11-07
RELATORIO
ENTRADA,00000001031,3
ENTRADA,00000000404,2
CHAMAR
ENTRADA,00000001417,2
BUSCAR,00000001370
CADASTRAR,00000001689,Eduardo Silva,1996-03-28
ENTRADA,00000000167,3
BUSCAR,00000001412
BUSCAR,00000001316
CHAMAR
CADASTRAR,00000001694,Eduardo Santos,1991-11-22
CHAMAR
CADASTRAR,00000001696,Carlos Santos,1983-07-15
ENTRADA,00000000167,2
CADASTRAR,00000001698,Bruno Silva,1996-12-05
BUSCAR,00000000515
ENTRADA,00000001660,1
BUSCAR,00000000098
ENTRADA,00000001564,1
ENTRADA,00000000264,1
ENTRADA,00000000989,3
CADASTRAR,00000001705,Gabriel Lima,1988-09-01
TAMANHO
ENTRADA,00000001055,3
CHAMAR
ENTRADA,00000001203,3
ENTRADA,00000000415,1
BUSCAR,00000000078
ENTRADA,00000001173,2
ENTRADA,00000001088,2
ENTRADA,00000000045,2
CADASTRAR,00000001715,Fernanda Souza,1998-04-27
CADASTRAR,00000001716,Bruno Souza,1997-06-21
CHAMAR
TAMANHO
RELATORIO
ENTRADA,00000000626,2
BUSCAR,00000000989
CHAMAR
CHAMAR
BUSCAR,00000000679
ENTRADA,00000000255,1
CHAMAR
CHAMAR
BUSCAR,00000001391
CHAMAR
ENTRADA,00000001329,3
BUSCAR,00000000961
BUSCAR,00000000048
CADASTRAR,00000001733,Fernanda Santos,1992-10-03
BUSCAR,00000000890
CADASTRAR,00000001735,Carlos Silva,1998-03-08
CADASTRAR,00000001736,Bruno Lima,1979-04-19
CHAMAR
CHAMAR
ENTRADA,00000000325,2
CADASTRAR,00000001740,Daniela Souza,1991-03-19
RELATORIO
BUSCAR,00000001410
CHAMAR
ENTRADA,00000000080,3
ENTRADA,00000001370,3
BUSCAR,00000001232
ENTRADA,00000001107,1
ENTRADA,00000001553,2
TAMANHO
ENTRADA,00000000169,1
CADASTRAR,00000001751,Daniela Rodrigues,2000-02-23
CADASTRAR,00000001752,Carlos Ferreira,1995-10-23
CHAMAR
CADASTRAR,00000001754,Fernanda Silva,1972-11-23
ENTRADA,00000000960,3
CADASTRAR,00000001756,Bruno Oliveira,1986-08-11
CADASTRAR,00000001757,Eduardo Souza,1987-10-27
CADASTRAR,00000001758,Fernanda Lima,1971-07-25
DESISTIR,00000000989
CADASTRAR,00000001760,Bruno Oliveira,1983-10-25
TAMANHO
CADASTRAR,00000001762,Bruno Rodrigues,2004-10-24
RELATORIO
CHAMAR
CHAMAR
DESISTIR,00000001551
TAMANHO
ENTRADA,00000001357,2
ENTRADA,00000000581,2
ENTRADA,00000001467,2
ENTRADA,00000001253,1
RELATORIO
ENTRADA,00000000899,3
ENTRADA,00000001082,2
CHAMAR
RELATORIO
DESISTIR,00000000081
RELATORIO
CADASTRAR,00000001779,Daniela Costa,1981-12-15
BUSCAR,00000000184
CADASTRAR,00000001781,Eduardo Ferreira,2001-07-08
CHAMAR
BUSCAR,00000001057
CADASTRAR,00000001784,Bruno Santos,1982-12-04
BUSCAR,00000000141
RELATORIO
ENTRADA,00000001639,2
TAMANHO
DESISTIR,00000000049
CADASTRAR,00000001790,Fernanda Lima,1995-07-14
CADASTRAR,00000001791,Carlos Lima,2000-09-19
CADASTRAR,00000001792,Carlos Oliveira,1980-03-03
BUSCAR,00000001647
CADASTRAR,00000001794,Eduardo Costa,1994-01-02
CADASTRAR,00000001795,Carlos Silva,1980-07-18
BUSCAR,00000000917
CHAMAR
BUSCAR,00000000442
CADASTRAR,00000001799,Fernanda Ferreira,1997-03-02
BUSCAR,00000001606
CADASTRAR,00000001801,Eduardo Costa,1981-04-05
BUSCAR,00000000930
CADASTRAR,00000001803,Bruno Oliveira,1994-11-15
CADASTRAR,00000001804,Eduardo Lima,1990-09-03
BUSCAR,00000000350
CHAMAR
RELATORIO
BUSCAR,00000001366
ENTRADA,00000000678,3
ENTRADA,00000001616,3
BUSCAR,00000000060
CADASTRAR,00000001812,Bruno Silva,1973-05-28
CADASTRAR,00000001813,Eduardo Rodrigues,1990-06-17
CADASTRAR,00000001814,Fernanda Lima,1970-11-28
ENTRADA,00000001232,3
ENTRADA,00000001346,3
TAMANHO
BUSCAR,00000000439
RELATORIO
ENTRADA,00000001036,2
CADASTRAR,00000001821,Bruno Santos,1980-02-07
CADASTRAR,00000001822,Ana Santos,2005-04-15
CHAMAR
BUSCAR,00000001278
CADASTRAR,00000001825,Bruno Ferreira,1990-08-14
CADASTRAR,00000001826,Bruno Souza,1980-10-11
CADASTRAR,00000001827,Helena Oliveira,1999-10-15
ENTRADA,00000000280,2
BUSCAR,00000001531
BUSCAR,00000000056
BUSCAR,00000000515
CADASTRAR,00000001832,Gabriel Silva,1972-01-17
BUSCAR,00000001338
ENTRADA,00000001368,2
CADASTRAR,00000001835,Carlos Lima,1970-09-13
BUSCAR,00000000948
CADASTRAR,00000001837,Daniela Silva,1974-06-07
BUSCAR,00000000273
CHAMAR
CADASTRAR,00000001840,Eduardo Silva,1986-07-10
ENTRADA,00000001005,2
BUSCAR,00000000598
CADASTRAR,00000001843,Helena Costa,2000-07-25
ENTRADA,00000001605,2
TAMANHO
CHAMAR
BUSCAR,00000000697
BUSCAR,00000000095
BUSCAR,00000000046
RELATORIO
CHAMAR
ENTRADA,00000001760,1
BUSCAR,00000001469
CADASTRAR,00000001854,Carlos Costa,1975-09-22
ENTRADA,00000000239,1
CADASTRAR,00000001856,Fernanda Silva,2002-01-11
DESISTIR,00000000899
CADASTRAR,00000001858,Daniela Ferreira,2004-03-10
RELATORIO
BUSCAR,00000000899
ENTRADA,00000001270,1
ENTRADA,00000000187,1
BUSCAR,00000001280
ENTRADA,00000001514,1
ENTRADA,00000000958,3
RELATORIO
BUSCAR,00000001551
RELATORIO
BUSCAR,00000000935
ENTRADA,00000000856,1
ENTRADA,00000000410,2
BUSCAR,00000000020
ENTRADA,00000001340,3
CADASTRAR,00000001874,Bruno Costa,1982-08-24
BUSCAR,00000001667
BUSCAR,00000001495
ENTRADA,00000000656,1
RELATORIO
CHAMAR
CADASTRAR,00000001880,Ana Costa,1973-06-02
TAMANHO
BUSCAR,00000001716
BUSCAR,00000001042
BUSCAR,00000000142
ENTRADA,00000000601,1
CHAMAR
CHAMAR
DESISTIR,00000001411
ENTRADA,00000001616,2
ENTRADA,00000000039,1
CHAMAR
BUSCAR,00000000719
CADASTRAR,00000001893,Carlos Silva,1972-11-12
CHAMAR
CADASTRAR,00000001895,Ana Ferreira,1985-03-25
ENTRADA,00000000601,2
ENTRADA,00000000934,3
CHAMAR
ENTRADA,00000000207,2
CADASTRAR,00000001900,Gabriel Santos,1986-07-03
TAMANHO
ENTRADA,00000001804,1
CHAMAR
CADASTRAR,00000001904,Ana Oliveira,2001-03-17
CHAMAR
ENTRADA,00000001410,3
CHAMAR
BUSCAR,00000000470
ENTRADA,00000000699,3
BUSCAR,00000000017
ENTRADA,00000000342,1
DESISTIR,00000000047
CADASTRAR,00000001913,Carlos Silva,1977-08-17
CADASTRAR,00000001914,Gabriel Souza,1999-12-21
ENTRADA,00000000284,2
ENTRADA,00000000560,2
CADASTRAR,00000001917,Ana Costa,1995-07-28
BUSCAR,00000000348
ENTRADA,00000000217,2
CADASTRAR,00000001920,Fernanda Lima,1978-03-20
RELATORIO
ENTRADA,00000000776,2
ENTRADA,00000001434,1
CHAMAR
TAMANHO
CADASTRAR,00000001926,Bruno Souza,1981-04-08
BUSCAR,00000000100
CADASTRAR,00000001928,Daniela Silva,1972-04-06
CHAMAR
CADASTRAR,00000001930,Fernanda Oliveira,1976-03-03
BUSCAR,00000001814
CADASTRAR,00000001932,Gabriel Costa,1999-03-03
TAMANHO
RELATORIO
BUSCAR,00000001735
DESISTIR,00000000327
ENTRADA,00000001751,3
TAMANHO
ENTRADA,00000000056,2
CADASTRAR,00000001940,Bruno Rodrigues,1976-11-21
ENTRADA,00000001801,2
CADASTRAR,00000001942,Gabriel Santos,1997-06-23
CADASTRAR,00000001943,Gabriel Lima,1999-11-13
CADASTRAR,00000001944,Daniela Santos,1988-06-16
CHAMAR
CADASTRAR,00000001946,Gabriel Santos,1979-12-11
BUSCAR,00000001232
DESISTIR,00000001031
CADASTRAR,00000001949,Bruno Ferreira,1981-03-18
ENTRADA,00000000975,1
RELATORIO
BUSCAR,00000000387
CADASTRAR,00000001953,Gabriel Costa,1993-10-22
TAMANHO
CADASTRAR,00000001955,Fernanda Santos,1986-05-22
CADASTRAR,00000001956,Carlos Santos,2003-10-24
CADASTRAR,00000001957,Eduardo Silva,1985-04-18
CADASTRAR,00000001958,Daniela Souza,1981-01-06
BUSCAR,00000001799
ENTRADA,00000000854,1
CADASTRAR,00000001961,Gabriel Souza,1997-08-06
BUSCAR,00000000576
CHAMAR
ENTRADA,00000001284,1
ENTRADA,00000001329,3
BUSCAR,00000001041
CHAMAR
ENTRADA,00000000891,1
CHAMAR
CHAMAR
BUSCAR,00000000279
CADASTRAR,00000001972,Ana Santos,1990-08-19
RELATORIO
CADASTRAR,00000001974,Carlos Costa,1983-06-19
CADASTRAR,00000001975,Bruno Souza,1971-05-11
CHAMAR
CADASTRAR,00000001977,Fernanda Costa,1985-05-07
BUSCAR,00000001127
BUSCAR,00000000081
CADASTRAR,00000001980,Daniela Silva,1993-09-25
CADASTRAR,00000001981,Gabriel Oliveira,1983-06-28
BUSCAR,00000000213
BUSCAR,00000001822
CHAMAR
ENTRADA,00000000308,2
CADASTRAR,00000001986,Daniela Costa,1985-01-16
CADASTRAR,00000001987,Fernanda Oliveira,2002-07-25
ENTRADA,00000001980,1
BUSCAR,00000001092
CADASTRAR,00000001990,Gabriel Santos,1988-01-07
DESISTIR,00000001088
CHAMAR
CHAMAR
CADASTRAR,00000001994,Helena Costa,1998-09-18
BUSCAR,00000000540
ENTRADA,00000001232,3
ENTRADA,00000001757,3
CHAMAR
ENTRADA,00000000081,1
RELATORIO
CHAMAR
RELATORIO
ENTRADA,00000001801,1
CADASTRAR,00000002004,Ana Souza,2002-08-22
TAMANHO
ENTRADA,00000000336,3
ENTRADA,00000000027,1
ENTRADA,00000001004,1
DESISTIR,00000000039
ENTRADA,00000000024,2
ENTRADA,00000001126,3
BUSCAR,00000001083
CHAMAR
BUSCAR,00000000025
BUSCAR,00000000070
RELATORIO
TAMANHO
BUSCAR,00000001756
CHAMAR
RELATORIO
ENTRADA,00000001085,2
ENTRADA,00000001986,1
ENTRADA,00000000296,1
ENTRADA,00000000485,1
CADASTRAR,00000002025,Bruno Rodrigues,1991-11-21
RELATORIO
ENTRADA,00000000076,1
ENTRADA,00000000049,3
BUSCAR,00000001489
ENTRADA,00000001107,2
ENTRADA,00000001961,3
ENTRADA,00000000278,2
CHAMAR
BUSCAR,00000001420
ENTRADA,00000000346,1
CHAMAR
DESISTIR,00000001232
CHAMAR
CADASTRAR,00000002039,Helena Silva,2002-08-14
DESISTIR,00000000167
TAMANHO
CADASTRAR,00000002042,Bruno Costa,1996-10-07
DESISTIR,00000000187
CHAMAR
ENTRADA,00000000697,1
CADASTRAR,00000002046,Helena Santos,1977-08-09
BUSCAR,00000001609
BUSCAR,00000000051
RELATORIO
CHAMAR
ENTRADA,00000000661,1
CHAMAR
BUSCAR,00000000506
CADASTRAR,00000002054,Carlos Oliveira,2003-03-06
BUSCAR,00000001944
CADASTRAR,00000002056,Carlos Santos,2004-07-11
CADASTRAR,00000002057,Fernanda Oliveira,1981-12-19
CADASTRAR,00000002058,Ana Silva,1975-01-22
DESISTIR,00000001085
BUSCAR,00000001760
BUSCAR,00000000026
CADASTRAR,00000002062,Helena Ferreira,1970-08-18
CADASTRAR,00000002063,Daniela Costa,1998-09-24
BUSCAR,00000000787
RELATORIO
CHAMAR
DESISTIR,00000000325
CADASTRAR,00000002068,Carlos Oliveira,1988-10-01
DESISTIR,00000000346
BUSCAR,00000001352
ENTRADA,00000001856,1
CADASTRAR,00000002072,Helena Silva,1971-03-01
ENTRADA,00000000366,1
ENTRADA,00000001756,2
ENTRADA,00000000626,2
DESISTIR,00000000697
CADASTRAR,00000002077,Daniela Oliveira,1980-07-18
BUSCAR,00000000002
CADASTRAR,00000002079,Helena Lima,1981-12-27
ENTRADA,00000001735,1
TAMANHO
ENTRADA,00000000247,3
CADASTRAR,00000002083,Ana Rodrigues,1981-02-15
RELATORIO
ENTRADA,00000001034,2
ENTRADA,00000002072,3
BUSCAR,00000000083
BUSCAR,00000000027
CHAMAR
TAMANHO
RELATORIO
BUSCAR,00000001926
BUSCAR,00000001799
CHAMAR
CADASTRAR,00000002095,Bruno Silva,1985-05-10
ENTRADA,00000001980,2
ENTRADA,00000001083,3
CADASTRAR,00000002098,Daniela Ferreira,1983-02-28
CHAMAR
RELATORIO
BUSCAR,00000000354
ENTRADA,00000001616,3
DESISTIR,00000001340
CHAMAR
BUSCAR,00000000781
CADASTRAR,00000002106,Helena Ferreira,1977-08-13
BUSCAR,00000001843
CADASTRAR,00000002108,Eduardo Costa,1976-11-21
CADASTRAR,00000002109,Fernanda Costa,1974-03-18
BUSCAR,00000001359
CHAMAR
CADASTRAR,00000002112,Fernanda Costa,2003-12-11
BUSCAR,00000001273
ENTRADA,00000000241,2
ENTRADA,00000000793,2
RELATORIO
CADASTRAR,00000002117,Ana Santos,1998-08-07
CADASTRAR,00000002118,Ana Lima,1980-03-21
CADASTRAR,00000002119,Gabriel Ferreira,1979-03-24
DESISTIR,00000001564
ENTRADA,00000000666,3
ENTRADA,00000000138,2
TAMANHO
BUSCAR,00000000336
ENTRADA,00000000146,1
CHAMAR
CADASTRAR,00000002127,Carlos Souza,1973-08-13
CADASTRAR,00000002128,Gabriel Lima,2004-10-07
CHAMAR
ENTRADA,00000000884,1
ENTRADA,00000000906,3
CADASTRAR,00000002132,Fernanda Oliveira,1978-09-19
RELATORIO
CADASTRAR,00000002134,Eduardo Costa,1987-06-02
BUSCAR,00000000286
ENTRADA,00000000642,3
CHAMAR
CHAMAR
ENTRADA,00000001267,2
RELATORIO
ENTRADA,00000000998,3
DESISTIR,00000000342
BUSCAR,00000001794
CHAMAR
ENTRADA,00000001795,1
BUSCAR,00000001390
CADASTRAR,00000002147,Daniela Oliveira,1984-06-13
BUSCAR,00000001359
CADASTRAR,00000002149,Ana Costa,1975-01-28
ENTRADA,00000000746,2
ENTRADA,00000001822,2
CADASTRAR,00000002152,Helena Oliveira,2000-09-04
ENTRADA,00000000013,3
CHAMAR
CADASTRAR,00000002155,Bruno Santos,1984-06-27
TAMANHO
ENTRADA,00000001044,1
BUSCAR,00000000677
CHAMAR
ENTRADA,00000001682,2
CHAMAR
CHAMAR
BUSCAR,00000000280
ENTRADA,00000000713,1
BUSCAR,00000000887
CADASTRAR,00000002166,Fernanda Oliveira,1997-02-09
CADASTRAR,00000002167,Bruno Ferreira,1970-04-21
ENTRADA,00000000082,1
CADASTRAR,00000002169,Bruno Ferreira,1982-07-16
DESISTIR,00000000027
BUSCAR,00000001370
CADASTRAR,00000002172,Bruno Oliveira,2000-11-27
TAMANHO
ENTRADA,00000000215,1
RELATORIO
BUSCAR,00000000280
BUSCAR,00000001553
ENTRADA,00000001440,2
TAMANHO
CHAMAR
ENTRADA,00000000626,2
BUSCAR,00000001990
ENTRADA,00000001265,3
CADASTRAR,00000002184,Gabriel Santos,1990-08-06
RELATORIO
BUSCAR,00000000046
DESISTIR,00000000024
CADASTRAR,00000002188,Ana Silva,2004-12-08
CHAMAR
BUSCAR,00000000521
ENTRADA,00000000128,2
ENTRADA,00000000146,3
TAMANHO
ENTRADA,00000001269,1
TAMANHO
CHAMAR
ENTRADA,00000001255,3
BUSCAR,00000000078
TAMANHO
ENTRADA,00000001314,1
TAMANHO
CADASTRAR,00000002202,Daniela Silva,1970-02-17
RELATORIO
BUSCAR,00000002106
ENTRADA,00000000098,2
CHAMAR
CHAMAR
RELATORIO
ENTRADA,00000000006,1
CADASTRAR,00000002210,Helena Oliveira,1971-08-17
ENTRADA,00000000553,2
BUSCAR,00000000083
BUSCAR,00000001255
CHAMAR
CHAMAR
BUSCAR,00000001196
BUSCAR,00000000470
ENTRADA,00000000666,2
BUSCAR,00000000524
BUSCAR,00000001589
BUSCAR,00000000218
ENTRADA,00000002046,2
ENTRADA,00000001575,2
BUSCAR,00000001715
BUSCAR,00000000097
CADASTRAR,00000002226,Eduardo Ferreira,1982-06-26
CADASTRAR,00000002227,Daniela Silva,1989-09-16
RELATORIO
ENTRADA,00000000147,1
CADASTRAR,00000002230,Fernanda Costa,1983-07-19
BUSCAR,00000001289
CADASTRAR,00000002232,Ana Rodrigues,1995-02-08
ENTRADA,00000001990,2
BUSCAR,00000001133
BUSCAR,00000001383
ENTRADA,00000001895,1
CADASTRAR,00000002237,Daniela Silva,1976-02-27
CHAMAR
CADASTRAR,00000002239,Fernanda Oliveira,1981-10-15
BUSCAR,00000001388
CADASTRAR,00000002241,Ana Rodrigues,1980-01-04
CADASTRAR,00000002242,Daniela Lima,2005-09-16
CADASTRAR,00000002243,Eduardo Oliveira,1977-06-17
TAMANHO
DESISTIR,00000002046
BUSCAR,00000000336
CADASTRAR,00000002247,Fernanda Ferreira,1997-09-19
CHAMAR
DESISTIR,00000000626
ENTRADA,00000000078,3
CHAMAR
BUSCAR,00000002169
BUSCAR,00000001215
TAMANHO
CHAMAR
CADASTRAR,00000002256,Gabriel Ferreira,2003-07-10
CADASTRAR,00000002257,Eduardo Santos,1984-07-25
BUSCAR,00000000316
BUSCAR,00000000060
ENTRADA,00000001388,2
BUSCAR,00000002057
ENTRADA,00000000013,1
CADASTRAR,00000002263,Ana Ferreira,1973-03-21
CHAMAR
CADASTRAR,00000002265,Carlos Oliveira,2003-02-23
CADASTRAR,00000002266,Eduardo Lima,1992-12-26
CHAMAR
ENTRADA,00000001957,3
ENTRADA,00000001221,1
CADASTRAR,00000002270,Carlos Oliveira,1975-02-11
CADASTRAR,00000002271,Helena Rodrigues,1993-06-03
CADASTRAR,00000002272,Helena Oliveira,1976-01-18
DESISTIR,00000001801
BUSCAR,00000000880
CHAMAR
CADASTRAR,00000002276,Gabriel Ferreira,1975-07-04
CADASTRAR,00000002277,Bruno Silva,2005-02-24
ENTRADA,00000000017,3
ENTRADA,00000000092,2
CADASTRAR,00000002280,Daniela Souza,1977-04-15
BUSCAR,00000001564
ENTRADA,00000002106,1
CADASTRAR,00000002283,Ana Oliveira,1976-04-05
CHAMAR
CADASTRAR,00000002285,Helena Ferreira,1976-02-24
CHAMAR
TAMANHO
ENTRADA,00000000818,2
BUSCAR,00000001658
CADASTRAR,00000002290,Bruno Rodrigues,1974-10-11
CADASTRAR,00000002291,Helena Lima,1983-07-10
ENTRADA,00000000890,3
BUSCAR,00000001609
ENTRADA,00000000348,1
ENTRADA,00000000073,3
ENTRADA,00000000554,1
CADASTRAR,00000002297,Bruno Ferreira,1991-01-01
DESISTIR,00000002106
ENTRADA,00000001832,3
BUSCAR,00000001473
ENTRADA,00000000204,1
ENTRADA,00000001409,3
ENTRADA,00000000428,2
BUSCAR,00000001784
ENTRADA,00000001696,3
BUSCAR,00000000658
CHAMAR
BUSCAR,00000001316
BUSCAR,00000002108
ENTRADA,00000001756,3
BUSCAR,00000000205
CADASTRAR,00000002312,Helena Lima,1975-05-22
CADASTRAR,00000002313,Daniela Souza,1984-07-10
ENTRADA,00000002039,1
CHAMAR
ENTRADA,00000000174,1
RELATORIO
CADASTRAR,00000002318,Fernanda Costa,1972-07-07
CHAMAR
ENTRADA,00000000092,1
ENTRADA,00000000553,1
CHAMAR
CHAMAR
ENTRADA,00000002257,2
DESISTIR,00000001822
BUSCAR,00000002271
CADASTRAR,00000002327,Daniela Santos,1992-11-01
CADASTRAR,00000002328,Fernanda Santos,1981-03-04
CADASTRAR,00000002329,Eduardo Silva,1970-01-11
CHAMAR
BUSCAR,00000000597
BUSCAR,00000000180
CADASTRAR,00000002333,Helena Lima,1994-11-27
CADASTRAR,00000002334,Gabriel Rodrigues,2000-06-28
CADASTRAR,00000002335,Eduardo Santos,1989-03-07
BUSCAR,00000001990
CHAMAR
ENTRADA,00000002272,1
BUSCAR,00000001781
CHAMAR
CADASTRAR,00000002341,Fernanda Santos,1983-06-17
RELATORIO
CHAMAR
DESISTIR,00000001126
CHAMAR
ENTRADA,00000001794,2
CADASTRAR,00000002347,Bruno Santos,1983-06-15
ENTRADA,00000001280,1
ENTRADA,00000000031,3
ENTRADA,00000000998,1
BUSCAR,00000001756
BUSCAR,00000000601
CADASTRAR,00000002353,Gabriel Santos,1996-09-13
RELATORIO
RELATORIO
CHAMAR
ENTRADA,00000000043,1
CHAMAR
RELATORIO
BUSCAR,00000001270
TAMANHO
CHAMAR
CADASTRAR,00000002363,Ana Oliveira,1980-12-10
BUSCAR,00000002327
BUSCAR,00000001324
CHAMAR
ENTRADA,00000000327,1
CADASTRAR,00000002368,Carlos Lima,2004-05-09
CADASTRAR,00000002369,Bruno Rodrigues,2004-01-16
ENTRADA,00000001203,2
ENTRADA,00000000205,1
CHAMAR
ENTRADA,00000001698,1
CADASTRAR,00000002374,Daniela Costa,1977-08-02
CADASTRAR,00000002375,Daniela Oliveira,1975-04-28
CHAMAR
CADASTRAR,00000002377,Carlos Ferreira,1983-07-02
RELATORIO
ENTRADA,00000001949,1
BUSCAR,00000000067
ENTRADA,00000001949,2
CHAMAR
CHAMAR
CADASTRAR,00000002384,Ana Costa,1999-09-18
CADASTRAR,00000002385,Daniela Ferreira,1977-06-21
ENTRADA,00000002243,1
ENTRADA,00000001653,2
CADASTRAR,00000002388,Eduardo Lima,1985-07-25
CADASTRAR,00000002389,Daniela Costa,1982-11-09
ENTRADA,00000000067,2
CADASTRAR,00000002391,Bruno Costa,1981-10-27
ENTRADA,00000000083,3
BUSCAR,00000002333
CADASTRAR,00000002394,Ana Silva,1981-10-16
ENTRADA,00000001940,3
CHAMAR
CADASTRAR,00000002397,Bruno Rodrigues,1991-11-23
BUSCAR,00000002169
CADASTRAR,00000002399,Daniela Rodrigues,1980-07-19
TAMANHO
ENTRADA,00000000238,3
BUSCAR,00000000782
CADASTRAR,00000002403,Gabriel Santos,1980-02-11
BUSCAR,00000000080
ENTRADA,00000001874,3
RELATORIO
TAMANHO
BUSCAR,00000000712
BUSCAR,00000000412
DESISTIR,00000000485
ENTRADA,00000000514,1
ENTRADA,00000001944,2
ENTRADA,00000001511,2
CHAMAR
CHAMAR
BUSCAR,00000001606
CHAMAR
CHAMAR
BUSCAR,00000001480
ENTRADA,00000001469,2
CADASTRAR,00000002421,Gabriel Lima,2002-12-03
CADASTRAR,00000002422,Ana Silva,1975-10-09
BUSCAR,00000001049
CHAMAR
ENTRADA,00000001609,1
ENTRADA,00000000078,3
BUSCAR,00000000903
CADASTRAR,00000002428,Ana Costa,1995-02-27
CADASTRAR,00000002429,Bruno Costa,1991-11-16
CADASTRAR,00000002430,Ana Costa,1995-01-13
ENTRADA,00000000044,2
ENTRADA,00000002063,1
ENTRADA,00000001426,2
RELATORIO
DESISTIR,00000001949
BUSCAR,00000000743
BUSCAR,00000000217
CADASTRAR,00000002438,Fernanda Souza,1999-12-03
BUSCAR,00000001269
ENTRADA,00000002242,2
RELATORIO
ENTRADA,00000002155,2
CADASTRAR,00000002443,Fernanda Ferreira,1989-03-06
BUSCAR,00000002277
CADASTRAR,00000002445,Daniela Costa,1983-06-02
CADASTRAR,00000002446,Bruno Silva,1988-08-09
BUSCAR,00000000783
ENTRADA,00000001716,1
BUSCAR,00000002237
CHAMAR
BUSCAR,00000000017
CADASTRAR,00000002452,Gabriel Santos,1983-11-28
CHAMAR
BUSCAR,00000000645
RELATORIO
CADASTRAR,00000002456,Ana Silva,2000-12-16
ENTRADA,00000001671,2
CADASTRAR,00000002458,Bruno Santos,1991-04-21
CADASTRAR,00000002459,Bruno Costa,1976-07-19
BUSCAR,00000001716
BUSCAR,00000001975
CADASTRAR,00000002462,Bruno Souza,1998-05-03
ENTRADA,00000002057,3
BUSCAR,00000001682
BUSCAR,00000000259
CADASTRAR,00000002466,Daniela Souza,1974-04-12
CADASTRAR,00000002467,Bruno Ferreira,1971-11-22
RELATORIO
CADASTRAR,00000002469,Bruno Oliveira,1988-05-14
CADASTRAR,00000002470,Ana Rodrigues,1976-09-23
ENTRADA,00000001589,1
CHAMAR
CADASTRAR,00000002473,Eduardo Costa,2005-11-11
CADASTRAR,00000002474,Bruno Lima,1974-05-04
DESISTIR,00000000296
CHAMAR
ENTRADA,00000000067,1
BUSCAR,00000001531
TAMANHO
TAMANHO
CHAMAR
BUSCAR,00000001803
ENTRADA,00000001014,1
BUSCAR,00000000089
ENTRADA,00000001605,3
RELATORIO
CHAMAR
ENTRADA,00000000040,2
TAMANHO
BUSCAR,00000000554
TAMANHO
ENTRADA,00000001265,2
CADASTRAR,00000002493,Bruno Silva,1974-09-16
CADASTRAR,00000002494,Carlos Souza,1988-07-03
BUSCAR,00000000739
ENTRADA,00000001426,1
ENTRADA,00000002438,2
BUSCAR,00000001133
BUSCAR,00000000015
CHAMAR
BUSCAR,00000002341
ENTRADA,00000000084,2
TAMANHO
TAMANHO
CADASTRAR,00000002505,Helena Silva,2001-05-27
CADASTRAR,00000002506,Fernanda Santos,1976-09-07
CHAMAR
CADASTRAR,00000002508,Daniela Santos,2003-02-15
ENTRADA,00000000336,2
RELATORIO
BUSCAR,00000000077
BUSCAR,00000001529
ENTRADA,00000001036,3
ENTRADA,00000000501,2
CHAMAR
ENTRADA,00000001340,2
CHAMAR
CHAMAR
CADASTRAR,00000002519,Eduardo Rodrigues,1997-06-23
CADASTRAR,00000002520,Carlos Souza,1971-01-01
ENTRADA,00000000021,3
ENTRADA,00000000048,1
CADASTRAR,00000002523,Ana Ferreira,1990-10-15
CADASTRAR,00000002524,Ana Lima,1973-12-08
BUSCAR,00000001042
ENTRADA,00000000065,2
ENTRADA,00000001616,1
ENTRADA,00000002469,3
ENTRADA,00000002056,3
RELATORIO
ENTRADA,00000000204,2
BUSCAR,00000000638
CHAMAR
BUSCAR,00000001949
DESISTIR,00000001440
ENTRADA,00000001049,3
ENTRADA,00000000142,2
BUSCAR,00000001589
CADASTRAR,00000002539,Eduardo Ferreira,1991-10-07
BUSCAR,00000000276
ENTRADA,00000000465,3
TAMANHO
BUSCAR,00000001044
BUSCAR,00000002394
CADASTRAR,00000002545,Eduardo Costa,1982-03-17
CADASTRAR,00000002546,Carlos Silva,1992-07-14
RELATORIO
DESISTIR,00000000078
RELATORIO
BUSCAR,00000002242
CADASTRAR,00000002551,Gabriel Souza,1975-04-10
ENTRADA,00000001092,1
DESISTIR,00000000092
CHAMAR
CADASTRAR,00000002555,Daniela Costa,1981-07-24
ENTRADA,00000001381,3
CADASTRAR,00000002557,Helena Santos,1977-03-19
ENTRADA,00000001278,2
CHAMAR
CADASTRAR,00000002560,Bruno Ferreira,1970-07-17
CADASTRAR,00000002561,Fernanda Souza,1990-06-19
ENTRADA,00000001131,3
ENTRADA,00000000560,3
CHAMAR
CADASTRAR,00000002565,Eduardo Lima,1972-02-10
CHAMAR
ENTRADA,00000001495,1
ENTRADA,00000000195,1
ENTRADA,00000000975,2
CADASTRAR,00000002570,Gabriel Silva,2003-05-05
CADASTRAR,00000002571,Bruno Rodrigues,1985-08-07
CHAMAR
ENTRADA,00000000506,1
RELATORIO
CADASTRAR,00000002575,Eduardo Souza,1986-12-12
CHAMAR
CHAMAR
TAMANHO
CADASTRAR,00000002579,Daniela Lima,1974-08-26
CADASTRAR,00000002580,Daniela Ferreira,1975-09-10
DESISTIR,00000000465
TAMANHO
ENTRADA,00000001044,2
DESISTIR,00000001961
BUSCAR,00000001880
ENTRADA,00000002452,3
ENTRADA,00000000016,2
CADASTRAR,00000002588,Carlos Silva,1999-08-21
CADASTRAR,00000002589,Fernanda Silva,1979-04-16
CADASTRAR,00000002590,Bruno Santos,1984-11-13
CADASTRAR,00000002591,Daniela Costa,1974-12-16
ENTRADA,00000001267,3
CHAMAR
CADASTRAR,00000002594,Carlos Oliveira,1990-06-03
CHAMAR
CADASTRAR,00000002596,Bruno Silva,1985-09-18
ENTRADA,00000001232,1
ENTRADA,00000002369,2
ENTRADA,00000001445,3
BUSCAR,00000001804
CHAMAR
CADASTRAR,00000002602,Carlos Ferreira,1990-01-04
ENTRADA,00000001752,1
ENTRADA,00000000880,1
ENTRADA,00000000075,3
CADASTRAR,00000002606,Fernanda Lima,1976-04-21
ENTRADA,00000001606,2
BUSCAR,00000000945
DESISTIR,00000001795
CHAMAR
CADASTRAR,00000002611,Gabriel Lima,1994-09-16
ENTRADA,00000001551,1
ENTRADA,00000000010,1
ENTRADA,00000002291,3
CADASTRAR,00000002615,Daniela Lima,1984-12-25
ENTRADA,00000002242,1
BUSCAR,00000000494
CADASTRAR,00000002618,Eduardo Lima,1975-07-22
CADASTRAR,00000002619,Daniela Souza,1978-09-19
BUSCAR,00000002277
ENTRADA,00000002557,3
ENTRADA,00000000086,3
CHAMAR
BUSCAR,00000001407
BUSCAR,00000000466
CADASTRAR,00000002626,Helena Santos,1996-06-04
CHAMAR
CADASTRAR,00000002628,Daniela Rodrigues,2002-04-21
CHAMAR
DESISTIR,00000002557
ENTRADA,00000000055,3
TAMANHO
BUSCAR,00000001812
BUSCAR,00000001928
CHAMAR
CHAMAR
BUSCAR,00000002363
ENTRADA,00000001930,2
TAMANHO
CHAMAR
CHAMAR
DESISTIR,00000001930
CADASTRAR,00000002643,Fernanda Silva,1988-09-24
ENTRADA,00000002297,2
ENTRADA,00000001440,2
DESISTIR,00000001049
CHAMAR
BUSCAR,00000002056
TAMANHO
CADASTRAR,00000002650,Eduardo Silva,1988-01-03
ENTRADA,00000000818,2
CADASTRAR,00000002652,Gabriel Ferreira,1992-05-20
CHAMAR
BUSCAR,00000001944
DESISTIR,00000000092
BUSCAR,00000001920
CADASTRAR,00000002657,Carlos Costa,1974-05-11
CADASTRAR,00000002658,Bruno Silva,2003-12-14
BUSCAR,00000001316
RELATORIO
CADASTRAR,00000002661,Ana Ferreira,1989-07-13
CHAMAR
CADASTRAR,00000002663,Gabriel Souza,1988-04-05
ENTRADA,00000000990,2
BUSCAR,00000002403
CADASTRAR,00000002666,Helena Ferreira,2004-12-18
CHAMAR
RELATORIO
CHAMAR
RELATORIO
BUSCAR,00000001085
ENTRADA,00000002551,1
TAMANHO
DESISTIR,00000000067
CADASTRAR,00000002675,Gabriel Rodrigues,1979-02-12
RELATORIO
CADASTRAR,00000002677,Eduardo Lima,1988-04-15
CADASTRAR,00000002678,Fernanda Oliveira,1982-12-21
RELATORIO
CADASTRAR,00000002680,Eduardo Ferreira,2004-09-24
BUSCAR,00000001369
CHAMAR
DESISTIR,00000001034
ENTRADA,00000002119,2
CADASTRAR,00000002685,Ana Lima,1980-04-15
CADASTRAR,00000002686,Carlos Silva,2005-08-12
CADASTRAR,00000002687,Daniela Rodrigues,1979-07-21
BUSCAR,00000001289
CADASTRAR,00000002689,Eduardo Silva,1997-11-01
ENTRADA,00000002619,1
ENTRADA,00000002524,2
CHAMAR
TAMANHO
BUSCAR,00000001843
ENTRADA,00000001595,3
CADASTRAR,00000002696,Eduardo Ferreira,1977-02-03
ENTRADA,00000000750,2
ENTRADA,00000002458,1
RELATORIO
CHAMAR
CADASTRAR,00000002701,Eduardo Santos,1976-12-17
RELATORIO
BUSCAR,00000001419
RELATORIO
BUSCAR,00000000325
CADASTRAR,00000002706,Helena Rodrigues,1998-03-09
ENTRADA,00000000470,2
CHAMAR
CADASTRAR,00000002709,Bruno Souza,1983-12-24
BUSCAR,00000001784
ENTRADA,00000002112,2
ENTRADA,00000002270,2
BUSCAR,00000002701
BUSCAR,00000000270
BUSCAR,00000001410
DESISTIR,00000000470
CADASTRAR,00000002717,Fernanda Costa,1974-09-15
RELATORIO
CADASTRAR,00000002719,Bruno Ferreira,2000-01-14
TAMANHO
CADASTRAR,00000002721,Daniela Santos,2000-08-12
ENTRADA,00000002112,2
CHAMAR
ENTRADA,00000001278,1
CADASTRAR,00000002725,Daniela Santos,2002-02-06
BUSCAR,00000000890
CADASTRAR,00000002727,Daniela Silva,1986-04-18
ENTRADA,00000001653,2
ENTRADA,00000001799,2
CADASTRAR,00000002730,Ana Lima,1989-03-03
CADASTRAR,00000002731,Gabriel Santos,1973-01-02
CADASTRAR,00000002732,Gabriel Ferreira,1990-07-17
CADASTRAR,00000002733,Fernanda Silva,1986-01-13
CADASTRAR,00000002734,Carlos Ferreira,1971-04-27
CADASTRAR,00000002735,Gabriel Costa,2003-02-06
ENTRADA,00000002265,2
CHAMAR
DESISTIR,00000002438
ENTRADA,00000002470,1
ENTRADA,00000001957,2
CADASTRAR,00000002741,Bruno Souza,2005-11-14
CHAMAR
CADASTRAR,00000002743,Fernanda Oliveira,1971-02-14
CADASTRAR,00000002744,Bruno Silva,2004-12-11
ENTRADA,00000000998,2
CADASTRAR,00000002746,Ana Lima,1990-04-03
BUSCAR,00000000002
CADASTRAR,00000002748,Carlos Ferreira,1976-01-18
TAMANHO
CADASTRAR,00000002750,Carlos Lima,1982-09-17
BUSCAR,00000000009
ENTRADA,00000001285,1
CADASTRAR,00000002753,Daniela Costa,1983-09-07
TAMANHO
ENTRADA,00000000776,1
ENTRADA,00000000485,2
CADASTRAR,00000002757,Bruno Souza,1994-03-17
BUSCAR,00000001821
ENTRADA,00000002118,1
CADASTRAR,00000002760,Eduardo Souza,1984-07-05
CADASTRAR,00000002761,Helena Rodrigues,1997-12-26
DESISTIR,00000000067
CADASTRAR,00000002763,Eduardo Ferreira,1991-08-26
CADASTRAR,00000002764,Ana Ferreira,1974-06-07
CHAMAR
CADASTRAR,00000002766,Helena Santos,1993-09-03
ENTRADA,00000000092,1
BUSCAR,00000002730
ENTRADA,00000000252,2
CHAMAR
CHAMAR
CADASTRAR,00000002772,Bruno Lima,1984-11-28
BUSCAR,00000002266
ENTRADA,00000001694,3
CHAMAR
ENTRADA,00000001267,2
ENTRADA,00000000432,1
ENTRADA,00000001085,1
BUSCAR,00000000899
CADASTRAR,00000002780,Ana Silva,1970-06-05
BUSCAR,00000002202
CHAMAR
CHAMAR
BUSCAR,00000000142
CADASTRAR,00000002785,Bruno Lima,1985-12-24
CADASTRAR,00000002786,Daniela Santos,1979-05-28
CADASTRAR,00000002787,Bruno Oliveira,2000-11-23
ENTRADA,00000001794,3
DESISTIR,00000000174
CADASTRAR,00000002790,Helena Lima,1999-03-24
CHAMAR
TAMANHO
CHAMAR
CADASTRAR,00000002794,Eduardo Santos,1999-08-06
CADASTRAR,00000002795,Bruno Oliveira,1998-01-10
ENTRADA,00000002760,3
CHAMAR
ENTRADA,00000002363,1
ENTRADA,00000000075,3
CADASTRAR,00000002800,Ana Silva,1993-05-25
CHAMAR
CADASTRAR,00000002802,Bruno Santos,1991-08-20
TAMANHO
CHAMAR
ENTRADA,00000001133,2
CHAMAR
BUSCAR,00000000097
DESISTIR,00000000044
TAMANHO
BUSCAR,00000002459
RELATORIO
BUSCAR,00000000989
ENTRADA,00000002202,2
CHAMAR
DESISTIR,00000000021
BUSCAR,00000000442
ENTRADA,00000000213,2
ENTRADA,00000000618,1
BUSCAR,00000000318
CADASTRAR,00000002820,Carlos Rodrigues,1972-10-18
CHAMAR
CHAMAR
BUSCAR,00000000184
CADASTRAR,00000002824,Helena Santos,1995-03-02
ENTRADA,00000001088,2
RELATORIO
ENTRADA,00000001558,1
RELATORIO
CHAMAR
BUSCAR,00000002719
ENTRADA,00000000049,2
CADASTRAR,00000002832,Bruno Santos,1980-02-15
CADASTRAR,00000002833,Gabriel Lima,1974-02-27
RELATORIO
ENTRADA,00000000677,1
CADASTRAR,00000002836,Fernanda Ferreira,2003-08-24
BUSCAR,00000001658
CADASTRAR,00000002838,Daniela Ferreira,2001-06-22
BUSCAR,00000000524
CHAMAR
CADASTRAR,00000002841,Helena Costa,1983-01-12
BUSCAR,00000001932
CADASTRAR,00000002843,Bruno Rodrigues,1996-04-28
CHAMAR
ENTRADA,00000002128,1
ENTRADA,00000000723,3
TAMANHO
ENTRADA,00000000766,2
TAMANHO
CADASTRAR,00000002850,Helena Costa,1991-03-03
ENTRADA,00000002445,2
CADASTRAR,00000002852,Ana Silva,1977-02-07
CHAMAR
BUSCAR,00000000890
ENTRADA,00000001634,1
BUSCAR,00000002734
ENTRADA,00000000437,3
BUSCAR,00000001546
ENTRADA,00000000238,3
ENTRADA,00000000442,3
DESISTIR,00000002760
CADASTRAR,00000002862,Daniela Oliveira,1987-12-09
CHAMAR
CADASTRAR,00000002864,Ana Silva,1997-02-10
BUSCAR,00000001930
CADASTRAR,00000002866,Daniela Costa,2001-05-01
CADASTRAR,00000002867,Daniela Ferreira,1972-10-06
ENTRADA,00000001126,2
DESISTIR,00000001874
CHAMAR
TAMANHO
ENTRADA,00000001920,1
TAMANHO
CADASTRAR,00000002874,Carlos Rodrigues,2000-03-21
CADASTRAR,00000002875,Fernanda Costa,2000-01-04
BUSCAR,00000001558
CADASTRAR,00000002877,Eduardo Lima,1983-02-01
ENTRADA,00000000180,2
DESISTIR,00000000078
CADASTRAR,00000002880,Helena Santos,1970-11-03
TAMANHO
TAMANHO
DESISTIR,00000000238
ENTRADA,00000000410,2
CADASTRAR,00000002885,Gabriel Souza,1995-05-02
BUSCAR,00000000010
ENTRADA,00000000583,2
BUSCAR,00000000292
RELATORIO
ENTRADA,00000000521,2
ENTRADA,00000002056,3
BUSCAR,00000000241
ENTRADA,00000002118,2
BUSCAR,00000001754
BUSCAR,00000002658
ENTRADA,00000002750,2
ENTRADA,00000001117,3
ENTRADA,00000000043,3
CADASTRAR,00000002899,Eduardo Souza,1990-01-02
ENTRADA,00000000656,2
CADASTRAR,00000002901,Ana Souza,1976-12-22
DESISTIR,00000001044
BUSCAR,00000002493
CADASTRAR,00000002904,Daniela Rodrigues,1981-01-03
CHAMAR
ENTRADA,00000002388,2
BUSCAR,00000002333
ENTRADA,00000000626,3
ENTRADA,00000001103,1
CHAMAR
CADASTRAR,00000002911,Fernanda Costa,1985-07-05
CHAMAR
BUSCAR,00000002368
CADASTRAR,00000002914,Bruno Rodrigues,1997-09-11
ENTRADA,00000001467,1
BUSCAR,00000000945
TAMANHO
ENTRADA,00000001381,2
TAMANHO
ENTRADA,00000000021,3
CADASTRAR,00000002921,Gabriel Silva,1980-03-02
CHAMAR
CHAMAR
BUSCAR,00000000235
CADASTRAR,00000002925,Helena Santos,2003-03-15
CADASTRAR,00000002926,Daniela Costa,1983-07-25
RELATORIO
CHAMAR
CADASTRAR,00000002929,Fernanda Silva,1994-05-18
CADASTRAR,00000002930,Ana Lima,1977-08-01
CADASTRAR,00000002931,Eduardo Lima,1990-05-21
ENTRADA,00000000017,1
CHAMAR
BUSCAR,00000000024
ENTRADA,00000002227,1
CADASTRAR,00000002936,Fernanda Souza,1981-06-12
CHAMAR
ENTRADA,00000000036,2
ENTRADA,00000000033,3
ENTRADA,00000002867,1
CADASTRAR,00000002941,Bruno Souza,1973-05-28
BUSCAR,00000000746
CHAMAR
ENTRADA,00000002004,1
BUSCAR,00000000410
BUSCAR,00000002746
ENTRADA,00000000966,1
CHAMAR
ENTRADA,00000002696,1
CADASTRAR,00000002950,Helena Oliveira,1973-12-12
ENTRADA,00000001116,3
CADASTRAR,00000002952,Ana Costa,1997-09-08
ENTRADA,00000000164,2
CHAMAR
CADASTRAR,00000002955,Ana Santos,1975-08-05
CADASTRAR,00000002956,Ana Silva,1998-05-11
CHAMAR
ENTRADA,00000002327,1
BUSCAR,00000001044
CADASTRAR,00000002960,Daniela Ferreira,2000-09-18
ENTRADA,00000000856,3
CHAMAR
ENTRADA,00000001007,1
ENTRADA,00000002152,1
BUSCAR,00000002046
CHAMAR
DESISTIR,00000002470
BUSCAR,00000001587
CADASTRAR,00000002969,Carlos Silva,2000-06-04
CHAMAR
ENTRADA,00000002318,3
CHAMAR
RELATORIO
BUSCAR,00000000142
CADASTRAR,00000002975,Ana Oliveira,1977-09-21
CHAMAR
BUSCAR,00000000346
CADASTRAR,00000002978,Bruno Silva,1993-07-02
CHAMAR
RELATORIO
CHAMAR
ENTRADA,00000000047,1
ENTRADA,00000000776,2
CHAMAR
ENTRADA,00000000336,3
ENTRADA,00000000793,2
ENTRADA,00000001172,2
CADASTRAR,00000002988,Gabriel Rodrigues,1991-04-08
BUSCAR,00000001551
CADASTRAR,00000002990,Carlos Santos,2001-08-03
TAMANHO
CADASTRAR,00000002992,Carlos Ferreira,1984-09-13
BUSCAR,00000001295
BUSCAR,00000002438
BUSCAR,00000000308
ENTRADA,00000001650,2
ENTRADA,00000001917,3
CADASTRAR,00000002998,Bruno Souza,1971-04-27
CADASTRAR,00000002999,Fernanda Souza,1994-12-25
CHAMAR
CADASTRAR,00000003001,Helena Oliveira,2000-07-16
ENTRADA,00000000485,2
CADASTRAR,00000003003,Gabriel Oliveira,1982-08-24
DESISTIR,00000001696
CHAMAR
CHAMAR
RELATORIO
BUSCAR,00000000601
CADASTRAR,00000003009,Helena Ferreira,1989-06-04
DESISTIR,00000001653
BUSCAR,00000000998
DESISTIR,00000000442
CADASTRAR,00000003013,Carlos Rodrigues,2005-09-26
BUSCAR,00000001835
CHAMAR
BUSCAR,00000000442
TAMANHO
CADASTRAR,00000003018,Fernanda Costa,1989-06-01
CADASTRAR,00000003019,Carlos Costa,1978-03-11
BUSCAR,00000001856
CHAMAR
TAMANHO
CADASTRAR,00000003023,Gabriel Lima,1997-04-03
CADASTRAR,00000003024,Daniela Souza,1997-01-01
DESISTIR,00000000016
BUSCAR,00000001779
BUSCAR,00000002615
BUSCAR,00000000130
CADASTRAR,00000003029,Fernanda Santos,1977-12-23
ENTRADA,00000002551,3
CADASTRAR,00000003031,Carlos Oliveira,1971-04-22
ENTRADA,00000000081,2
ENTRADA,00000000025,2
BUSCAR,00000002850
CHAMAR
CADASTRAR,00000003036,Fernanda Lima,1987-02-24
RELATORIO
ENTRADA,00000000483,2
ENTRADA,00000001254,2
ENTRADA,00000000094,3
CHAMAR
CADASTRAR,00000003042,Gabriel Ferreira,1997-08-21
BUSCAR,00000002795
CHAMAR
DESISTIR,00000002291
BUSCAR,00000002685
CADASTRAR,00000003047,Carlos Santos,2004-06-28
CADASTRAR,00000003048,Daniela Souza,2000-04-09
BUSCAR,00000002685
CADASTRAR,00000003050,Carlos Lima,1985-11-09
CHAMAR
CADASTRAR,00000003052,Gabriel Silva,1978-12-11
CADASTRAR,00000003053,Bruno Rodrigues,2005-08-14
ENTRADA,00000000058,2
BUSCAR,00000001010
RELATORIO
CHAMAR
BUSCAR,00000002666
DESISTIR,00000002327
BUSCAR,00000000180
ENTRADA,00000000040,3
ENTRADA,00000002785,3
CADASTRAR,00000003063,Gabriel Lima,2005-09-15
CADASTRAR,00000003064,Ana Lima,1981-10-01
CADASTRAR,00000003065,Bruno Silva,1988-06-16
BUSCAR,00000000239
CHAMAR
ENTRADA,00000000626,3
TAMANHO
BUSCAR,00000002591
DESISTIR,00000001558
CADASTRAR,00000003072,Daniela Silva,1987-11-28
ENTRADA,00000002931,2
CHAMAR
BUSCAR,00000002955
RELATORIO
ENTRADA,00000000062,2
ENTRADA,00000000638,1
ENTRADA,00000001920,1
CADASTRAR,00000003080,Bruno Santos,1987-08-02
DESISTIR,00000000092
ENTRADA,00000001928,1
CHAMAR
CHAMAR
BUSCAR,00000002611
BUSCAR,00000001955
ENTRADA,00000000428,3
CHAMAR
ENTRADA,00000000783,1
BUSCAR,00000001756
ENTRADA,00000002790,1
TAMANHO
RELATORIO
ENTRADA,00000002885,1
CHAMAR
BUSCAR,00000002152
ENTRADA,00000000226,1
BUSCAR,00000000055
CADASTRAR,00000003099,Carlos Rodrigues,1980-09-04
CHAMAR
BUSCAR,00000000067
CADASTRAR,00000003102,Helena Souza,1974-10-25
CADASTRAR,00000003103,Carlos Oliveira,2002-08-05
RELATORIO
DESISTIR,00000000521
BUSCAR,00000002941
BUSCAR,00000002780
CHAMAR
ENTRADA,00000000483,3
ENTRADA,00000000050,1
CADASTRAR,00000003111,Ana Ferreira,2002-05-08
ENTRADA,00000000081,1
ENTRADA,00000002950,2
ENTRADA,00000002422,2
CADASTRAR,00000003115,Fernanda Oliveira,1987-08-26
RELATORIO
CHAMAR
CADASTRAR,00000003118,Bruno Santos,1991-08-16
CHAMAR
CADASTRAR,00000003120,Eduardo Souza,1982-01-13
CADASTRAR,00000003121,Ana Costa,1974-01-06
ENTRADA,00000001958,3
ENTRADA,00000002733,2
DESISTIR,00000002202
TAMANHO
ENTRADA,00000001926,1
CHAMAR
BUSCAR,00000001457
ENTRADA,00000002539,2
ENTRADA,00000000410,3
CADASTRAR,00000003131,Ana Lima,1997-08-13
BUSCAR,00000000280
RELATORIO
CADASTRAR,00000003134,Fernanda Lima,1975-07-25
CADASTRAR,00000003135,Daniela Silva,2003-06-01
BUSCAR,00000001116
CADASTRAR,00000003137,Fernanda Lima,1984-02-19
CADASTRAR,00000003138,Daniela Santos,1984-03-14
ENTRADA,00000001232,1
ENTRADA,00000002904,2
CADASTRAR,00000003141,Fernanda Silva,1988-03-09
CHAMAR
CHAMAR
CADASTRAR,00000003144,Bruno Silva,1985-05-24
BUSCAR,00000000471
CHAMAR
CHAMAR
BUSCAR,00000000876
CADASTRAR,00000003149,Ana Souza,1975-05-21
BUSCAR,00000002169
CADASTRAR,00000003151,Daniela Costa,1982-12-01
BUSCAR,00000001440
BUSCAR,00000000350
RELATORIO
ENTRADA,00000001115,1
ENTRADA,00000002127,1
CADASTRAR,00000003157,Daniela Souza,1994-01-02
CADASTRAR,00000003158,Bruno Santos,1986-06-17
DESISTIR,00000000483
ENTRADA,00000000524,1
BUSCAR,00000001107
ENTRADA,00000001790,1
BUSCAR,00000001609
RELATORIO
ENTRADA,00000002230,1
BUSCAR,00000000015
CADASTRAR,00000003167,Ana Rodrigues,1986-08-11
BUSCAR,00000000016
ENTRADA,00000002956,3
CADASTRAR,00000003170,Fernanda Ferreira,1980-08-04
ENTRADA,00000001398,3
CHAMAR
ENTRADA,00000001493,2
ENTRADA,00000001357,2
CADASTRAR,00000003175,Ana Silva,1979-11-22
ENTRADA,00000000772,2
BUSCAR,00000002950
CHAMAR
BUSCAR,00000000712
ENTRADA,00000000091,2
CADASTRAR,00000003181,Daniela Lima,1985-07-08
CHAMAR
BUSCAR,00000002353
ENTRADA,00000000584,3
BUSCAR,00000003080
CADASTRAR,00000003186,Fernanda Oliveira,1984-08-11
CHAMAR
BUSCAR,00000001368
CHAMAR
ENTRADA,00000003158,1
TAMANHO
ENTRADA,00000000236,3
ENTRADA,00000002397,1
BUSCAR,00000003167
CHAMAR
DESISTIR,00000001790
ENTRADA,00000002056,1
BUSCAR,00000002389
RELATORIO
ENTRADA,00000001273,2
CADASTRAR,00000003201,Gabriel Rodrigues,1986-09-28
CADASTRAR,00000003202,Gabriel Oliveira,1993-05-21
DESISTIR,00000000043
BUSCAR,00000000746
RELATORIO
CADASTRAR,00000003206,Daniela Santos,1981-05-12
CADASTRAR,00000003207,Carlos Santos,1981-04-19
CHAMAR
CHAMAR
CADASTRAR,00000003210,Carlos Lima,2000-01-16
ENTRADA,00000001754,3
ENTRADA,00000000052,1
CADASTRAR,00000003213,Carlos Silva,2003-11-24
ENTRADA,00000001658,2
TAMANHO
CHAMAR
DESISTIR,00000000677
CHAMAR
DESISTIR,00000002885
ENTRADA,00000002098,2
CADASTRAR,00000003221,Fernanda Santos,1973-05-28
ENTRADA,00000002169,2
CADASTRAR,00000003223,Gabriel Santos,2003-12-10
BUSCAR,00000002368
CADASTRAR,00000003225,Carlos Costa,1997-04-21
CADASTRAR,00000003226,Helena Ferreira,1994-12-03
BUSCAR,00000001826
BUSCAR,00000001010
CADASTRAR,00000003229,Bruno Souza,1991-03-16
TAMANHO
CHAMAR
ENTRADA,00000001131,3
DESISTIR,00000002118
BUSCAR,00000000130
CADASTRAR,00000003235,Carlos Rodrigues,1971-09-21
CADASTRAR,00000003236,Bruno Silva,1989-03-12
DESISTIR,00000000036
ENTRADA,00000003135,2
CADASTRAR,00000003239,Eduardo Costa,1986-08-05
CHAMAR
CADASTRAR,00000003241,Carlos Lima,1991-02-16
CHAMAR
CHAMAR
ENTRADA,00000000687,2
CADASTRAR,00000003245,Carlos Ferreira,1972-05-14
BUSCAR,00000001346
BUSCAR,00000002941
CADASTRAR,00000003248,Bruno Souza,1996-09-15
ENTRADA,00000002063,1
ENTRADA,00000002741,2
ENTRADA,00000001316,3
ENTRADA,00000002626,1
CADASTRAR,00000003253,Carlos Costa,1987-05-16
CHAMAR
ENTRADA,00000000077,3
ENTRADA,00000002570,3
BUSCAR,00000000598
BUSCAR,00000002899
CADASTRAR,00000003259,Carlos Lima,2003-09-03
BUSCAR,00000000204
ENTRADA,00000000862,1
CADASTRAR,00000003262,Fernanda Santos,1983-04-03
CHAMAR
BUSCAR,00000002901
ENTRADA,00000001955,1
CHAMAR
BUSCAR,00000000656
ENTRADA,00000000336,1
RELATORIO
CADASTRAR,00000003270,Fernanda Lima,2001-04-26
ENTRADA,00000001117,2
BUSCAR,00000002456
ENTRADA,00000002077,1
BUSCAR,00000000217
BUSCAR,00000000874
BUSCAR,00000000337
ENTRADA,00000002785,1
CADASTRAR,00000003278,Daniela Rodrigues,1997-12-17
ENTRADA,00000000037,2
ENTRADA,00000002901,3
BUSCAR,00000002388
BUSCAR,00000002992
DESISTIR,00000002445
BUSCAR,00000000412
BUSCAR,00000002565
ENTRADA,00000000001,3
ENTRADA,00000001102,3
ENTRADA,00000000063,3
ENTRADA,00000000642,1
ENTRADA,00000000218,1
BUSCAR,00000001514
BUSCAR,00000003072
ENTRADA,00000000261,2
DESISTIR,00000002458
BUSCAR,00000001943
DESISTIR,00000001126
CADASTRAR,00000003297,Carlos Santos,1975-04-09
BUSCAR,00000000990
DESISTIR,00000001634
CHAMAR
CADASTRAR,00000003301,Ana Santos,1974-01-24
ENTRADA,00000000687,3
ENTRADA,00000000096,3
ENTRADA,00000002132,2
CADASTRAR,00000003305,Ana Santos,1971-11-06
CADASTRAR,00000003306,Bruno Oliveira,1972-01-15
ENTRADA,00000002520,2
CADASTRAR,00000003308,Carlos Costa,2002-08-02
BUSCAR,00000000906
BUSCAR,00000000142
CADASTRAR,00000003311,Fernanda Costa,1977-06-02
BUSCAR,00000002428
BUSCAR,00000001658
BUSCAR,00000001799
BUSCAR,00000000065
BUSCAR,00000001943
BUSCAR,00000001215
CADASTRAR,00000003318,Daniela Santos,2000-03-22
ENTRADA,00000002068,1
CHAMAR
BUSCAR,00000002063
TAMANHO
CADASTRAR,00000003323,Carlos Lima,1988-01-24
BUSCAR,00000003072
DESISTIR,00000002733
ENTRADA,00000002727,1
ENTRADA,00000001440,2
CHAMAR
ENTRADA,00000000601,2
ENTRADA,00000000990,1
BUSCAR,00000001127
CHAMAR
ENTRADA,00000002877,1
ENTRADA,00000001049,2
ENTRADA,00000000906,2
CADASTRAR,00000003336,Helena Ferreira,1983-01-01
BUSCAR,00000001064
BUSCAR,00000001893
BUSCAR,00000000319
ENTRADA,00000002663,1
TAMANHO
BUSCAR,00000000948
BUSCAR,00000000123
CHAMAR
BUSCAR,00000001634
CADASTRAR,00000003346,Daniela Costa,1972-09-03
CHAMAR
CHAMAR
TAMANHO
ENTRADA,00000002456,3
ENTRADA,00000001698,3
CADASTRAR,00000003352,Bruno Costa,1994-01-23
DESISTIR,00000000601
ENTRADA,00000000004,1
CADASTRAR,00000003355,Ana Silva,1995-09-07
ENTRADA,00000002744,1
ENTRADA,00000002833,2
TAMANHO
CADASTRAR,00000003359,Daniela Rodrigues,2003-08-06
TAMANHO
CADASTRAR,00000003361,Fernanda Silva,1985-05-09
BUSCAR,00000000089
CHAMAR
CADASTRAR,00000003364,Gabriel Ferreira,2005-04-06
CADASTRAR,00000003365,Ana Silva,2004-10-15
CADASTRAR,00000003366,Gabriel Silva,2001-09-03
ENTRADA,00000003053,2
ENTRADA,00000003359,1
CHAMAR
CADASTRAR,00000003370,Carlos Ferreira,1989-01-23
CADASTRAR,00000003371,Carlos Lima,1988-01-10
BUSCAR,00000000344
DESISTIR,00000000776
CHAMAR
BUSCAR,00000003346
BUSCAR,00000000534
CADASTRAR,00000003377,Ana Oliveira,1983-07-23
CADASTRAR,00000003378,Eduardo Santos,2000-09-15
BUSCAR,00000002385
TAMANHO
BUSCAR,00000001042
RELATORIO
RELATORIO
CADASTRAR,00000003384,Gabriel Silva,1983-05-26
CADASTRAR,00000003385,Ana Costa,1993-11-03
CHAMAR
DESISTIR,00000000180
DESISTIR,00000000966
CADASTRAR,00000003389,Daniela Silva,1987-04-23
ENTRADA,00000000346,3
BUSCAR,00000002072
CADASTRAR,00000003392,Daniela Souza,2001-08-15
ENTRADA,00000003013,1
CADASTRAR,00000003394,Carlos Silva,1995-09-03
CHAMAR
ENTRADA,00000000082,3
ENTRADA,00000000597,2
ENTRADA,00000002375,3
DESISTIR,00000000618
TAMANHO
CADASTRAR,00000003401,Bruno Lima,1970-10-27
BUSCAR,00000000175
CADASTRAR,00000003403,Eduardo Silva,1986-03-12
BUSCAR,00000001357
TAMANHO
CHAMAR
RELATORIO
ENTRADA,00000000204,1
ENTRADA,00000002134,3
CADASTRAR,00000003410,Gabriel Souza,1986-11-19
CADASTRAR,00000003411,Ana Souza,2001-05-13
BUSCAR,00000002166
ENTRADA,00000002733,3
ENTRADA,00000000040,2
CADASTRAR,00000003415,Carlos Silva,1989-12-01
ENTRADA,00000003201,1
BUSCAR,00000000052
BUSCAR,00000003120
ENTRADA,00000000935,2
ENTRADA,00000000169,3
ENTRADA,00000003221,3
RELATORIO
CADASTRAR,00000003423,Gabriel Ferreira,2002-07-24
CADASTRAR,00000003424,Fernanda Silva,1979-05-14
ENTRADA,00000002757,3
ENTRADA,00000003050,3
ENTRADA,00000002375,1
CHAMAR
RELATORIO
ENTRADA,00000003001,1
CADASTRAR,00000003431,Fernanda Lima,1974-01-18
CADASTRAR,00000003432,Bruno Lima,1974-11-10
BUSCAR,00000000581
BUSCAR,00000000094
BUSCAR,00000002579
RELATORIO
ENTRADA,00000001285,2
DESISTIR,00000001799
CADASTRAR,00000003439,Ana Rodrigues,1990-05-28
ENTRADA,00000002727,3
CADASTRAR,00000003441,Daniela Oliveira,1978-04-12
CHAMAR
CADASTRAR,00000003443,Bruno Rodrigues,1991-06-20
RELATORIO
RELATORIO
CADASTRAR,00000003446,Helena Santos,1989-07-06
TAMANHO
CHAMAR
BUSCAR,00000002658
TAMANHO
CADASTRAR,00000003451,Gabriel Souza,1999-07-26
ENTRADA,00000002462,2
BUSCAR,00000001914
CADASTRAR,00000003454,Helena Lima,1979-09-10
ENTRADA,00000002257,3
TAMANHO
ENTRADA,00000000094,1
CHAMAR
BUSCAR,00000001835
CADASTRAR,00000003460,Fernanda Souza,2004-06-23
CADASTRAR,00000003461,Carlos Lima,1974-02-18
BUSCAR,00000001972
CADASTRAR,00000003463,Eduardo Rodrigues,1999-03-23
ENTRADA,00000001832,3
ENTRADA,00000001795,1
ENTRADA,00000000033,2
TAMANHO
ENTRADA,00000002152,2
BUSCAR,00000001575
BUSCAR,00000001920
CHAMAR
BUSCAR,00000001955
TAMANHO
BUSCAR,00000001856
BUSCAR,00000001007
ENTRADA,00000002347,3
CADASTRAR,00000003477,Fernanda Costa,2001-09-12
ENTRADA,00000000477,3
ENTRADA,00000002571,3
DESISTIR,00000002068
CHAMAR
CHAMAR
BUSCAR,00000001255
CADASTRAR,00000003484,Carlos Rodrigues,1970-11-23
BUSCAR,00000000387
CADASTRAR,00000003486,Carlos Oliveira,1980-08-26
BUSCAR,00000001914
BUSCAR,00000000897
TAMANHO
CADASTRAR,00000003490,Ana Ferreira,1998-12-20
CADASTRAR,00000003491,Daniela Souza,2003-12-18
BUSCAR,00000000553
ENTRADA,00000003181,1
CADASTRAR,00000003494,Fernanda Oliveira,1971-10-06
ENTRADA,00000001658,1
ENTRADA,00000000058,1
CADASTRAR,00000003497,Bruno Oliveira,1991-11-06
ENTRADA,00000001529,1
ENTRADA,00000002875,2
CADASTRAR,00000003500,Gabriel Santos,1986-11-03
BUSCAR,00000000064
CADASTRAR,00000003502,Daniela Souza,1976-05-18
BUSCAR,00000000299
ENTRADA,00000001565,1
CADASTRAR,00000003505,Ana Lima,1988-02-17
RELATORIO
ENTRADA,00000000003,2
BUSCAR,00000000005
CADASTRAR,00000003509,Gabriel Rodrigues,1992-09-15
CHAMAR
CADASTRAR,00000003511,Gabriel Souza,1973-09-05
TAMANHO
BUSCAR,00000001196
DESISTIR,00000001381
BUSCAR,00000000534
RELATORIO
DESISTIR,00000000164
CADASTRAR,00000003518,Gabriel Oliveira,1985-08-14
CADASTRAR,00000003519,Fernanda Costa,1994-06-03
ENTRADA,00000001529,2
BUSCAR,00000003149
CHAMAR
CHAMAR
BUSCAR,00000000303
BUSCAR,00000002899
CHAMAR
ENTRADA,00000002992,1
CHAMAR
ENTRADA,00000001196,1
ENTRADA,00000000501,2
BUSCAR,00000002760
CADASTRAR,00000003532,Helena Lima,2002-10-12
ENTRADA,00000003346,3
TAMANHO
BUSCAR,00000001040
ENTRADA,00000001198,3
BUSCAR,00000001390
CHAMAR
CADASTRAR,00000003539,Eduardo Oliveira,1993-02-06
CHAMAR
ENTRADA,00000000054,3
TAMANHO
RELATORIO
CADASTRAR,00000003544,Gabriel Oliveira,1986-02-02
CADASTRAR,00000003545,Helena Santos,1970-02-27
BUSCAR,00000000006
ENTRADA,00000000327,2
CADASTRAR,00000003548,Daniela Lima,1984-02-04
ENTRADA,00000001373,2
CADASTRAR,00000003550,Bruno Oliveira,1977-10-19
CADASTRAR,00000003551,Daniela Costa,1999-02-15
ENTRADA,00000002969,3
ENTRADA,00000000990,3
CADASTRAR,00000003554,Fernanda Rodrigues,1980-01-21
BUSCAR,00000001418
DESISTIR,00000001267
CHAMAR
ENTRADA,00000001061,3
CHAMAR
CADASTRAR,00000003560,Eduardo Souza,1983-10-25
ENTRADA,00000003519,2
ENTRADA,00000002795,2
BUSCAR,00000003439
ENTRADA,00000000341,3
BUSCAR,00000000044
CADASTRAR,00000003566,Carlos Ferreira,1992-09-22
CHAMAR
ENTRADA,00000003278,1
CADASTRAR,00000003569,Daniela Oliveira,1997-02-04
CADASTRAR,00000003570,Ana Silva,1994-01-16
CADASTRAR,00000003571,Helena Santos,1972-06-02
CHAMAR
CADASTRAR,00000003573,Bruno Lima,1996-07-18
BUSCAR,00000003509
CADASTRAR,00000003575,Eduardo Oliveira,2005-12-26
CADASTRAR,00000003576,Ana Rodrigues,2003-10-21
ENTRADA,00000003308,3
BUSCAR,00000002611
ENTRADA,00000000169,3
CADASTRAR,00000003580,Daniela Costa,1997-02-28
CHAMAR
CADASTRAR,00000003582,Fernanda Ferreira,1998-05-15
CADASTRAR,00000003583,Ana Lima,2005-09-13
TAMANHO
BUSCAR,00000000027
ENTRADA,00000002734,3
ENTRADA,00000001565,2
CADASTRAR,00000003588,Carlos Silva,1993-01-11
CADASTRAR,00000003589,Helena Ferreira,1975-06-14
BUSCAR,00000002494
DESISTIR,00000000998
DESISTIR,00000001198
ENTRADA,00000000139,3
CHAMAR
CHAMAR
BUSCAR,00000001813
ENTRADA,00000002057,3
ENTRADA,00000000279,2
ENTRADA,00000000038,3
CADASTRAR,00000003600,Ana Rodrigues,1973-07-03
ENTRADA,00000000466,3
CADASTRAR,00000003602,Carlos Rodrigues,1993-08-06
CADASTRAR,00000003603,Carlos Lima,1976-12-09
ENTRADA,00000002596,2
ENTRADA,00000001854,2
CADASTRAR,00000003606,Carlos Oliveira,1970-12-18
CADASTRAR,00000003607,Ana Santos,1992-04-06
CHAMAR
CHAMAR
ENTRADA,00000000961,2
CADASTRAR,00000003611,Bruno Ferreira,1984-01-12
DESISTIR,00000003201
CHAMAR
CADASTRAR,00000003614,Ana Oliveira,2005-12-12
RELATORIO
BUSCAR,00000000199
BUSCAR,00000000252
CADASTRAR,00000003618,Bruno Silva,1999-05-23
BUSCAR,00000002661
ENTRADA,00000003050,1
ENTRADA,00000000235,2
BUSCAR,00000000805
TAMANHO
CHAMAR
ENTRADA,00000002025,3
BUSCAR,00000003571
RELATORIO
CADASTRAR,00000003628,Eduardo Santos,1993-03-27
CHAMAR
CHAMAR
CHAMAR
ENTRADA,00000001126,1
ENTRADA,00000000164,2
BUSCAR,00000002166
CHAMAR
RELATORIO
BUSCAR,00000001410
CADASTRAR,00000003638,Helena Rodrigues,1980-04-07
ENTRADA,00000000560,2
ENTRADA,00000002385,2
CADASTRAR,00000003641,Helena Rodrigues,1980-12-08
ENTRADA,00000001735,1
DESISTIR,00000002539
CADASTRAR,00000003644,Daniela Lima,1971-08-19
RELATORIO
ENTRADA,00000000818,3
BUSCAR,00000001042
CHAMAR
CADASTRAR,00000003649,Daniela Santos,1985-11-15
BUSCAR,00000001357
CHAMAR
BUSCAR,00000000033
ENTRADA,00000000054,3
CADASTRAR,00000003654,Bruno Rodrigues,1972-05-08
ENTRADA,00000002054,2
ENTRADA,00000000521,2
CHAMAR
CADASTRAR,00000003658,Helena Santos,1979-12-18
CHAMAR
CADASTRAR,00000003660,Fernanda Ferreira,2000-09-18
CADASTRAR,00000003661,Gabriel Ferreira,1971-04-05
CADASTRAR,00000003662,Carlos Rodrigues,2000-01-06
RELATORIO
CADASTRAR,00000003664,Ana Lima,1997-10-01
TAMANHO
ENTRADA,00000002661,2
CADASTRAR,00000003667,Helena Ferreira,1985-10-21
CADASTRAR,00000003668,Gabriel Souza,2002-03-09
ENTRADA,00000000031,2
BUSCAR,00000002271
CHAMAR
CHAMAR
BUSCAR,00000002978
CHAMAR
DESISTIR,00000000252
CADASTRAR,00000003676,Carlos Silva,1975-01-16
TAMANHO
ENTRADA,00000003297,1
CHAMAR
CADASTRAR,00000003680,Fernanda Ferreira,2002-06-04
CADASTRAR,00000003681,Gabriel Oliveira,1973-05-09
CADASTRAR,00000003682,Fernanda Silva,1990-11-20
CADASTRAR,00000003683,Fernanda Ferreira,1973-05-17
ENTRADA,00000000058,3
BUSCAR,00000000240
ENTRADA,00000000974,2
RELATORIO
ENTRADA,00000002242,2
CADASTRAR,00000003689,Carlos Silva,1974-01-28
BUSCAR,00000002875
ENTRADA,00000002606,2
CADASTRAR,00000003692,Daniela Silva,1975-07-21
BUSCAR,00000002666
BUSCAR,00000000194
ENTRADA,00000000583,1
BUSCAR,00000002988
CADASTRAR,00000003697,Gabriel Rodrigues,1978-02-16
ENTRADA,00000003431,2
CHAMAR
CADASTRAR,00000003700,Eduardo Souza,2003-07-25
CADASTRAR,00000003701,Fernanda Lima,2004-11-02
CHAMAR
DESISTIR,00000000218
ENTRADA,00000000013,3
CHAMAR
TAMANHO
BUSCAR,00000000023
CADASTRAR,00000003708,Gabriel Rodrigues,1991-08-14
CHAMAR
ENTRADA,00000001812,1
CADASTRAR,00000003711,Eduardo Costa,1985-05-14
ENTRADA,00000002750,1
BUSCAR,00000002265
BUSCAR,00000000035
CHAMAR
CADASTRAR,00000003716,Daniela Lima,1982-05-05
ENTRADA,00000002843,1
ENTRADA,00000003262,1
BUSCAR,00000000448
CHAMAR
ENTRADA,00000001085,1
CHAMAR
BUSCAR,00000002494
BUSCAR,00000001541
CHAMAR
BUSCAR,00000000059
CADASTRAR,00000003727,Bruno Lima,2003-11-12
CHAMAR
CHAMAR
ENTRADA,00000001953,1
BUSCAR,00000002271
CADASTRAR,00000003732,Bruno Souza,1972-04-21
CADASTRAR,00000003733,Gabriel Costa,1983-05-16
ENTRADA,00000003389,1
BUSCAR,00000001055
CHAMAR
TAMANHO
ENTRADA,00000000874,3
CADASTRAR,00000003739,Gabriel Souza,1978-02-17
CADASTRAR,00000003740,Eduardo Souza,1997-11-26
ENTRADA,00000001493,2
CHAMAR
ENTRADA,00000002297,3
TAMANHO
ENTRADA,00000001573,1
BUSCAR,00000000597
CHAMAR
ENTRADA,00000000319,2
DESISTIR,00000000818
ENTRADA,00000000194,2
DESISTIR,00000000054
CADASTRAR,00000003752,Fernanda Santos,1993-01-03
CADASTRAR,00000003753,Eduardo Lima,1972-03-25
CADASTRAR,00000003754,Ana Santos,2001-03-18
CHAMAR
ENTRADA,00000000241,1
CHAMAR
BUSCAR,00000001705
CADASTRAR,00000003759,Carlos Santos,2004-02-18
BUSCAR,00000002004
CADASTRAR,00000003761,Gabriel Ferreira,2003-12-25
ENTRADA,00000000319,3
CADASTRAR,00000003763,Eduardo Santos,1971-06-27
CADASTRAR,00000003764,Eduardo Costa,1971-11-09
TAMANHO
CHAMAR
CHAMAR
CADASTRAR,00000003768,Fernanda Santos,1974-05-25
CHAMAR
RELATORIO
BUSCAR,00000000612
RELATORIO
CADASTRAR,00000003773,Helena Rodrigues,1970-11-07
CADASTRAR,00000003774,Eduardo Ferreira,1996-01-05
TAMANHO
BUSCAR,00000003157
ENTRADA,00000002992,1
CHAMAR
CADASTRAR,00000003779,Gabriel Silva,1996-06-19
CHAMAR
ENTRADA,00000000204,3
ENTRADA,00000002802,1
ENTRADA,00000001346,2
BUSCAR,00000001551
BUSCAR,00000001944
BUSCAR,00000001752
CADASTRAR,00000003787,Gabriel Oliveira,2002-02-19
CHAMAR
ENTRADA,00000001093,1
ENTRADA,00000003575,3
BUSCAR,00000000164
TAMANHO
CADASTRAR,00000003793,Daniela Costa,1996-09-11
TAMANHO
ENTRADA,00000003583,2
CADASTRAR,00000003796,Fernanda Costa,1994-04-25
ENTRADA,00000001336,3
DESISTIR,00000001958
CADASTRAR,00000003799,Bruno Silva,1970-01-26
CHAMAR
ENTRADA,00000001736,1
RELATORIO
BUSCAR,00000001698
CHAMAR
TAMANHO
ENTRADA,00000000060,3
CADASTRAR,00000003807,Ana Souza,1994-11-11
TAMANHO
CADASTRAR,00000003809,Carlos Rodrigues,1972-09-07
CADASTRAR,00000003810,Daniela Silva,2002-04-19
CHAMAR
CADASTRAR,00000003812,Daniela Santos,1983-11-10
ENTRADA,00000000093,1
CADASTRAR,00000003814,Gabriel Souza,1971-04-06
CADASTRAR,00000003815,Daniela Costa,1989-04-17
CHAMAR
DESISTIR,00000001736
CADASTRAR,00000003818,Eduardo Souza,1982-01-10
ENTRADA,00000000512,3
CADASTRAR,00000003820,Daniela Ferreira,2001-10-01
CADASTRAR,00000003821,Eduardo Souza,1973-07-21
CHAMAR
BUSCAR,00000003308
BUSCAR,00000002677
CHAMAR
CADASTRAR,00000003826,Carlos Costa,1971-05-27
BUSCAR,00000002083
CADASTRAR,00000003828,Fernanda Silva,1979-05-13
ENTRADA,00000001751,3
CADASTRAR,00000003830,Ana Costa,1997-02-19
BUSCAR,00000003828
CADASTRAR,00000003832,Daniela Rodrigues,1987-12-09
RELATORIO
CADASTRAR,00000003834,Fernanda Souza,1988-12-11
ENTRADA,00000002389,1
CADASTRAR,00000003836,Bruno Ferreira,1986-08-17
BUSCAR,00000001061
ENTRADA,00000001036,3
BUSCAR,00000003484
BUSCAR,00000000437
ENTRADA,00000002731,1
CADASTRAR,00000003842,Daniela Costa,1974-07-22
ENTRADA,00000002083,2
BUSCAR,00000002443
CADASTRAR,00000003845,Fernanda Silva,1984-09-06
CADASTRAR,00000003846,Bruno Lima,1978-12-12
RELATORIO
BUSCAR,00000000637
CADASTRAR,00000003849,Bruno Oliveira,1978-11-18
BUSCAR,00000000226
CHAMAR
CHAMAR
BUSCAR,00000003378
CHAMAR
ENTRADA,00000002291,2
ENTRADA,00000000427,3
ENTRADA,00000000466,2
CADASTRAR,00000003858,Daniela Silva,1993-05-16
BUSCAR,00000000341
CADASTRAR,00000003860,Bruno Oliveira,1996-08-24
CHAMAR
ENTRADA,00000000854,3
TAMANHO
ENTRADA,00000001893,3
CADASTRAR,00000003865,Carlos Silva,2003-10-12
TAMANHO
ENTRADA,00000001036,3
ENTRADA,00000001359,1
BUSCAR,00000003135
CADASTRAR,00000003870,Helena Silva,1983-12-19
ENTRADA,00000000439,1
CADASTRAR,00000003872,Eduardo Ferreira,2000-05-11
ENTRADA,00000003131,2
BUSCAR,00000000713
CADASTRAR,00000003875,Helena Oliveira,2000-02-27
CADASTRAR,00000003876,Ana Souza,1971-02-27
ENTRADA,00000000719,3
TAMANHO
BUSCAR,00000003111
CADASTRAR,00000003880,Helena Silva,2004-09-21
ENTRADA,00000002930,1
CADASTRAR,00000003882,Ana Souza,1989-07-01
BUSCAR,00000001215
CHAMAR
CADASTRAR,00000003885,Fernanda Oliveira,1995-08-20
CADASTRAR,00000003886,Daniela Lima,1974-07-28
ENTRADA,00000001942,3
CADASTRAR,00000003888,Bruno Oliveira,1978-06-20
CADASTRAR,00000003889,Fernanda Oliveira,1983-09-20
ENTRADA,00000001944,3
ENTRADA,00000001757,1
CADASTRAR,00000003892,Bruno Costa,2005-07-02
BUSCAR,00000000862
CADASTRAR,00000003894,Eduardo Lima,1993-12-21
ENTRADA,00000003764,2
CHAMAR
CADASTRAR,00000003897,Carlos Rodrigues,1972-11-14
ENTRADA,00000003754,2
ENTRADA,00000002611,3
CADASTRAR,00000003900,Bruno Costa,1981-05-27
TAMANHO
RELATORIO
BUSCAR,00000001042
CADASTRAR,00000003904,Fernanda Rodrigues,2001-11-15
CADASTRAR,00000003905,Ana Santos,1986-05-23
CHAMAR
CHAMAR
CADASTRAR,00000003908,Ana Santos,1974-10-16
CADASTRAR,00000003909,Bruno Costa,1994-10-19
CADASTRAR,00000003910,Carlos Rodrigues,1980-09-24
BUSCAR,00000002838
TAMANHO
ENTRADA,00000000471,2
ENTRADA,00000002025,1
CADASTRAR,00000003915,Helena Santos,1972-04-01
CADASTRAR,00000003916,Carlos Ferreira,1971-05-07
ENTRADA,00000000029,1
RELATORIO
CADASTRAR,00000003919,Carlos Ferreira,1989-01-20
CADASTRAR,00000003920,Helena Santos,1978-09-19
CHAMAR
RELATORIO
ENTRADA,00000002272,2
CHAMAR
TAMANHO
CHAMAR
BUSCAR,00000002734
BUSCAR,00000001682
CADASTRAR,00000003929,Gabriel Lima,1981-01-13
ENTRADA,00000000576,3
RELATORIO
CADASTRAR,00000003932,Bruno Souza,2002-10-14
CADASTRAR,00000003933,Fernanda Souza,1996-07-11
RELATORIO
RELATORIO
CADASTRAR,00000003936,Daniela Oliveira,1979-02-10
CHAMAR
ENTRADA,00000001285,3
TAMANHO
CHAMAR
ENTRADA,00000000398,2
BUSCAR,00000001696
BUSCAR,00000003826
BUSCAR,00000003385
CADASTRAR,00000003945,Bruno Oliveira,1981-03-27
BUSCAR,00000002459
CHAMAR
BUSCAR,00000002824
ENTRADA,00000003894,2
RELATORIO
BUSCAR,00000001639
CHAMAR
CADASTRAR,00000003953,Ana Rodrigues,1973-05-04
RELATORIO
CADASTRAR,00000003955,Fernanda Lima,1974-02-03
BUSCAR,00000002588
TAMANHO
CADASTRAR,00000003958,Fernanda Costa,2000-08-27
CADASTRAR,00000003959,Eduardo Rodrigues,1986-12-21
CHAMAR
BUSCAR,00000000059
ENTRADA,00000003323,2
CHAMAR
ENTRADA,00000002838,2
BUSCAR,00000000710
CHAMAR
CHAMAR
BUSCAR,00000003661
ENTRADA,00000000528,3
BUSCAR,00000003239
DESISTIR,00000000439
ENTRADA,00000000167,1
CHAMAR
ENTRADA,00000001194,3
BUSCAR,00000000414
ENTRADA,00000002353,3
DESISTIR,00000000033
CADASTRAR,00000003978,Daniela Ferreira,2004-05-01
CADASTRAR,00000003979,Eduardo Ferreira,1990-07-20
CADASTRAR,00000003980,Carlos Lima,1993-07-19
CHAMAR
BUSCAR,00000003752
CADASTRAR,00000003983,Helena Santos,1977-11-20
BUSCAR,00000001553
BUSCAR,00000002239
BUSCAR,00000002790
ENTRADA,00000002730,3
CADASTRAR,00000003988,Fernanda Rodrigues,1979-08-18
ENTRADA,00000003120,3
RELATORIO
CADASTRAR,00000003991,Gabriel Costa,1976-02-05
CADASTRAR,00000003992,Daniela Santos,1973-01-07
CADASTRAR,00000003993,Daniela Santos,2004-11-20
CADASTRAR,00000003994,Ana Santos,1991-02-26
CHAMAR
TAMANHO
RELATORIO
CADASTRAR,00000003998,Carlos Ferreira,1997-04-18
ENTRADA,00000003003,1
ENTRADA,00000002039,1
CHAMAR
BUSCAR,00000003644
RELATORIO
ENTRADA,00000000167,2
BUSCAR,00000002733
DESISTIR,00000000783
BUSCAR,00000002911
ENTRADA,00000000585,2
TAMANHO
BUSCAR,00000001085
BUSCAR,00000002880
CADASTRAR,00000004012,Gabriel Lima,1971-07-23
CHAMAR
CADASTRAR,00000004014,Eduardo Costa,1976-06-07
RELATORIO
CADASTRAR,00000004016,Bruno Rodrigues,1993-04-08
CHAMAR
CADASTRAR,00000004018,Carlos Silva,2001-01-20
ENTRADA,00000000526,3
BUSCAR,00000001531
TAMANHO
BUSCAR,00000000151
ENTRADA,00000003818,3
CADASTRAR,00000004024,Ana Oliveira,1981-11-17
TAMANHO
CADASTRAR,00000004026,Daniela Costa,2003-10-01
BUSCAR,00000001874
CHAMAR
BUSCAR,00000002978
CHAMAR
CHAMAR
ENTRADA,00000003544,3
RELATORIO
ENTRADA,00000001832,1
BUSCAR,00000000264
BUSCAR,00000003832
CADASTRAR,00000004037,Helena Lima,1990-09-18
BUSCAR,00000002952
ENTRADA,00000001377,3
BUSCAR,00000002072
TAMANHO
CADASTRAR,00000004042,Bruno Santos,2005-10-15
CHAMAR
CHAMAR
CADASTRAR,00000004045,Carlos Rodrigues,1971-01-27
CHAMAR
CADASTRAR,00000004047,Ana Oliveira,1979-07-20
DESISTIR,00000000204
BUSCAR,00000002685
ENTRADA,00000003905,1
CADASTRAR,00000004051,Bruno Santos,1991-03-26
CHAMAR
CADASTRAR,00000004053,Helena Rodrigues,1986-10-14
CADASTRAR,00000004054,Eduardo Lima,1977-03-13
BUSCAR,00000000563
CADASTRAR,00000004056,Fernanda Souza,1992-12-26
BUSCAR,00000000533
CADASTRAR,00000004058,Ana Silva,1979-08-11
CADASTRAR,00000004059,Eduardo Oliveira,1999-05-22
ENTRADA,00000001338,2
DESISTIR,00000003135
BUSCAR,00000001036
CHAMAR
DESISTIR,00000002611
CADASTRAR,00000004065,Carlos Rodrigues,1985-04-25
CADASTRAR,00000004066,Helena Lima,1989-06-28
BUSCAR,00000002210
ENTRADA,00000001957,2
CADASTRAR,00000004069,Ana Souza,1997-05-24
CADASTRAR,00000004070,Carlos Ferreira,1980-03-14
BUSCAR,00000003305
BUSCAR,00000002841
CADASTRAR,00000004073,Carlos Ferreira,1983-12-01
CHAMAR
CHAMAR
ENTRADA,00000000327,3
CADASTRAR,00000004077,Helena Rodrigues,2004-04-11
CHAMAR
TAMANHO
CADASTRAR,00000004080,Helena Rodrigues,2004-12-27
CADASTRAR,00000004081,Ana Ferreira,1979-09-12
DESISTIR,00000000874
CADASTRAR,00000004083,Gabriel Souza,1998-01-02
ENTRADA,00000000058,1
BUSCAR,00000000437
CHAMAR
RELATORIO
BUSCAR,00000003732
DESISTIR,00000002257
BUSCAR,00000000327
ENTRADA,00000003936,3
CHAMAR
ENTRADA,00000000249,1
CHAMAR
ENTRADA,00000002394,3
BUSCAR,00000000971
CADASTRAR,00000004097,Bruno Silva,1993-06-07
CHAMAR
ENTRADA,00000000398,3
RELATORIO
CADASTRAR,00000004101,Bruno Rodrigues,2000-10-12
CADASTRAR,00000004102,Bruno Lima,2002-07-13
ENTRADA,00000000061,2
CADASTRAR,00000004104,Carlos Santos,1978-08-03
CADASTRAR,00000004105,Carlos Rodrigues,1990-06-28
ENTRADA,00000003955,2
CADASTRAR,00000004107,Daniela Ferreira,1975-08-24
BUSCAR,00000003740
CADASTRAR,00000004109,Daniela Santos,1982-07-04
CADASTRAR,00000004110,Gabriel Oliveira,1989-11-25
DESISTIR,00000000687
CADASTRAR,00000004112,Fernanda Santos,1990-10-18
CHAMAR
CADASTRAR,00000004114,Fernanda Costa,1992-11-01
ENTRADA,00000000038,1
BUSCAR,00000002911
TAMANHO
ENTRADA,00000000039,2
ENTRADA,00000000917,2
RELATORIO
CHAMAR
CHAMAR
CHAMAR
BUSCAR,00000003484
DESISTIR,00000002397
RELATORIO
BUSCAR,00000000047
CADASTRAR,00000004128,Bruno Souza,1979-10-17
BUSCAR,00000000432
ENTRADA,00000000240,1
CADASTRAR,00000004131,Carlos Lima,1993-12-17
ENTRADA,00000003484,3
BUSCAR,00000001856
BUSCAR,00000002276
BUSCAR,00000001116
ENTRADA,00000001647,2
RELATORIO
CADASTRAR,00000004138,Eduardo Rodrigues,1971-05-03
ENTRADA,00000002561,2
CADASTRAR,00000004140,Gabriel Silva,1991-12-06
TAMANHO
BUSCAR,00000001689
ENTRADA,00000001930,3
BUSCAR,00000001210
CHAMAR
CHAMAR
CADASTRAR,00000004147,Fernanda Souza,1985-04-01
ENTRADA,00000002363,1
BUSCAR,00000003463
CADASTRAR,00000004150,Carlos Costa,1976-02-14
CHAMAR
CADASTRAR,00000004152,Carlos Silva,1984-03-08
CHAMAR
BUSCAR,00000000585
ENTRADA,00000001410,2
CADASTRAR,00000004156,Helena Rodrigues,1986-08-19
BUSCAR,00000002042
CHAMAR
ENTRADA,00000001756,1
RELATORIO
BUSCAR,00000000075
CADASTRAR,00000004162,Ana Silva,1981-05-04
CHAMAR
CADASTRAR,00000004164,Eduardo Ferreira,1991-07-18
ENTRADA,00000001900,1
CADASTRAR,00000004166,Ana Ferreira,1984-06-19
ENTRADA,00000000685,1
BUSCAR,00000003573
ENTRADA,00000002277,2
CADASTRAR,00000004170,Helena Santos,2003-10-17
ENTRADA,00000000065,2
CADASTRAR,00000004172,Helena Rodrigues,1983-11-17
DESISTIR,00000000261
CHAMAR
BUSCAR,00000001005
CADASTRAR,00000004176,Daniela Silva,1991-01-28
CHAMAR
ENTRADA,00000003539,3
BUSCAR,00000000689
ENTRADA,00000000793,2
DESISTIR,00000000169
TAMANHO
CHAMAR
DESISTIR,00000001698
CADASTRAR,00000004185,Carlos Souza,1999-05-19
CADASTRAR,00000004186,Helena Lima,1980-07-18
TAMANHO
BUSCAR,00000001843
BUSCAR,00000002685
ENTRADA,00000000062,3
ENTRADA,00000000612,3
BUSCAR,00000002068
BUSCAR,00000002743
BUSCAR,00000003138
CHAMAR
RELATORIO
TAMANHO
CADASTRAR,00000004198,Ana Santos,1971-11-19
ENTRADA,00000000427,1
RELATORIO
ENTRADA,00000000091,3
BUSCAR,00000000533
CADASTRAR,00000004203,Ana Lima,1980-07-11
CADASTRAR,00000004204,Carlos Lima,1990-10-03
BUSCAR,00000003958
CHAMAR
ENTRADA,00000003229,1
BUSCAR,00000004138
ENTRADA,00000001083,2
CADASTRAR,00000004210,Fernanda Silva,1978-06-13
CADASTRAR,00000004211,Bruno Silva,1971-12-25
DESISTIR,00000002462
BUSCAR,00000000707
BUSCAR,00000003689
CHAMAR
CADASTRAR,00000004216,Daniela Oliveira,2004-05-10
CHAMAR
ENTRADA,00000001791,1
ENTRADA,00000002794,1
BUSCAR,00000000241
TAMANHO
CADASTRAR,00000004222,Gabriel Rodrigues,1980-01-10
DESISTIR,00000000906
ENTRADA,00000000964,2
CHAMAR
CHAMAR
CADASTRAR,00000004227,Eduardo Lima,1988-11-25
ENTRADA,00000003424,2
CHAMAR
ENTRADA,00000002128,2
ENTRADA,00000002524,3
CADASTRAR,00000004232,Helena Silva,2000-12-19
CADASTRAR,00000004233,Fernanda Silva,2003-11-24
RELATORIO
CADASTRAR,00000004235,Helena Silva,1991-10-24
CHAMAR
ENTRADA,00000002874,2
CADASTRAR,00000004238,Ana Costa,1995-11-01
CHAMAR
ENTRADA,00000000658,3
CADASTRAR,00000004241,Gabriel Costa,1983-03-01
CADASTRAR,00000004242,Fernanda Lima,1984-07-06
RELATORIO
ENTRADA,00000000155,1
BUSCAR,00000002004
CADASTRAR,00000004246,Eduardo Souza,1989-04-18
DESISTIR,00000000058
CHAMAR
ENTRADA,00000001943,3
CHAMAR
CADASTRAR,00000004251,Helena Santos,1974-06-07
CHAMAR
ENTRADA,00000003904,1
CHAMAR
BUSCAR,00000002880
CHAMAR
BUSCAR,00000000217
CHAMAR
CHAMAR
CADASTRAR,00000004260,Fernanda Rodrigues,1986-04-07
RELATORIO
ENTRADA,00000001553,1
CADASTRAR,00000004263,Helena Costa,1975-05-18
ENTRADA,00000001135,2
ENTRADA,00000002098,3
TAMANHO
ENTRADA,00000004081,3
ENTRADA,00000001407,1
BUSCAR,00000001314
ENTRADA,00000002523,1
CHAMAR
CADASTRAR,00000004272,Carlos Silva,1991-04-18
RELATORIO
ENTRADA,00000002318,2
CADASTRAR,00000004275,Bruno Lima,1975-03-15
ENTRADA,00000002474,1
CHAMAR
RELATORIO
ENTRADA,00000001733,1
ENTRADA,00000003654,3
TAMANHO
CADASTRAR,00000004282,Gabriel Lima,1983-07-01
CADASTRAR,00000004283,Daniela Silva,1983-06-23
CADASTRAR,00000004284,Carlos Costa,1973-05-20
ENTRADA,00000002353,3
ENTRADA,00000002978,3
ENTRADA,00000003583,3
RELATORIO
BUSCAR,00000003259
CADASTRAR,00000004290,Fernanda Souza,1998-09-01
RELATORIO
DESISTIR,00000002571
CHAMAR
ENTRADA,00000003905,2
ENTRADA,00000002570,2
ENTRADA,00000000012,1
CHAMAR
ENTRADA,00000001064,1
CHAMAR
BUSCAR,00000002523
ENTRADA,00000000078,2
CADASTRAR,00000004302,Helena Oliveira,1984-02-08
CHAMAR
CADASTRAR,00000004304,Helena Lima,1996-03-14
BUSCAR,00000001920
CADASTRAR,00000004306,Ana Silva,2002-09-16
CADASTRAR,00000004307,Daniela Souza,1976-08-05
CADASTRAR,00000004308,Gabriel Costa,2004-12-17
CADASTRAR,00000004309,Fernanda Silva,1981-04-09
BUSCAR,00000001440
ENTRADA,00000003807,1
CADASTRAR,00000004312,Carlos Oliveira,1988-10-24
CHAMAR
BUSCAR,00000003812
CHAMAR
CHAMAR
BUSCAR,00000000719
RELATORIO
ENTRADA,00000000546,1
RELATORIO
DESISTIR,00000001126
ENTRADA,00000001495,2
ENTRADA,00000003894,1
CADASTRAR,00000004324,Fernanda Ferreira,1982-05-27
DESISTIR,00000000597
CADASTRAR,00000004326,Bruno Oliveira,1970-04-21
ENTRADA,00000000887,3
CADASTRAR,00000004328,Ana Oliveira,1993-09-02
ENTRADA,00000000694,2
ENTRADA,00000003894,2
RELATORIO
CHAMAR
BUSCAR,00000001398
CHAMAR
RELATORIO
DESISTIR,00000000576
CHAMAR
CADASTRAR,00000004338,Ana Rodrigues,1980-07-11
CADASTRAR,00000004339,Bruno Souza,1979-12-07
CADASTRAR,00000004340,Ana Lima,1999-08-16
CADASTRAR,00000004341,Helena Santos,1996-08-27
ENTRADA,00000000501,2
CHAMAR
CADASTRAR,00000004344,Gabriel Santos,2003-04-13
CHAMAR
CHAMAR
ENTRADA,00000003983,2
ENTRADA,00000003137,3
TAMANHO
CHAMAR
ENTRADA,00000003121,3
CHAMAR
ENTRADA,00000003306,3
ENTRADA,00000001596,3
CHAMAR
BUSCAR,00000000387
ENTRADA,00000000506,1
CHAMAR
RELATORIO
BUSCAR,00000002297
BUSCAR,00000000026
DESISTIR,00000000155
ENTRADA,00000002820,2
ENTRADA,00000002004,2
DESISTIR,00000001346
CADASTRAR,00000004366,Helena Santos,2005-03-09
CHAMAR
BUSCAR,00000000410
CHAMAR
DESISTIR,00000000887
TAMANHO
CHAMAR
CADASTRAR,00000004373,Daniela Silva,1990-05-24
CADASTRAR,00000004374,Carlos Santos,1980-11-10
ENTRADA,00000000626,3
TAMANHO
CADASTRAR,00000004377,Ana Lima,1991-08-26
ENTRADA,00000003979,2
BUSCAR,00000001440
BUSCAR,00000002929
CADASTRAR,00000004381,Eduardo Lima,1997-05-05
BUSCAR,00000000051
CADASTRAR,00000004383,Fernanda Lima,1976-09-13
ENTRADA,00000004339,2
CADASTRAR,00000004385,Carlos Costa,2002-02-09
CHAMAR
CADASTRAR,00000004387,Fernanda Oliveira,1999-01-04
CHAMAR
CHAMAR
DESISTIR,00000000040
CADASTRAR,00000004391,Daniela Ferreira,2004-04-18
BUSCAR,00000003138
ENTRADA,00000001553,2
BUSCAR,00000002506
TAMANHO
CADASTRAR,00000004396,Ana Santos,1985-01-15
ENTRADA,00000000948,2
CHAMAR
CADASTRAR,00000004399,Bruno Silva,1972-05-27
CADASTRAR,00000004400,Fernanda Rodrigues,1999-10-20
ENTRADA,00000001587,2
CADASTRAR,00000004402,Daniela Souza,1977-07-23
ENTRADA,00000001994,3
CADASTRAR,00000004404,Eduardo Lima,2001-04-28
ENTRADA,00000002588,1
TAMANHO
CADASTRAR,00000004407,Daniela Santos,1995-08-21
BUSCAR,00000003359
RELATORIO
CADASTRAR,00000004410,Eduardo Costa,1993-09-21
CHAMAR
CADASTRAR,00000004412,Carlos Ferreira,1972-01-28
DESISTIR,00000001832
BUSCAR,00000000756
RELATORIO
CHAMAR
CADASTRAR,00000004417,Helena Rodrigues,2002-12-02
BUSCAR,00000003186
CHAMAR
CHAMAR
CADASTRAR,00000004421,Helena Lima,1988-03-16
CADASTRAR,00000004422,Daniela Costa,1996-12-02
RELATORIO
RELATORIO
ENTRADA,00000000415,2
ENTRADA,00000000066,3
CADASTRAR,00000004427,Bruno Rodrigues,2004-09-06
CADASTRAR,00000004428,Ana Souza,2004-03-17
CHAMAR
CHAMAR
ENTRADA,00000003410,3
CADASTRAR,00000004432,Ana Lima,1999-11-26
CADASTRAR,00000004433,Bruno Silva,2004-06-08
CADASTRAR,00000004434,Daniela Ferreira,1990-12-20
CHAMAR
CADASTRAR,00000004436,Bruno Costa,2000-11-02
RELATORIO
BUSCAR,00000000058
CADASTRAR,00000004439,Eduardo Rodrigues,1992-06-13
RELATORIO
ENTRADA,00000002925,1
ENTRADA,00000002551,2
CADASTRAR,00000004443,Carlos Silva,1975-07-02
CADASTRAR,00000004444,Helena Oliveira,1993-04-09
CADASTRAR,00000004445,Daniela Lima,1974-11-01
TAMANHO
ENTRADA,00000003998,1
ENTRADA,00000001595,1
CADASTRAR,00000004449,Eduardo Rodrigues,1986-06-28
ENTRADA,00000001289,2
ENTRADA,00000003858,2
DESISTIR,00000001336
ENTRADA,00000004138,2
ENTRADA,00000001804,1
ENTRADA,00000000685,1
BUSCAR,00000000485
ENTRADA,00000003739,2
CHAMAR
CADASTRAR,00000004459,Fernanda Oliveira,1971-06-19
CADASTRAR,00000004460,Bruno Silva,1976-05-27
BUSCAR,00000001781
BUSCAR,00000000081
TAMANHO
BUSCAR,00000000029
CADASTRAR,00000004465,Ana Lima,2001-12-06
ENTRADA,00000003509,1
CADASTRAR,00000004467,Carlos Souza,1978-01-22
BUSCAR,00000000719
ENTRADA,00000003554,2
CHAMAR
CADASTRAR,00000004471,Gabriel Souza,2003-07-08
ENTRADA,00000000007,3
CHAMAR
TAMANHO
RELATORIO
CADASTRAR,00000004476,Daniela Costa,1998-03-24
BUSCAR,00000000549
CHAMAR
RELATORIO
ENTRADA,00000004058,1
CADASTRAR,00000004481,Gabriel Ferreira,1971-07-01
BUSCAR,00000000524
ENTRADA,00000003355,2
CADASTRAR,00000004484,Gabriel Oliveira,1973-09-17
CADASTRAR,00000004485,Fernanda Santos,1984-05-11
CADASTRAR,00000004486,Helena Costa,1992-04-27
CADASTRAR,00000004487,Ana Souza,2004-08-09
CHAMAR
CHAMAR
CADASTRAR,00000004490,Helena Ferreira,2002-09-14
CHAMAR
CADASTRAR,00000004492,Daniela Santos,1984-08-19
CADASTRAR,00000004493,Helena Santos,2002-12-28
BUSCAR,00000001926
BUSCAR,00000000521
CADASTRAR,00000004496,Helena Rodrigues,2003-10-09
CADASTRAR,00000004497,Daniela Ferreira,1975-01-03
CADASTRAR,00000004498,Ana Ferreira,1974-02-12
CADASTRAR,00000004499,Gabriel Santos,1999-11-02
CHAMAR
CHAMAR
CADASTRAR,00000004502,Carlos Oliveira,1971-08-22
DESISTIR,00000003181
TAMANHO
CHAMAR
ENTRADA,00000001956,3
BUSCAR,00000002524
ENTRADA,00000002618,1
CADASTRAR,00000004509,Eduardo Silva,1978-01-06
ENTRADA,00000001784,2
ENTRADA,00000000965,3
CHAMAR
BUSCAR,00000002741
ENTRADA,00000000241,2
ENTRADA,00000002443,2
ENTRADA,00000002956,3
ENTRADA,00000000713,3
CADASTRAR,00000004518,Helena Ferreira,2003-01-20
CADASTRAR,00000004519,Fernanda Souza,1983-05-02
ENTRADA,00000001589,2
DESISTIR,00000003050
CADASTRAR,00000004522,Helena Souza,1992-09-14
BUSCAR,00000002794
BUSCAR,00000002467
BUSCAR,00000003759
CHAMAR
TAMANHO
ENTRADA,00000001575,1
TAMANHO
CADASTRAR,00000004530,Fernanda Souza,2005-11-28
CADASTRAR,00000004531,Eduardo Costa,1988-10-18
ENTRADA,00000003539,1
CADASTRAR,00000004533,Gabriel Souza,1974-09-20
CADASTRAR,00000004534,Helena Rodrigues,1979-12-09
CADASTRAR,00000004535,Gabriel Souza,1976-03-27
CHAMAR
RELATORIO
CADASTRAR,00000004538,Helena Souza,1987-06-10
RELATORIO
CHAMAR
TAMANHO
CHAMAR
ENTRADA,00000001880,1
CADASTRAR,00000004544,Eduardo Souza,1996-09-01
DESISTIR,00000002802
ENTRADA,00000000218,1
CADASTRAR,00000004547,Bruno Santos,1971-06-05
CADASTRAR,00000004548,Ana Rodrigues,2000-04-10
RELATORIO
CHAMAR
CADASTRAR,00000004551,Ana Costa,1999-06-15
ENTRADA,00000000007,3
CADASTRAR,00000004553,Gabriel Ferreira,2002-02-19
CHAMAR
ENTRADA,00000003063,1
CADASTRAR,00000004556,Gabriel Silva,1993-07-09
CADASTRAR,00000004557,Daniela Costa,1983-12-02
CADASTRAR,00000004558,Helena Oliveira,1975-11-24
ENTRADA,00000003932,2
BUSCAR,00000003259
ENTRADA,00000004417,3
DESISTIR,00000000501
ENTRADA,00000001781,2
CHAMAR
ENTRADA,00000002606,1
DESISTIR,00000002596
ENTRADA,00000003003,3
BUSCAR,00000000184
CADASTRAR,00000004569,Ana Rodrigues,1971-04-15
ENTRADA,00000004018,1
ENTRADA,00000002743,2
RELATORIO
ENTRADA,00000000597,1
CHAMAR
RELATORIO
CHAMAR
BUSCAR,00000003023
CADASTRAR,00000004578,Bruno Silva,2004-01-21
ENTRADA,00000002519,3
BUSCAR,00000001653
BUSCAR,00000003158
CADASTRAR,00000004582,Carlos Rodrigues,1974-10-06
TAMANHO
BUSCAR,00000002588
CADASTRAR,00000004585,Gabriel Ferreira,1990-05-09
BUSCAR,00000001639
CHAMAR
BUSCAR,00000002266
ENTRADA,00000004227,2
CHAMAR
BUSCAR,00000003551
ENTRADA,00000003701,1
CHAMAR
RELATORIO
RELATORIO
ENTRADA,00000004056,1
CADASTRAR,00000004597,Gabriel Lima,1978-12-27
CADASTRAR,00000004598,Gabriel Santos,1977-04-25
CADASTRAR,00000004599,Bruno Santos,2004-06-06
CADASTRAR,00000004600,Carlos Ferreira,1970-12-06
RELATORIO
CADASTRAR,00000004602,Ana Oliveira,1976-03-22
CADASTRAR,00000004603,Fernanda Rodrigues,1981-07-14
BUSCAR,00000003072
CADASTRAR,00000004605,Daniela Souza,1974-03-07
ENTRADA,00000004603,1
ENTRADA,00000004421,2
ENTRADA,00000004083,3
ENTRADA,00000001975,3
RELATORIO
CADASTRAR,00000004611,Ana Lima,1999-12-20
TAMANHO
ENTRADA,00000000689,1
CADASTRAR,00000004614,Helena Oliveira,1984-02-02
ENTRADA,00000001682,1
BUSCAR,00000002874
ENTRADA,00000003424,1
CHAMAR
BUSCAR,00000003305
RELATORIO
BUSCAR,00000002852
CHAMAR
CADASTRAR,00000004623,Fernanda Santos,2003-05-10
CADASTRAR,00000004624,Helena Rodrigues,2000-07-02
ENTRADA,00000004065,1
BUSCAR,00000001221
ENTRADA,00000003763,1
ENTRADA,00000000264,3
CHAMAR
CHAMAR
DESISTIR,00000002874
BUSCAR,00000001791
CADASTRAR,00000004633,Gabriel Lima,1972-02-18
CADASTRAR,00000004634,Bruno Souza,1982-05-16
CHAMAR
CHAMAR
ENTRADA,00000003834,2
CADASTRAR,00000004638,Eduardo Rodrigues,1993-09-11
BUSCAR,00000004282
CADASTRAR,00000004640,Ana Souza,1974-07-01
ENTRADA,00000003137,3
ENTRADA,00000002663,3
CHAMAR
BUSCAR,00000004377
BUSCAR,00000000789
ENTRADA,00000000880,2
CADASTRAR,00000004647,Ana Lima,1974-04-06
CADASTRAR,00000004648,Bruno Santos,1983-03-20
ENTRADA,00000003378,2
ENTRADA,00000000318,1
RELATORIO
CADASTRAR,00000004652,Ana Oliveira,1998-06-03
ENTRADA,00000003664,2
RELATORIO
CADASTRAR,00000004655,Eduardo Souza,1998-10-07
ENTRADA,00000000155,2
TAMANHO
BUSCAR,00000001605
CADASTRAR,00000004659,Ana Santos,1991-08-07
DESISTIR,00000002743
CADASTRAR,00000004661,Helena Oliveira,1997-06-01
BUSCAR,00000003385
ENTRADA,00000001803,1
CADASTRAR,00000004664,Eduardo Souza,1977-10-14
BUSCAR,00000002591
DESISTIR,00000002606
BUSCAR,00000000598
ENTRADA,00000000061,3
BUSCAR,00000001735
ENTRADA,00000003018,1
CHAMAR
TAMANHO
RELATORIO
ENTRADA,00000001215,2
DESISTIR,00000002083
ENTRADA,00000003551,3
ENTRADA,00000000142,3
ENTRADA,00000001980,1
CHAMAR
TAMANHO
CADASTRAR,00000004681,Fernanda Oliveira,1971-02-05
DESISTIR,00000002128
BUSCAR,00000001647
BUSCAR,00000001660
ENTRADA,00000000775,2
CADASTRAR,00000004686,Fernanda Oliveira,1996-12-11
RELATORIO
RELATORIO
CADASTRAR,00000004689,Gabriel Santos,2001-09-02
CADASTRAR,00000004690,Ana Rodrigues,2001-03-10
CADASTRAR,00000004691,Gabriel Ferreira,1976-08-14
CADASTRAR,00000004692,Fernanda Costa,1997-04-08
CADASTRAR,00000004693,Daniela Oliveira,1994-06-04
CADASTRAR,00000004694,Gabriel Oliveira,1989-07-03
CHAMAR
CADASTRAR,00000004696,Eduardo Rodrigues,2005-10-01
BUSCAR,00000004655
ENTRADA,00000002270,2
BUSCAR,00000001843
CHAMAR
ENTRADA,00000004170,1
CADASTRAR,00000004702,Bruno Souza,1978-10-19
CHAMAR
CHAMAR
DESISTIR,00000002661
CADASTRAR,00000004706,Gabriel Silva,1996-09-24
BUSCAR,00000003764
RELATORIO
CHAMAR
CHAMAR
CHAMAR
ENTRADA,00000002058,3
BUSCAR,00000001064
CHAMAR
CADASTRAR,00000004715,Bruno Silva,1984-10-22
CADASTRAR,00000004716,Daniela Silva,1998-09-12
RELATORIO
BUSCAR,00000004623
ENTRADA,00000001391,3
CADASTRAR,00000004720,Gabriel Santos,1973-09-27
CADASTRAR,00000004721,Gabriel Ferreira,1975-03-06
CADASTRAR,00000004722,Fernanda Oliveira,1970-12-14
BUSCAR,00000002353
ENTRADA,00000002184,3
RELATORIO
CADASTRAR,00000004726,Fernanda Rodrigues,1986-05-16
BUSCAR,00000003229
ENTRADA,00000001005,3
ENTRADA,00000002506,2
CADASTRAR,00000004730,Bruno Oliveira,1986-01-24
ENTRADA,00000000054,1
DESISTIR,00000000398
CHAMAR
CADASTRAR,00000004734,Carlos Costa,1992-02-21
BUSCAR,00000002127
CADASTRAR,00000004736,Daniela Souza,1999-06-14
BUSCAR,00000000180
ENTRADA,00000003821,3
ENTRADA,00000002975,1
CADASTRAR,00000004740,Ana Silva,1999-01-18
ENTRADA,00000000554,1
CADASTRAR,00000004742,Gabriel Ferreira,1987-06-03
BUSCAR,00000004198
BUSCAR,00000000401
CADASTRAR,00000004745,Ana Santos,1995-06-04
CADASTRAR,00000004746,Carlos Lima,1984-11-11
ENTRADA,00000004328,2
CHAMAR
ENTRADA,00000002606,1
BUSCAR,00000000689
ENTRADA,00000003740,1
CADASTRAR,00000004752,Ana Costa,1989-08-27
BUSCAR,00000004702
ENTRADA,00000004210,2
CHAMAR
ENTRADA,00000003875,2
DESISTIR,00000001733
CADASTRAR,00000004758,Helena Lima,1994-11-13
DESISTIR,00000000319
RELATORIO
ENTRADA,00000003509,3
ENTRADA,00000000605,2
ENTRADA,00000000238,1
ENTRADA,00000003575,3
BUSCAR,00000003872
CHAMAR
CHAMAR
CADASTRAR,00000004768,Bruno Lima,1989-10-12
CHAMAR
TAMANHO
TAMANHO
CADASTRAR,00000004772,Helena Santos,2004-06-21
ENTRADA,00000000996,1
BUSCAR,00000001036
BUSCAR,00000002106
CHAMAR
CADASTRAR,00000004777,Ana Rodrigues,1988-06-27
CADASTRAR,00000004778,Carlos Ferreira,1986-04-02
CADASTRAR,00000004779,Bruno Ferreira,1980-04-22
BUSCAR,00000000648
BUSCAR,00000000281
CHAMAR
BUSCAR,00000001629
DESISTIR,00000000065
TAMANHO
ENTRADA,00000003080,1
BUSCAR,00000001564
ENTRADA,00000002328,3
CADASTRAR,00000004789,Eduardo Costa,1998-03-28
ENTRADA,00000004308,3
CHAMAR
ENTRADA,00000003846,1
CHAMAR
CADASTRAR,00000004794,Eduardo Lima,1977-12-17
TAMANHO
TAMANHO
ENTRADA,00000002458,2
CHAMAR
CADASTRAR,00000004799,Bruno Rodrigues,1979-05-20
ENTRADA,00000001143,2
ENTRADA,00000001647,3
CADASTRAR,00000004802,Fernanda Rodrigues,1972-06-14
ENTRADA,00000003945,2
BUSCAR,00000001255
TAMANHO
CADASTRAR,00000004806,Carlos Santos,2000-05-08
ENTRADA,00000003660,1
TAMANHO
BUSCAR,00000000273
BUSCAR,00000000541
DESISTIR,00000003764
BUSCAR,00000004251
ENTRADA,00000002733,1
TAMANHO
BUSCAR,00000000862
CADASTRAR,00000004816,Helena Lima,1977-07-20
ENTRADA,00000002232,1
BUSCAR,00000004623
RELATORIO
BUSCAR,00000003955
CHAMAR
CADASTRAR,00000004822,Eduardo Costa,2002-02-09
BUSCAR,00000000299
BUSCAR,00000002626
CADASTRAR,00000004825,Bruno Silva,2005-05-16
BUSCAR,00000002422
ENTRADA,00000002118,1
CADASTRAR,00000004828,Carlos Silva,1994-05-10
ENTRADA,00000002956,2
BUSCAR,00000004101
ENTRADA,00000000612,1
ENTRADA,00000000073,2
CHAMAR
CHAMAR
BUSCAR,00000000756
ENTRADA,00000001990,1
CADASTRAR,00000004837,Fernanda Souza,1975-12-24
CADASTRAR,00000004838,Eduardo Rodrigues,1977-08-28
CADASTRAR,00000004839,Fernanda Rodrigues,1995-06-09
CADASTRAR,00000004840,Ana Rodrigues,1999-08-23
CHAMAR
DESISTIR,00000002750
CHAMAR
BUSCAR,00000000005
CADASTRAR,00000004845,Daniela Lima,1984-08-22
CADASTRAR,00000004846,Carlos Rodrigues,1999-06-12
BUSCAR,00000003886
CADASTRAR,00000004848,Gabriel Santos,1973-06-07
CHAMAR
ENTRADA,00000000155,3
CADASTRAR,00000004851,Bruno Lima,1975-04-15
DESISTIR,00000002458
RELATORIO
CADASTRAR,00000004854,Bruno Ferreira,1992-09-19
ENTRADA,00000003120,2
ENTRADA,00000001940,2
CADASTRAR,00000004857,Carlos Ferreira,1980-11-16
ENTRADA,00000001822,2
CADASTRAR,00000004859,Ana Ferreira,1993-02-19
BUSCAR,00000004730
CHAMAR
ENTRADA,00000004692,1
CADASTRAR,00000004863,Bruno Rodrigues,1989-08-27
ENTRADA,00000003229,3
CADASTRAR,00000004865,Carlos Souza,1975-06-17
BUSCAR,00000004449
ENTRADA,00000003115,1
CHAMAR
CADASTRAR,00000004869,Ana Santos,1986-10-21
ENTRADA,00000001203,3
ENTRADA,00000000105,1
ENTRADA,00000000194,3
CADASTRAR,00000004873,Ana Costa,1996-09-10
RELATORIO
DESISTIR,00000000512
CHAMAR
ENTRADA,00000000065,2
CHAMAR
CADASTRAR,00000004879,Ana Rodrigues,1973-03-15
TAMANHO
CHAMAR
ENTRADA,00000002864,2
BUSCAR,00000003551
CADASTRAR,00000004884,Bruno Souza,1985-10-21
BUSCAR,00000000061
DESISTIR,00000001804
CADASTRAR,00000004887,Fernanda Rodrigues,1976-09-04
DESISTIR,00000003821
CHAMAR
ENTRADA,00000004726,3
BUSCAR,00000000058
CHAMAR
DESISTIR,00000000713
BUSCAR,00000003370
RELATORIO
BUSCAR,00000003519
ENTRADA,00000004156,2
CHAMAR
CHAMAR
ENTRADA,00000003768,1
CADASTRAR,00000004901,Fernanda Oliveira,2005-02-28
CADASTRAR,00000004902,Fernanda Silva,1983-10-26
ENTRADA,00000000080,2
CADASTRAR,00000004904,Fernanda Santos,1990-09-25
ENTRADA,00000000088,2
ENTRADA,00000004854,2
BUSCAR,00000002899
CADASTRAR,00000004908,Gabriel Ferreira,1987-09-01
CADASTRAR,00000004909,Helena Costa,1984-09-21
CHAMAR
CADASTRAR,00000004911,Gabriel Oliveira,1971-01-07
ENTRADA,00000003842,3
ENTRADA,00000002334,3
TAMANHO
CADASTRAR,00000004915,Carlos Rodrigues,1979-05-28
RELATORIO
BUSCAR,00000003544
CADASTRAR,00000004918,Helena Rodrigues,1994-06-23
CADASTRAR,00000004919,Helena Santos,1990-11-07
CADASTRAR,00000004920,Bruno Santos,1979-03-07
CADASTRAR,00000004921,Bruno Souza,1984-11-25
CHAMAR
ENTRADA,00000002456,2
RELATORIO
DESISTIR,00000002930
TAMANHO
CHAMAR
BUSCAR,00000001338
CHAMAR
DESISTIR,00000000007
ENTRADA,00000002519,3
CADASTRAR,00000004932,Daniela Lima,1994-03-01
CADASTRAR,00000004933,Bruno Oliveira,2003-01-11
CADASTRAR,00000004934,Helena Oliveira,1986-06-11
ENTRADA,00000002520,1
CADASTRAR,00000004936,Carlos Costa,1974-03-13
CADASTRAR,00000004937,Carlos Costa,1998-11-24
ENTRADA,00000001980,3
CADASTRAR,00000004939,Eduardo Lima,2001-03-19
CADASTRAR,00000004940,Daniela Souza,1996-06-01
BUSCAR,00000003241
CADASTRAR,00000004942,Bruno Oliveira,2004-11-15
ENTRADA,00000004284,3
CADASTRAR,00000004944,Bruno Costa,1988-10-08
CADASTRAR,00000004945,Eduardo Ferreira,1981-04-04
CADASTRAR,00000004946,Carlos Oliveira,1999-04-04
RELATORIO
CHAMAR
CADASTRAR,00000004949,Ana Lima,2005-02-04
ENTRADA,00000004434,1
CHAMAR
BUSCAR,00000003003
ENTRADA,00000001062,2
BUSCAR,00000000723
ENTRADA,00000004779,1
BUSCAR,00000003229
ENTRADA,00000001419,2
ENTRADA,00000004436,1
TAMANHO
BUSCAR,00000003915
CADASTRAR,00000004961,Helena Oliveira,1973-11-23
CADASTRAR,00000004962,Helena Lima,1980-12-10
CHAMAR
CADASTRAR,00000004964,Eduardo Santos,1976-09-12
BUSCAR,00000000783
ENTRADA,00000002493,2
CADASTRAR,00000004967,Fernanda Santos,1978-03-04
CADASTRAR,00000004968,Daniela Silva,1984-10-28
BUSCAR,00000001281
CADASTRAR,00000004970,Bruno Oliveira,1988-06-05
DESISTIR,00000002443
CHAMAR
ENTRADA,00000003036,3
CHAMAR
BUSCAR,00000001913
ENTRADA,00000001005,1
ENTRADA,00000002004,2
CHAMAR
CADASTRAR,00000004979,Helena Lima,1991-10-05
BUSCAR,00000003570
DESISTIR,00000000155
TAMANHO
DESISTIR,00000001942
BUSCAR,00000000737
CADASTRAR,00000004985,Carlos Oliveira,1983-01-28
CADASTRAR,00000004986,Helena Souza,1993-08-26
CHAMAR
ENTRADA,00000001605,1
ENTRADA,00000000151,3
CHAMAR
ENTRADA,00000004232,2
CADASTRAR,00000004992,Fernanda Costa,1986-02-03
ENTRADA,00000004444,2
CADASTRAR,00000004994,Bruno Souza,1972-06-27
CADASTRAR,00000004995,Ana Oliveira,1972-07-14
BUSCAR,00000001280
RELATORIO
ENTRADA,00000000707,1
DESISTIR,00000001647
TAMANHO
CADASTRAR,00000005001,Carlos Souza,2001-11-07
ENTRADA,00000003807,2
CHAMAR
CHAMAR
CHAMAR
CADASTRAR,00000005006,Carlos Oliveira,1974-12-07
CADASTRAR,00000005007,Ana Costa,1976-11-25
CADASTRAR,00000005008,Eduardo Costa,1986-06-17
CADASTRAR,00000005009,Daniela Silva,1989-04-25
CADASTRAR,00000005010,Fernanda Costa,1997-08-18
CADASTRAR,00000005011,Carlos Santos,1975-08-14
CHAMAR
CHAMAR
DESISTIR,00000002731
CADASTRAR,00000005015,Daniela Costa,1972-04-07
ENTRADA,00000002147,3
ENTRADA,00000000024,1
CHAMAR
DESISTIR,00000002606
ENTRADA,00000000281,1
CHAMAR
ENTRADA,00000002885,1
CHAMAR
ENTRADA,00000004487,2
TAMANHO
ENTRADA,00000000279,3
CADASTRAR,00000005027,Bruno Ferreira,2005-06-13
RELATORIO
TAMANHO
TAMANHO
RELATORIO
TAMANHO
BUSCAR,00000002760
CADASTRAR,00000005034,Helena Souza,1999-05-11
CADASTRAR,00000005035,Carlos Silva,1970-03-07
CADASTRAR,00000005036,Daniela Lima,2002-10-17
ENTRADA,00000001932,1
CHAMAR
CADASTRAR,00000005039,Eduardo Costa,2000-09-19
CHAMAR
ENTRADA,00000003099,3
CADASTRAR,00000005042,Eduardo Ferreira,1976-11-18
CADASTRAR,00000005043,Helena Costa,1970-07-16
BUSCAR,00000002469
BUSCAR,00000003023
ENTRADA,00000001049,1
CADASTRAR,00000005047,Carlos Lima,2002-10-02
ENTRADA,00000002054,3
CHAMAR
CHAMAR
CHAMAR
CADASTRAR,00000005052,Ana Lima,1986-09-01
TAMANHO
CHAMAR
ENTRADA,00000000299,1
CADASTRAR,00000005056,Fernanda Rodrigues,2003-11-07
ENTRADA,00000000687,3
ENTRADA,00000004556,2
BUSCAR,00000003137
CHAMAR
CADASTRAR,00000005061,Gabriel Rodrigues,1976-09-03
CHAMAR
CHAMAR
CHAMAR
BUSCAR,00000003641
ENTRADA,00000005006,2
BUSCAR,00000003644
CADASTRAR,00000005068,Helena Santos,1976-10-19
CADASTRAR,00000005069,Carlos Souza,1977-11-22
CADASTRAR,00000005070,Ana Costa,1983-11-20
CHAMAR
CHAMAR
BUSCAR,00000001373
RELATORIO
CHAMAR
ENTRADA,00000003821,3
CADASTRAR,00000005077,Carlos Costa,1994-05-22
RELATORIO
BUSCAR,00000000321
ENTRADA,00000003170,3
ENTRADA,00000000064,1
CHAMAR
CHAMAR
CHAMAR
ENTRADA,00000001595,1
TAMANHO
BUSCAR,00000004840
ENTRADA,00000005043,1
ENTRADA,00000004918,3
ENTRADA,00000002763,3
DESISTIR,00000004444
ENTRADA,00000000207,1
CADASTRAR,00000005093,Gabriel Ferreira,1991-09-07
ENTRADA,00000002079,3
ENTRADA,00000004012,3
BUSCAR,00000003018
ENTRADA,00000004962,2
CHAMAR
CADASTRAR,00000005099,Daniela Ferreira,2003-02-24
BUSCAR,00000000899
CADASTRAR,00000005101,Bruno Souza,2003-10-16
CHAMAR
RELATORIO
RELATORIO
BUSCAR,00000003994
CHAMAR
DESISTIR,00000001803
ENTRADA,00000000224,1
CADASTRAR,00000005109,Fernanda Souza,1986-07-09
BUSCAR,00000000348
CADASTRAR,00000005111,Eduardo Ferreira,1991-06-21
BUSCAR,00000004689
RELATORIO
BUSCAR,00000003753
BUSCAR,00000000746
ENTRADA,00000002850,1
ENTRADA,00000004164,1
CHAMAR
BUSCAR,00000003834
CHAMAR
ENTRADA,00000002611,3
CHAMAR
CADASTRAR,00000005123,Bruno Ferreira,1973-08-12
CADASTRAR,00000005124,Daniela Rodrigues,1994-02-06
CADASTRAR,00000005125,Ana Costa,1996-11-21
ENTRADA,00000004887,1
CADASTRAR,00000005127,Carlos Souza,1993-10-04
CADASTRAR,00000005128,Daniela Souza,1980-04-11
ENTRADA,00000001826,3
TAMANHO
ENTRADA,00000001041,2
BUSCAR,00000002551
CADASTRAR,00000005133,Eduardo Rodrigues,1992-07-08
ENTRADA,00000000756,2
BUSCAR,00000004994
RELATORIO
CHAMAR
CADASTRAR,00000005138,Gabriel Costa,2005-02-22
TAMANHO
CADASTRAR,00000005140,Carlos Oliveira,1992-03-06
TAMANHO
CADASTRAR,00000005142,Gabriel Costa,1992-05-08
CADASTRAR,00000005143,Ana Costa,1994-01-19
DESISTIR,00000000626
DESISTIR,00000003834
ENTRADA,00000000890,2
CHAMAR
CADASTRAR,00000005148,Helena Souza,1989-07-08
CHAMAR
CADASTRAR,00000005150,Bruno Rodrigues,1994-08-08
CADASTRAR,00000005151,Daniela Lima,2004-10-11
ENTRADA,00000001440,3
CHAMAR
CHAMAR
BUSCAR,00000002469
BUSCAR,00000003361
RELATORIO
CHAMAR
ENTRADA,00000001589,2
BUSCAR,00000003423
ENTRADA,00000005109,2
ENTRADA,00000003401,2
ENTRADA,00000000017,2
CADASTRAR,00000005164,Gabriel Santos,1998-01-14
BUSCAR,00000003882
BUSCAR,00000000974
RELATORIO
CADASTRAR,00000005168,Fernanda Oliveira,1970-02-06
ENTRADA,00000003692,2
ENTRADA,00000003213,2
CADASTRAR,00000005171,Carlos Costa,1998-11-25
CADASTRAR,00000005172,Ana Silva,1977-12-27
ENTRADA,00000004037,1
ENTRADA,00000002719,2
BUSCAR,00000002469
CADASTRAR,00000005176,Ana Santos,1988-04-19
BUSCAR,00000000079
RELATORIO
CADASTRAR,00000005179,Helena Souza,1989-04-23
TAMANHO
ENTRADA,00000002590,3
CHAMAR
CADASTRAR,00000005183,Bruno Ferreira,1974-03-26
ENTRADA,00000003301,3
BUSCAR,00000000207
ENTRADA,00000003606,3
ENTRADA,00000001131,3
ENTRADA,00000004427,1
ENTRADA,00000004603,1
ENTRADA,00000002877,3
CADASTRAR,00000005191,Helena Santos,1990-11-16
BUSCAR,00000002753
CADASTRAR,00000005193,Daniela Lima,2005-06-16
BUSCAR,00000001587
ENTRADA,00000001893,3
CHAMAR
CADASTRAR,00000005197,Gabriel Oliveira,2000-04-16
CADASTRAR,00000005198,Daniela Rodrigues,1991-07-26
CADASTRAR,00000005199,Ana Rodrigues,1970-12-25
ENTRADA,00000001426,2
ENTRADA,00000000612,2
ENTRADA,00000003753,2
CADASTRAR,00000005203,Carlos Costa,1976-04-19
CADASTRAR,00000005204,Eduardo Costa,1992-11-16
TAMANHO
CADASTRAR,00000005206,Bruno Rodrigues,1970-09-10
CADASTRAR,00000005207,Eduardo Santos,1977-03-09
BUSCAR,00000004534
BUSCAR,00000003692
CHAMAR
TAMANHO
ENTRADA,00000002735,2
ENTRADA,00000000086,2
CADASTRAR,00000005214,Bruno Santos,1990-02-18
CADASTRAR,00000005215,Fernanda Santos,2002-02-21
CADASTRAR,00000005216,Bruno Lima,1991-11-16
ENTRADA,00000003872,1
CADASTRAR,00000005218,Bruno Oliveira,1989-01-09
DESISTIR,00000001005
ENTRADA,00000000410,2
RELATORIO
ENTRADA,00000002843,2
ENTRADA,00000002661,1
CHAMAR
CADASTRAR,00000005225,Bruno Costa,1996-01-19
BUSCAR,00000003583
CADASTRAR,00000005227,Helena Costa,1992-11-12
ENTRADA,00000001840,2
CHAMAR
ENTRADA,00000003697,3
BUSCAR,00000001412
CADASTRAR,00000005232,Bruno Ferreira,1980-12-22
CADASTRAR,00000005233,Helena Santos,1973-01-15
TAMANHO
CADASTRAR,00000005235,Bruno Silva,1976-06-09
DESISTIR,00000002456
TAMANHO
TAMANHO
CADASTRAR,00000005239,Ana Costa,1982-03-07
CHAMAR
CADASTRAR,00000005241,Ana Santos,1996-04-19
BUSCAR,00000000874
CADASTRAR,00000005243,Bruno Souza,1981-01-15
CADASTRAR,00000005244,Helena Rodrigues,1978-05-04
TAMANHO
BUSCAR,00000002628
CHAMAR
BUSCAR,00000005140
RELATORIO
ENTRADA,00000003739,2
CADASTRAR,00000005251,Eduardo Souza,1984-02-22
ENTRADA,00000003600,3
ENTRADA,00000002795,2
CADASTRAR,00000005254,Gabriel Lima,1990-09-22
CADASTRAR,00000005255,Helena Rodrigues,1974-09-03
DESISTIR,00000003875
CHAMAR
ENTRADA,00000002731,3
BUSCAR,00000005009
ENTRADA,00000001821,2
CADASTRAR,00000005261,Fernanda Santos,1980-03-21
CHAMAR
CADASTRAR,00000005263,Eduardo Souza,1970-12-09
CADASTRAR,00000005264,Daniela Silva,1977-10-13
BUSCAR,00000001040
CADASTRAR,00000005266,Ana Rodrigues,1984-04-05
ENTRADA,00000001284,3
CHAMAR
BUSCAR,00000002247
TAMANHO
ENTRADA,00000002841,3
ENTRADA,00000000269,1
BUSCAR,00000003151
CADASTRAR,00000005274,Carlos Ferreira,2003-08-15
DESISTIR,00000000073
ENTRADA,00000000387,1
CADASTRAR,00000005277,Fernanda Rodrigues,2003-02-01
CADASTRAR,00000005278,Carlos Rodrigues,1996-07-19
ENTRADA,00000004538,1
ENTRADA,00000003120,2
DESISTIR,00000001784
TAMANHO
CADASTRAR,00000005283,Bruno Lima,1984-01-21
ENTRADA,00000000862,2
CADASTRAR,00000005285,Eduardo Oliveira,1985-08-12
ENTRADA,00000004720,1
ENTRADA,00000004272,2
TAMANHO
BUSCAR,00000003576
CHAMAR
BUSCAR,00000004825
CADASTRAR,00000005292,Gabriel Costa,1988-02-09
BUSCAR,00000000990
CADASTRAR,00000005294,Bruno Rodrigues,2002-02-27
CHAMAR
CADASTRAR,00000005296,Bruno Santos,1995-09-20
CHAMAR
BUSCAR,00000000432
CADASTRAR,00000005299,Eduardo Rodrigues,1990-08-18
BUSCAR,00000003566
BUSCAR,00000005052
ENTRADA,00000003953,3
CHAMAR
BUSCAR,00000000033
CADASTRAR,00000005305,Gabriel Ferreira,1992-07-19
CADASTRAR,00000005306,Carlos Souza,1995-03-19
ENTRADA,00000001641,1
CADASTRAR,00000005308,Daniela Rodrigues,1998-01-12
BUSCAR,00000003366
ENTRADA,00000005243,2
CADASTRAR,00000005311,Gabriel Ferreira,1976-11-13
ENTRADA,00000001040,3
CADASTRAR,00000005313,Helena Lima,1988-09-19
ENTRADA,00000004018,2
BUSCAR,00000001025
ENTRADA,00000003692,2
CADASTRAR,00000005317,Helena Lima,1987-09-27
ENTRADA,00000000164,2
CADASTRAR,00000005319,Eduardo Lima,2002-07-20
CHAMAR
ENTRADA,00000001093,3
TAMANHO
CHAMAR
CADASTRAR,00000005324,Gabriel Silva,1984-09-14
DESISTIR,00000002661
CHAMAR
CADASTRAR,00000005327,Helena Souza,1998-03-07
ENTRADA,00000003500,2
CADASTRAR,00000005329,Fernanda Souza,1989-08-11
CADASTRAR,00000005330,Eduardo Lima,1974-01-28
CHAMAR
RELATORIO
CHAMAR
CHAMAR
RELATORIO
CADASTRAR,00000005336,Ana Rodrigues,1992-03-27
RELATORIO
ENTRADA,00000000341,1
ENTRADA,00000005034,3
CHAMAR
CADASTRAR,00000005341,Helena Oliveira,1978-01-28
ENTRADA,00000003569,1
CHAMAR
BUSCAR,00000005313
CHAMAR
BUSCAR,00000000540
CHAMAR
BUSCAR,00000002046
CADASTRAR,00000005349,Carlos Souza,2003-12-15
CADASTRAR,00000005350,Ana Santos,2004-02-24
CHAMAR
CADASTRAR,00000005352,Eduardo Oliveira,2005-09-11
CHAMAR
ENTRADA,00000000224,1
BUSCAR,00000004611
TAMANHO
ENTRADA,00000002941,2
CADASTRAR,00000005358,Helena Santos,1979-11-16
BUSCAR,00000003919
CADASTRAR,00000005360,Daniela Lima,1995-11-28
CADASTRAR,00000005361,Bruno Souza,2002-03-04
CADASTRAR,00000005362,Eduardo Lima,1992-01-15
ENTRADA,00000004992,3
ENTRADA,00000004131,3
BUSCAR,00000001049
CADASTRAR,00000005366,Eduardo Silva,2004-10-25
ENTRADA,00000000056,2
CADASTRAR,00000005368,Carlos Ferreira,1979-08-25
DESISTIR,00000000658
CADASTRAR,00000005370,Fernanda Ferreira,2000-02-13
CHAMAR
TAMANHO
ENTRADA,00000003431,1
CADASTRAR,00000005374,Helena Souza,1993-11-07
CHAMAR
RELATORIO
ENTRADA,00000001255,2
BUSCAR,00000004326
BUSCAR,00000001953
TAMANHO
BUSCAR,00000004734
BUSCAR,00000004716
BUSCAR,00000003885
BUSCAR,00000001751
ENTRADA,00000002602,2
CADASTRAR,00000005386,Helena Lima,1970-10-19
CHAMAR
BUSCAR,00000002341
BUSCAR,00000000541
CADASTRAR,00000005390,Bruno Oliveira,1999-08-09
CHAMAR
CADASTRAR,00000005392,Bruno Lima,1974-12-06
RELATORIO
CADASTRAR,00000005394,Eduardo Lima,1973-10-16
ENTRADA,00000004789,1
ENTRADA,00000003352,2
ENTRADA,00000001587,2
ENTRADA,00000001900,2
BUSCAR,00000003131
ENTRADA,00000000128,1
BUSCAR,00000004272
CADASTRAR,00000005402,Fernanda Lima,1975-11-11
CADASTRAR,00000005403,Eduardo Costa,1985-12-20
CADASTRAR,00000005404,Helena Lima,1991-01-01
CHAMAR
CADASTRAR,00000005406,Fernanda Rodrigues,1980-10-27
DESISTIR,00000004308
CADASTRAR,00000005408,Fernanda Ferreira,2004-02-24
RELATORIO
ENTRADA,00000000180,3
BUSCAR,00000000770
CADASTRAR,00000005412,Eduardo Oliveira,1993-01-21
ENTRADA,00000003885,3
CADASTRAR,00000005414,Bruno Oliveira,1982-09-23
CADASTRAR,00000005415,Carlos Costa,2000-01-20
RELATORIO
TAMANHO
DESISTIR,00000001575
BUSCAR,00000003175
CADASTRAR,00000005420,Helena Silva,1989-06-14
CADASTRAR,00000005421,Bruno Lima,1971-11-07
BUSCAR,00000004400
CHAMAR
CHAMAR
CADASTRAR,00000005425,Fernanda Costa,1985-04-10
BUSCAR,00000001210
BUSCAR,00000000337
CADASTRAR,00000005428,Daniela Costa,2004-02-28
BUSCAR,00000000750
BUSCAR,00000004715
CADASTRAR,00000005431,Carlos Lima,1997-06-22
DESISTIR,00000003569
DESISTIR,00000000080
CADASTRAR,00000005434,Fernanda Santos,1978-01-20
ENTRADA,00000002438,2
ENTRADA,00000000049,1
ENTRADA,00000003571,3
CHAMAR
CHAMAR
BUSCAR,00000004140
CADASTRAR,00000005441,Bruno Ferreira,1978-08-15
ENTRADA,00000000255,1
ENTRADA,00000000011,3
BUSCAR,00000003916
CHAMAR
CHAMAR
ENTRADA,00000003773,1
ENTRADA,00000003259,1
TAMANHO
ENTRADA,00000004519,2
BUSCAR,00000004691
CHAMAR
CADASTRAR,00000005453,Fernanda Silva,1983-04-16
DESISTIR,00000002763
BUSCAR,00000003423
CADASTRAR,00000005456,Helena Costa,1986-04-12
CHAMAR
CHAMAR
ENTRADA,00000004059,3
BUSCAR,00000004047
CHAMAR
CADASTRAR,00000005462,Eduardo Souza,1975-12-10
ENTRADA,00000004493,3
BUSCAR,00000000974
RELATORIO
ENTRADA,00000001942,3
DESISTIR,00000001093
TAMANHO
BUSCAR,00000001904
ENTRADA,00000003308,2
CADASTRAR,00000005471,Eduardo Rodrigues,1978-04-28
CHAMAR
CADASTRAR,00000005473,Carlos Silva,1999-07-22
ENTRADA,00000004558,1
BUSCAR,00000003318
CHAMAR
CHAMAR
ENTRADA,00000005425,3
CADASTRAR,00000005479,Bruno Rodrigues,1986-01-25
CADASTRAR,00000005480,Carlos Rodrigues,1989-10-02
CHAMAR
CHAMAR
CADASTRAR,00000005483,Gabriel Santos,1989-08-06
BUSCAR,00000005263
ENTRADA,00000004387,3
ENTRADA,00000002369,3
ENTRADA,00000001419,2
BUSCAR,00000000238
TAMANHO
CADASTRAR,00000005490,Helena Oliveira,1999-03-16
BUSCAR,00000000891
BUSCAR,00000003102
TAMANHO
CHAMAR
BUSCAR,00000000030
CHAMAR
ENTRADA,00000003900,3
BUSCAR,00000001055
CADASTRAR,00000005499,Carlos Souza,1992-03-04
RELATORIO
CADASTRAR,00000005501,Bruno Ferreira,1995-07-03
DESISTIR,00000003500
CHAMAR
CHAMAR
ENTRADA,00000001696,2
BUSCAR,00000005278
ENTRADA,00000003423,1
BUSCAR,00000003207
CADASTRAR,00000005509,Carlos Costa,1995-06-07
DESISTIR,00000000264
CADASTRAR,00000005511,Gabriel Costa,2002-06-21
TAMANHO
ENTRADA,00000000091,2
ENTRADA,00000002658,2
ENTRADA,00000001956,1
TAMANHO
ENTRADA,00000005101,2
TAMANHO
ENTRADA,00000002725,2
BUSCAR,00000002748
TAMANHO
ENTRADA,00000004726,1
ENTRADA,00000004399,3
ENTRADA,00000003207,2
TAMANHO
CHAMAR
ENTRADA,00000000057,1
ENTRADA,00000001083,3
CADASTRAR,00000005529,Eduardo Lima,1970-04-06
CADASTRAR,00000005530,Bruno Souza,1978-06-06
CHAMAR
CHAMAR
ENTRADA,00000002327,1
BUSCAR,00000000070
ENTRADA,00000005311,3
BUSCAR,00000002506
BUSCAR,00000003235
CADASTRAR,00000005538,Eduardo Oliveira,1982-09-04
BUSCAR,00000001553
TAMANHO
CADASTRAR,00000005541,Carlos Oliveira,2003-01-04
ENTRADA,00000002560,1
ENTRADA,00000004081,3
BUSCAR,00000004582
RELATORIO
ENTRADA,00000000746,1
RELATORIO
ENTRADA,00000001994,2
BUSCAR,00000003115
CHAMAR
TAMANHO
DESISTIR,00000003539
CHAMAR
CADASTRAR,00000005554,Ana Oliveira,1976-09-09
ENTRADA,00000001843,3
CADASTRAR,00000005556,Carlos Costa,1977-10-02
ENTRADA,00000003410,3
TAMANHO
TAMANHO
ENTRADA,00000003167,2
CADASTRAR,00000005561,Daniela Ferreira,1990-10-15
BUSCAR,00000004816
TAMANHO
BUSCAR,00000000681
ENTRADA,00000000387,1
CHAMAR
CADASTRAR,00000005567,Carlos Lima,1992-08-06
CHAMAR
CHAMAR
RELATORIO
CADASTRAR,00000005571,Gabriel Santos,1991-01-15
CADASTRAR,00000005572,Ana Santos,1974-05-27
RELATORIO
BUSCAR,00000000554
ENTRADA,00000005420,1
DESISTIR,00000002978
ENTRADA,00000000442,3
ENTRADA,00000000180,3
CADASTRAR,00000005579,Gabriel Souza,1977-06-09
CADASTRAR,00000005580,Daniela Souza,1988-09-28
CADASTRAR,00000005581,Daniela Ferreira,1987-03-01
CHAMAR
CADASTRAR,00000005583,Helena Rodrigues,1984-06-23
TAMANHO
RELATORIO
CADASTRAR,00000005586,Fernanda Lima,1990-11-27
CADASTRAR,00000005587,Bruno Costa,1990-04-09
BUSCAR,00000001055
CHAMAR
CHAMAR
TAMANHO
ENTRADA,00000005133,2
CADASTRAR,00000005593,Carlos Souza,1989-04-06
CHAMAR
ENTRADA,00000005580,3
DESISTIR,00000003807
CADASTRAR,00000005597,Fernanda Oliveira,1988-02-08
CADASTRAR,00000005598,Fernanda Santos,2004-05-14
ENTRADA,00000000966,3
BUSCAR,00000005412
CHAMAR
CADASTRAR,00000005602,Eduardo Santos,1983-01-06
BUSCAR,00000000084
CADASTRAR,00000005604,Ana Souza,1996-04-21
CADASTRAR,00000005605,Gabriel Oliveira,1976-06-08
TAMANHO
CHAMAR
BUSCAR,00000001913
ENTRADA,00000000638,1
CHAMAR
CHAMAR
BUSCAR,00000003739
ENTRADA,00000003618,3
BUSCAR,00000000047
CHAMAR
CHAMAR
BUSCAR,00000002687
ENTRADA,00000000077,2
CADASTRAR,00000005619,Helena Rodrigues,1979-09-23
RELATORIO
CADASTRAR,00000005621,Daniela Silva,2000-12-21
CHAMAR
BUSCAR,00000002570
DESISTIR,00000003945
CADASTRAR,00000005625,Bruno Lima,1979-11-04
RELATORIO
ENTRADA,00000004391,1
DESISTIR,00000001641
CHAMAR
CADASTRAR,00000005630,Fernanda Souza,2003-05-15
CHAMAR
DESISTIR,00000003355
CADASTRAR,00000005633,Ana Souza,1977-12-02
CADASTRAR,00000005634,Daniela Santos,2000-07-04
ENTRADA,00000000344,1
CADASTRAR,00000005636,Ana Silva,1974-07-28
RELATORIO
CHAMAR
ENTRADA,00000001791,1
ENTRADA,00000000088,1
ENTRADA,00000000028,1
TAMANHO
ENTRADA,00000005128,1
ENTRADA,00000001799,1
CADASTRAR,00000005645,Daniela Souza,1996-01-19
ENTRADA,00000003860,1
BUSCAR,00000000074
ENTRADA,00000003235,2
CADASTRAR,00000005649,Bruno Silva,1980-12-02
ENTRADA,00000001390,2
ENTRADA,00000005392,3
BUSCAR,00000000601
ENTRADA,00000001946,3
BUSCAR,00000003065
CADASTRAR,00000005655,Gabriel Costa,1980-02-20
CADASTRAR,00000005656,Helena Silva,1980-11-22
ENTRADA,00000000626,2
CHAMAR
CADASTRAR,00000005659,Ana Ferreira,1994-01-13
TAMANHO
CHAMAR
ENTRADA,00000002591,3
BUSCAR,00000003545
BUSCAR,00000000787
CADASTRAR,00000005665,Eduardo Silva,1980-08-08
BUSCAR,00000005349
BUSCAR,00000002764
BUSCAR,00000005203
DESISTIR,00000000341
BUSCAR,00000005499
CHAMAR
CADASTRAR,00000005672,Daniela Santos,1977-10-19
ENTRADA,00000002118,1
CADASTRAR,00000005674,Gabriel Silva,1979-06-16
CHAMAR
TAMANHO
RELATORIO
CHAMAR
CADASTRAR,00000005679,Daniela Silva,2002-08-18
CHAMAR
BUSCAR,00000001392
CADASTRAR,00000005682,Helena Silva,1975-02-26
CADASTRAR,00000005683,Bruno Souza,1973-02-09
ENTRADA,00000001756,3
CADASTRAR,00000005685,Eduardo Oliveira,1996-01-03
BUSCAR,00000000908
DESISTIR,00000002719
DESISTIR,00000003115
DESISTIR,00000005580
CADASTRAR,00000005690,Eduardo Ferreira,1977-05-20
ENTRADA,00000003509,2
CHAMAR
CHAMAR
TAMANHO
RELATORIO
CHAMAR
BUSCAR,00000002063
RELATORIO
BUSCAR,00000004185
ENTRADA,00000003229,1
CHAMAR
CADASTRAR,00000005702,Eduardo Souza,1980-07-03
ENTRADA,00000004492,2
CADASTRAR,00000005704,Daniela Ferreira,1988-10-13
CHAMAR
ENTRADA,00000003494,3
BUSCAR,00000002276
CADASTRAR,00000005708,Daniela Rodrigues,1981-09-14
BUSCAR,00000000891
BUSCAR,00000001086
CHAMAR
BUSCAR,00000001551
CADASTRAR,00000005713,Fernanda Ferreira,1988-11-09
CADASTRAR,00000005714,Bruno Souza,2004-12-07
CHAMAR
CADASTRAR,00000005716,Carlos Santos,1980-11-11
ENTRADA,00000003355,2
CADASTRAR,00000005718,Eduardo Ferreira,1973-07-02
ENTRADA,00000001932,2
ENTRADA,00000005274,2
ENTRADA,00000005204,1
CHAMAR
BUSCAR,00000003602
ENTRADA,00000001116,3
BUSCAR,00000005263
CHAMAR
ENTRADA,00000001754,2
ENTRADA,00000001440,2
CHAMAR
CHAMAR
CHAMAR
TAMANHO
ENTRADA,00000004967,3
ENTRADA,00000004387,2
CADASTRAR,00000005735,Carlos Lima,1995-09-25
CADASTRAR,00000005736,Gabriel Costa,1999-09-08
DESISTIR,00000000028
ENTRADA,00000002850,3
ENTRADA,00000005735,1
CADASTRAR,00000005740,Eduardo Rodrigues,1975-12-14
RELATORIO
CADASTRAR,00000005742,Fernanda Rodrigues,1974-02-10
BUSCAR,00000004578
ENTRADA,00000003301,3
CHAMAR
ENTRADA,00000000560,2
TAMANHO
DESISTIR,00000005043
CADASTRAR,00000005749,Carlos Silva,1985-07-03
DESISTIR,00000003423
CHAMAR
CADASTRAR,00000005752,Daniela Souza,1995-02-02
ENTRADA,00000004366,1
CADASTRAR,00000005754,Ana Costa,1993-08-27
CADASTRAR,00000005755,Eduardo Ferreira,1981-06-21
ENTRADA,00000000530,1
CADASTRAR,00000005757,Bruno Souza,1970-04-11
BUSCAR,00000005683
BUSCAR,00000004344
ENTRADA,00000000261,2
RELATORIO
CADASTRAR,00000005762,Daniela Santos,1999-05-06
RELATORIO
BUSCAR,00000001913
CHAMAR
ENTRADA,00000002290,3
BUSCAR,00000004904
BUSCAR,00000005127
BUSCAR,00000001961
ENTRADA,00000001390,3
ENTRADA,00000005390,2
BUSCAR,00000004114
BUSCAR,00000002786
ENTRADA,00000001564,3
CHAMAR
RELATORIO
DESISTIR,00000004692
CADASTRAR,00000005778,Eduardo Ferreira,1978-02-20
CADASTRAR,00000005779,Bruno Lima,1982-11-14
CADASTRAR,00000005780,Helena Ferreira,1984-04-13
ENTRADA,00000001972,2
TAMANHO
ENTRADA,00000001296,1
CADASTRAR,00000005784,Fernanda Silva,1980-01-14
CADASTRAR,00000005785,Bruno Oliveira,1974-08-19
BUSCAR,00000004859
CADASTRAR,00000005787,Eduardo Costa,2003-09-19
CHAMAR
CHAMAR
BUSCAR,00000000010
CADASTRAR,00000005791,Fernanda Costa,1997-04-28
BUSCAR,00000001040
CHAMAR
ENTRADA,00000001357,2
CADASTRAR,00000005795,Gabriel Santos,1987-08-03
CADASTRAR,00000005796,Eduardo Costa,1999-12-20
ENTRADA,00000004275,2
ENTRADA,00000002519,3
TAMANHO
CADASTRAR,00000005800,Gabriel Santos,1990-02-04
CADASTRAR,00000005801,Bruno Souza,1985-06-13
BUSCAR,00000002109
CHAMAR
BUSCAR,00000001370
CADASTRAR,00000005805,Daniela Lima,1980-10-21
CADASTRAR,00000005806,Ana Silva,2003-03-16
TAMANHO
CHAMAR
ENTRADA,00000001082,1
BUSCAR,00000001240
CADASTRAR,00000005811,Eduardo Oliveira,1992-07-13
BUSCAR,00000002276
CADASTRAR,00000005813,Carlos Souza,2005-07-27
ENTRADA,00000005128,3
ENTRADA,00000002833,2
BUSCAR,00000002575
CHAMAR
BUSCAR,00000004340
CADASTRAR,00000005819,Daniela Costa,2000-12-23
ENTRADA,00000003144,3
BUSCAR,00000002389
ENTRADA,00000001196,3
ENTRADA,00000002914,2
CHAMAR
CADASTRAR,00000005825,Helena Souza,1991-03-15
DESISTIR,00000001357
CADASTRAR,00000005827,Eduardo Ferreira,1991-11-16
ENTRADA,00000000485,1
BUSCAR,00000005043
CHAMAR
CHAMAR
CADASTRAR,00000005832,Gabriel Oliveira,2002-09-24
ENTRADA,00000002430,3
CADASTRAR,00000005834,Helena Silva,1989-09-28
ENTRADA,00000003352,2
ENTRADA,00000002611,3
CHAMAR
CHAMAR
CADASTRAR,00000005839,Fernanda Oliveira,1979-06-22
ENTRADA,00000000656,1
BUSCAR,00000000903
BUSCAR,00000005604
TAMANHO
BUSCAR,00000003443
CHAMAR
BUSCAR,00000001265
BUSCAR,00000001467
BUSCAR,00000004104
CADASTRAR,00000005849,Daniela Ferreira,1974-02-15
DESISTIR,00000004164
ENTRADA,00000002992,2
BUSCAR,00000002731
ENTRADA,00000002462,2
ENTRADA,00000003830,2
CADASTRAR,00000005855,Daniela Ferreira,2002-02-16
ENTRADA,00000001296,1
BUSCAR,00000000050
BUSCAR,00000003882
CHAMAR
ENTRADA,00000004839,3
ENTRADA,00000005368,2
BUSCAR,00000000465
RELATORIO
ENTRADA,00000000011,2
RELATORIO
CADASTRAR,00000005866,Fernanda Santos,1995-01-11
CADASTRAR,00000005867,Gabriel Santos,1981-08-03
CADASTRAR,00000005868,Eduardo Souza,1976-12-01
BUSCAR,00000004302
ENTRADA,00000001085,3
BUSCAR,00000003814
ENTRADA,00000003134,2
CADASTRAR,00000005873,Fernanda Costa,1979-12-18
CADASTRAR,00000005874,Gabriel Costa,1990-01-04
BUSCAR,00000002466
TAMANHO
CHAMAR
CADASTRAR,00000005878,Ana Souza,1984-06-19
TAMANHO
ENTRADA,00000003221,1
DESISTIR,00000004918
CADASTRAR,00000005882,Helena Silva,2002-08-10
DESISTIR,00000002956
ENTRADA,00000005780,3
CHAMAR
ENTRADA,00000005374,3
CADASTRAR,00000005887,Helena Silva,1974-08-05
BUSCAR,00000005656
CADASTRAR,00000005889,Gabriel Santos,1972-12-12
BUSCAR,00000003607
CADASTRAR,00000005891,Helena Silva,1973-03-18
CADASTRAR,00000005892,Gabriel Costa,1981-09-04
ENTRADA,00000000151,2
BUSCAR,00000002685
BUSCAR,00000005327
CHAMAR
CHAMAR
CHAMAR
CADASTRAR,00000005899,Daniela Oliveira,2002-11-05
CHAMAR
CADASTRAR,00000005901,Carlos Santos,1990-10-21
BUSCAR,00000001958
CADASTRAR,00000005903,Bruno Silva,1999-11-06
BUSCAR,00000000699
CHAMAR
ENTRADA,00000001215,3
CHAMAR
ENTRADA,00000000169,1
CHAMAR
CADASTRAR,00000005910,Bruno Lima,2001-04-11
BUSCAR,00000003882
ENTRADA,00000001200,1
ENTRADA,00000005806,3
CHAMAR
BUSCAR,00000004746
BUSCAR,00000002911
ENTRADA,00000003149,2
CADASTRAR,00000005918,Ana Souza,1991-07-21
BUSCAR,00000003955
BUSCAR,00000003787
CADASTRAR,00000005921,Ana Oliveira,1984-09-27
DESISTIR,00000003137
TAMANHO
BUSCAR,00000002696
CHAMAR
ENTRADA,00000003849,3
BUSCAR,00000004497
CADASTRAR,00000005928,Fernanda Costa,1984-03-28
DESISTIR,00000001975
CADASTRAR,00000005930,Bruno Costa,1999-06-24
CHAMAR
TAMANHO
ENTRADA,00000000506,3
CADASTRAR,00000005934,Bruno Silva,2005-06-12
CADASTRAR,00000005935,Helena Rodrigues,1980-07-11
ENTRADA,00000002341,1
CADASTRAR,00000005937,Helena Oliveira,1979-02-11
RELATORIO
BUSCAR,00000000546
BUSCAR,00000003149
CADASTRAR,00000005941,Carlos Costa,1979-02-15
ENTRADA,00000003882,2
ENTRADA,00000000880,1
CADASTRAR,00000005944,Ana Oliveira,2002-02-24
CADASTRAR,00000005945,Helena Ferreira,1994-04-25
BUSCAR,00000005716
CHAMAR
CHAMAR
CADASTRAR,00000005949,Helena Santos,1971-03-02
DESISTIR,00000001980
DESISTIR,00000003378
BUSCAR,00000004026
CHAMAR
RELATORIO
CHAMAR
ENTRADA,00000000014,1
CADASTRAR,00000005957,Daniela Souza,1974-02-26
BUSCAR,00000000679
ENTRADA,00000002184,3
RELATORIO
ENTRADA,00000000045,1
ENTRADA,00000005125,3
CADASTRAR,00000005963,Bruno Rodrigues,2003-03-13
CADASTRAR,00000005964,Eduardo Silva,1988-11-22
ENTRADA,00000001419,1
ENTRADA,00000005740,2
CADASTRAR,00000005967,Helena Ferreira,2000-01-20
ENTRADA,00000001388,3
BUSCAR,00000002626
CHAMAR
CADASTRAR,00000005971,Eduardo Costa,1997-01-09
CADASTRAR,00000005972,Helena Costa,1978-07-12
CHAMAR
TAMANHO
CADASTRAR,00000005975,Daniela Costa,2003-08-21
CADASTRAR,00000005976,Bruno Silva,2001-10-15
BUSCAR,00000004995
DESISTIR,00000002519
CADASTRAR,00000005979,Helena Silva,1978-09-05
TAMANHO
ENTRADA,00000004344,3
CADASTRAR,00000005982,Helena Souza,1974-10-03
RELATORIO
ENTRADA,00000001564,2
CADASTRAR,00000005985,Daniela Santos,1976-06-10
BUSCAR,00000004789
CHAMAR
BUSCAR,00000000054
CHAMAR
CHAMAR
CHAMAR
ENTRADA,00000000239,1
ENTRADA,00000002618,2
ENTRADA,00000005742,2
BUSCAR,00000000966
CADASTRAR,00000005996,Eduardo Oliveira,1978-07-19
CHAMAR
ENTRADA,00000002369,3
BUSCAR,00000001014
CADASTRAR,00000006000,Ana Rodrigues,1989-11-26
ENTRADA,00000004720,1
ENTRADA,00000005199,1
DESISTIR,00000001062
BUSCAR,00000001273
CADASTRAR,00000006005,Bruno Oliveira,1975-10-08
CADASTRAR,00000006006,Ana Silva,1978-06-26
RELATORIO
BUSCAR,00000000020
ENTRADA,00000004979,2
RELATORIO
BUSCAR,00000000906
ENTRADA,00000000053,2
ENTRADA,00000000597,1
ENTRADA,00000005621,3
TAMANHO
ENTRADA,00000000187,3
CADASTRAR,00000006017,Daniela Souza,1970-04-23
ENTRADA,00000005479,1
DESISTIR,00000004427
BUSCAR,00000002226
ENTRADA,00000000679,3
BUSCAR,00000001854
ENTRADA,00000004377,3
DESISTIR,00000005034
DESISTIR,00000000597
TAMANHO
CADASTRAR,00000006027,Eduardo Costa,1986-10-18
CADASTRAR,00000006028,Helena Silva,1974-09-20
BUSCAR,00000002678
DESISTIR,00000001040
RELATORIO
CADASTRAR,00000006032,Eduardo Lima,2001-03-18
ENTRADA,00000002675,3
BUSCAR,00000004097
ENTRADA,00000002025,2
CHAMAR
BUSCAR,00000002843
CADASTRAR,00000006038,Gabriel Rodrigues,1978-01-26
TAMANHO
CHAMAR
CADASTRAR,00000006041,Gabriel Ferreira,1998-01-20
CADASTRAR,00000006042,Eduardo Oliveira,1972-11-11
CHAMAR
ENTRADA,00000001544,1
CHAMAR
CADASTRAR,00000006046,Helena Souza,2005-06-09
BUSCAR,00000001384
CADASTRAR,00000006048,Daniela Costa,1984-05-26
RELATORIO
BUSCAR,00000002109
CHAMAR
CADASTRAR,00000006052,Bruno Oliveira,1990-03-22
BUSCAR,00000001917
ENTRADA,00000001469,2
BUSCAR,00000004059
CADASTRAR,00000006056,Fernanda Silva,1990-10-06
CHAMAR
CADASTRAR,00000006058,Bruno Silva,1994-04-15
CADASTRAR,00000006059,Carlos Souza,1998-03-16
CHAMAR
CHAMAR
CADASTRAR,00000006062,Eduardo Silva,1984-09-26
CADASTRAR,00000006063,Fernanda Rodrigues,2001-02-26
ENTRADA,00000005070,2
ENTRADA,00000005509,2
CHAMAR
BUSCAR,00000000130
CADASTRAR,00000006068,Fernanda Ferreira,1994-11-02
BUSCAR,00000000348
CHAMAR
ENTRADA,00000000047,2
ENTRADA,00000000217,2
CHAMAR
ENTRADA,00000004251,2
BUSCAR,00000004104
CADASTRAR,00000006076,Gabriel Lima,1995-09-02
CADASTRAR,00000006077,Eduardo Oliveira,1998-07-23
BUSCAR,00000004691
CADASTRAR,00000006079,Helena Oliveira,2004-07-05
CADASTRAR,00000006080,Eduardo Santos,1983-12-19
DESISTIR,00000000011
BUSCAR,00000004304
BUSCAR,00000000534
ENTRADA,00000005499,3
CHAMAR
CHAMAR
RELATORIO
ENTRADA,00000004551,2
ENTRADA,00000005352,2
RELATORIO
RELATORIO
ENTRADA,00000004558,1
RELATORIO
DESISTIR,00000000279
DESISTIR,00000003352
TAMANHO
CHAMAR
TAMANHO
CHAMAR
BUSCAR,00000004873
BUSCAR,00000000598
ENTRADA,00000005306,3
CHAMAR
BUSCAR,00000000098
BUSCAR,00000004624
DESISTIR,00000001900
CADASTRAR,00000006107,Bruno Souza,2000-06-01
CHAMAR
CADASTRAR,00000006109,Eduardo Silva,1988-10-14
CHAMAR
CADASTRAR,00000006111,Fernanda Silva,1999-01-14
CADASTRAR,00000006112,Fernanda Ferreira,1988-04-26
RELATORIO
CADASTRAR,00000006114,Carlos Costa,1990-12-09
CHAMAR
ENTRADA,00000003858,2
RELATORIO
CHAMAR
CADASTRAR,00000006119,Ana Lima,1982-06-01
RELATORIO
RELATORIO
ENTRADA,00000000218,2
CADASTRAR,00000006123,Carlos Silva,1992-08-18
ENTRADA,00000002429,3
ENTRADA,00000003518,3
ENTRADA,00000001472,2
CADASTRAR,00000006127,Gabriel Souza,1998-09-17
CADASTRAR,00000006128,Eduardo Lima,1981-10-05
CADASTRAR,00000006129,Ana Lima,1987-06-09
CADASTRAR,00000006130,Eduardo Costa,1995-06-03
CHAMAR
BUSCAR,00000001760
CADASTRAR,00000006133,Gabriel Santos,1971-01-24
BUSCAR,00000004944
DESISTIR,00000005479
CADASTRAR,00000006136,Fernanda Souza,1973-02-14
BUSCAR,00000005330
CADASTRAR,00000006138,Eduardo Ferreira,1998-01-23
BUSCAR,00000005645
CADASTRAR,00000006140,Fernanda Costa,1975-02-21
BUSCAR,00000000247
BUSCAR,00000000854
BUSCAR,00000003029
ENTRADA,00000003115,3
TAMANHO
CADASTRAR,00000006146,Bruno Santos,1975-12-26
BUSCAR,00000004105
CADASTRAR,00000006148,Helena Souza,1971-06-08
CADASTRAR,00000006149,Fernanda Silva,1972-12-08
CHAMAR
CADASTRAR,00000006151,Ana Oliveira,1970-07-18
DESISTIR,00000001946
BUSCAR,00000000098
BUSCAR,00000003454
RELATORIO
CHAMAR
BUSCAR,00000004391
CADASTRAR,00000006158,Fernanda Lima,1978-03-10
BUSCAR,00000001791
CADASTRAR,00000006160,Eduardo Santos,1988-08-15
ENTRADA,00000004640,2
CHAMAR
BUSCAR,00000001986
ENTRADA,00000005787,3
BUSCAR,00000004216
BUSCAR,00000004822
ENTRADA,00000002588,1
CADASTRAR,00000006168,Gabriel Costa,1982-12-27
ENTRADA,00000002127,1
CADASTRAR,00000006170,Eduardo Lima,1979-07-23
CADASTRAR,00000006171,Fernanda Costa,1998-05-02
BUSCAR,00000004404
CHAMAR
RELATORIO
ENTRADA,00000002519,2
CADASTRAR,00000006176,Daniela Costa,2003-02-28
ENTRADA,00000002575,1
DESISTIR,00000004556
CHAMAR
ENTRADA,00000003378,1
ENTRADA,00000006128,1
RELATORIO
CADASTRAR,00000006183,Daniela Souza,1984-11-02
BUSCAR,00000001812
ENTRADA,00000004492,3
RELATORIO
BUSCAR,00000005406
BUSCAR,00000005636
ENTRADA,00000000281,2
CADASTRAR,00000006190,Gabriel Oliveira,1980-03-01
CADASTRAR,00000006191,Bruno Santos,1984-06-02
BUSCAR,00000000783
CADASTRAR,00000006193,Eduardo Santos,1993-03-19
CADASTRAR,00000006194,Ana Costa,2000-02-08
ENTRADA,00000000442,1
RELATORIO
BUSCAR,00000005867
BUSCAR,00000004968
CADASTRAR,00000006199,Ana Souza,1979-03-13
BUSCAR,00000000051
CADASTRAR,00000006201,Ana Silva,1992-01-08
ENTRADA,00000004597,1
TAMANHO
BUSCAR,00000001390
CADASTRAR,00000006205,Eduardo Oliveira,2004-06-06
RELATORIO
DESISTIR,00000001994
DESISTIR,00000000180
BUSCAR,00000002312
BUSCAR,00000002202
ENTRADA,00000004806,3
CADASTRAR,00000006212,Ana Ferreira,1979-03-11
ENTRADA,00000000099,1
TAMANHO
RELATORIO
ENTRADA,00000002456,1
BUSCAR,00000000534
CADASTRAR,00000006218,Helena Oliveira,1981-05-12
CADASTRAR,00000006219,Bruno Souza,2000-07-24
ENTRADA,00000002202,2
CADASTRAR,00000006221,Daniela Costa,1986-09-07
ENTRADA,00000000483,3
BUSCAR,00000003270
CHAMAR
CADASTRAR,00000006225,Daniela Costa,1991-11-05
RELATORIO
CADASTRAR,00000006227,Fernanda Souza,1995-08-26
ENTRADA,00000000239,3
DESISTIR,00000004232
ENTRADA,00000005207,1
CADASTRAR,00000006231,Ana Oliveira,1987-07-26
RELATORIO
ENTRADA,00000003336,1
ENTRADA,00000002470,2
DESISTIR,00000002590
TAMANHO
ENTRADA,00000004170,2
BUSCAR,00000000076
CHAMAR
RELATORIO
ENTRADA,00000000466,2
CADASTRAR,00000006242,Daniela Lima,2001-07-12
CHAMAR
RELATORIO
TAMANHO
BUSCAR,00000005225
BUSCAR,00000003494
ENTRADA,00000000678,2
ENTRADA,00000002242,1
BUSCAR,00000001926
BUSCAR,00000003001
CHAMAR
ENTRADA,00000003697,3
BUSCAR,00000004114
BUSCAR,00000000187
CHAMAR
ENTRADA,00000005414,1
CADASTRAR,00000006258,Eduardo Lima,1997-11-26
ENTRADA,00000006151,1
ENTRADA,00000001609,3
CHAMAR
RELATORIO
BUSCAR,00000004936
ENTRADA,00000000164,1
ENTRADA,00000003221,3
ENTRADA,00000002391,3
CHAMAR
CADASTRAR,00000006268,Helena Lima,1981-09-10
BUSCAR,00000002025
ENTRADA,00000002438,1
ENTRADA,00000005392,3
CADASTRAR,00000006272,Gabriel Rodrigues,1994-08-03
CADASTRAR,00000006273,Fernanda Silva,1986-10-14
DESISTIR,00000000746
RELATORIO
BUSCAR,00000005327
ENTRADA,00000004582,2
ENTRADA,00000000022,2
CADASTRAR,00000006279,Bruno Silva,1977-04-15
DESISTIR,00000000344
ENTRADA,00000006227,3
CHAMAR
DESISTIR,00000003753
CHAMAR
BUSCAR,00000000719
ENTRADA,00000001551,2
CHAMAR
CADASTRAR,00000006288,Bruno Souza,1976-10-18
DESISTIR,00000004487
CADASTRAR,00000006290,Carlos Oliveira,1994-06-24
CADASTRAR,00000006291,Fernanda Rodrigues,1973-10-15
TAMANHO
TAMANHO
BUSCAR,00000000666
BUSCAR,00000004648
ENTRADA,00000003141,2
BUSCAR,00000001004
BUSCAR,00000001575
ENTRADA,00000005963,1
CHAMAR
CHAMAR
ENTRADA,00000003024,1
BUSCAR,00000001961
CADASTRAR,00000006304,Daniela Oliveira,1993-09-28
ENTRADA,00000001088,2
CADASTRAR,00000006306,Helena Souza,1981-12-18
CADASTRAR,00000006307,Ana Souza,1976-05-21
CHAMAR
CADASTRAR,00000006309,Fernanda Costa,1996-09-12
BUSCAR,00000000776
BUSCAR,00000001653
TAMANHO
ENTRADA,00000000687,2
BUSCAR,00000000035
CADASTRAR,00000006315,Daniela Silva,1970-03-01
RELATORIO
ENTRADA,00000005832,1
CHAMAR
ENTRADA,00000000637,2
ENTRADA,00000001893,3
ENTRADA,00000002666,3
CHAMAR
BUSCAR,00000004879
TAMANHO
CADASTRAR,00000006325,Daniela Rodrigues,2002-10-24
ENTRADA,00000006112,3
CHAMAR
BUSCAR,00000003834
ENTRADA,00000000238,3
CHAMAR
BUSCAR,00000000240
CADASTRAR,00000006332,Daniela Silva,1992-07-20
CHAMAR
BUSCAR,00000003681
ENTRADA,00000002004,2
CADASTRAR,00000006336,Ana Rodrigues,1970-02-22
CADASTRAR,00000006337,Eduardo Souza,1995-05-09
CADASTRAR,00000006338,Carlos Santos,1988-05-25
CADASTRAR,00000006339,Carlos Costa,1970-09-07
ENTRADA,00000004633,3
CHAMAR
BUSCAR,00000000235
BUSCAR,00000002539
CHAMAR
CADASTRAR,00000006345,Eduardo Rodrigues,1979-10-19
RELATORIO
TAMANHO
TAMANHO
ENTRADA,00000002134,1
ENTRADA,00000004614,3
CADASTRAR,00000006351,Helena Rodrigues,1975-02-18
CADASTRAR,00000006352,Helena Costa,1992-05-19
CADASTRAR,00000006353,Carlos Oliveira,1972-05-16
BUSCAR,00000004918
BUSCAR,00000006062
CADASTRAR,00000006356,Daniela Oliveira,1986-05-12
RELATORIO
CHAMAR
DESISTIR,00000005368
TAMANHO
CHAMAR
DESISTIR,00000003144
CHAMAR
BUSCAR,00000002652
CHAMAR
CADASTRAR,00000006366,Helena Ferreira,1989-08-23
BUSCAR,00000005800
DESISTIR,00000003099
CADASTRAR,00000006369,Daniela Santos,1991-11-02
CHAMAR
CADASTRAR,00000006371,Fernanda Souza,1977-12-22
TAMANHO
TAMANHO
BUSCAR,00000002867
CADASTRAR,00000006375,Eduardo Lima,2001-05-08
ENTRADA,00000002128,3
CADASTRAR,00000006377,Fernanda Santos,1988-02-26
ENTRADA,00000004740,1
DESISTIR,00000002666
CADASTRAR,00000006380,Carlos Silva,1984-09-21
ENTRADA,00000004131,3
CHAMAR
BUSCAR,00000000023
ENTRADA,00000004694,3
CHAMAR
CADASTRAR,00000006386,Fernanda Lima,2004-04-01
BUSCAR,00000002744
CADASTRAR,00000006388,Gabriel Santos,1986-05-08
CADASTRAR,00000006389,Bruno Souza,1977-03-19
CADASTRAR,00000006390,Fernanda Souza,1996-05-15
BUSCAR,00000003050
RELATORIO
RELATORIO
ENTRADA,00000000694,2
BUSCAR,00000003978
CADASTRAR,00000006396,Eduardo Santos,1994-02-26
BUSCAR,00000000710
DESISTIR,00000000483
ENTRADA,00000005593,2
ENTRADA,00000003518,1
CADASTRAR,00000006401,Gabriel Ferreira,1976-02-19
BUSCAR,00000000470
CADASTRAR,00000006403,Ana Ferreira,2004-09-28
ENTRADA,00000002925,1
CHAMAR
BUSCAR,00000004412
BUSCAR,00000004275
CADASTRAR,00000006408,Carlos Santos,1999-07-28
CHAMAR
ENTRADA,00000004533,1
ENTRADA,00000000284,1
BUSCAR,00000002188
CHAMAR
CHAMAR
BUSCAR,00000005583
TAMANHO
ENTRADA,00000001407,1
CADASTRAR,00000006418,Gabriel Oliveira,1999-03-10
ENTRADA,00000002270,2
CHAMAR
CADASTRAR,00000006421,Eduardo Santos,1982-11-24
BUSCAR,00000005394
CADASTRAR,00000006423,Fernanda Oliveira,1999-12-18
DESISTIR,00000000442
CADASTRAR,00000006425,Ana Costa,1988-02-18
CHAMAR
TAMANHO
BUSCAR,00000003001
RELATORIO
BUSCAR,00000003812
BUSCAR,00000002680
ENTRADA,00000002169,3
CHAMAR
RELATORIO
CHAMAR
RELATORIO
RELATORIO
BUSCAR,00000004746
ENTRADA,00000000029,1
CADASTRAR,00000006440,Ana Santos,1998-08-20
CADASTRAR,00000006441,Carlos Santos,1999-02-20
ENTRADA,00000003920,2
CADASTRAR,00000006443,Daniela Souza,1974-06-09
CHAMAR
DESISTIR,00000005128
RELATORIO
CHAMAR
CHAMAR
DESISTIR,00000002184
CHAMAR
ENTRADA,00000000043,2
ENTRADA,00000005093,1
CADASTRAR,00000006453,Ana Rodrigues,1988-11-26
CADASTRAR,00000006454,Gabriel Lima,1990-01-03
CADASTRAR,00000006455,Ana Souza,1985-02-11
ENTRADA,00000000040,2
DESISTIR,00000003494
CHAMAR
ENTRADA,00000002095,2
BUSCAR,00000003411
CHAMAR
ENTRADA,00000006183,1
CADASTRAR,00000006463,Bruno Costa,1976-12-05
BUSCAR,00000000100
CHAMAR
CADASTRAR,00000006466,Daniela Costa,1991-03-20
CADASTRAR,00000006467,Bruno Souza,1999-07-17
CADASTRAR,00000006468,Helena Costa,2001-09-03
CHAMAR
CADASTRAR,00000006470,Fernanda Rodrigues,2002-02-20
ENTRADA,00000004014,2
BUSCAR,00000003614
ENTRADA,00000001893,3
ENTRADA,00000004070,2
BUSCAR,00000004686
CHAMAR
ENTRADA,00000003201,1
BUSCAR,00000005949
CADASTRAR,00000006479,Eduardo Lima,1995-11-04
CADASTRAR,00000006480,Bruno Lima,1978-11-03
ENTRADA,00000003241,3
CHAMAR
CHAMAR
BUSCAR,00000000546
CADASTRAR,00000006485,Eduardo Souza,2003-07-16
CHAMAR
ENTRADA,00000005402,3
CADASTRAR,00000006488,Ana Santos,1978-08-16
CHAMAR
BUSCAR,00000001589
ENTRADA,00000003441,2
BUSCAR,00000004427
ENTRADA,00000004961,2
ENTRADA,00000004839,3
BUSCAR,00000005235
BUSCAR,00000002590
CADASTRAR,00000006497,Carlos Costa,2000-11-14
ENTRADA,00000002155,2
BUSCAR,00000003936
ENTRADA,00000003229,3
CHAMAR
RELATORIO
ENTRADA,00000001420,1
DESISTIR,00000003308
BUSCAR,00000000261
BUSCAR,00000000090
CHAMAR
ENTRADA,00000000466,3
TAMANHO
BUSCAR,00000005825
ENTRADA,00000005873,1
ENTRADA,00000001955,2
DESISTIR,00000003378
ENTRADA,00000003463,1
DESISTIR,00000000694
CHAMAR
DESISTIR,00000003431
BUSCAR,00000001200
BUSCAR,00000004340
CADASTRAR,00000006520,Eduardo Lima,1989-06-24
CHAMAR
CHAMAR
CADASTRAR,00000006523,Ana Souza,1970-08-08
CHAMAR
CHAMAR
CADASTRAR,00000006526,Eduardo Silva,1996-12-24
BUSCAR,00000005123
TAMANHO
CADASTRAR,00000006529,Daniela Rodrigues,1975-04-28
ENTRADA,00000003566,2
CADASTRAR,00000006531,Daniela Lima,2005-02-08
CHAMAR
CHAMAR
CADASTRAR,00000006534,Bruno Souza,1983-08-23
ENTRADA,00000000308,3
ENTRADA,00000003460,3
ENTRADA,00000005683,2
ENTRADA,00000001411,1
CHAMAR
RELATORIO
ENTRADA,00000000056,1
BUSCAR,00000002763
ENTRADA,00000004693,2
CADASTRAR,00000006544,Helena Oliveira,1971-02-19
TAMANHO
CADASTRAR,00000006546,Carlos Silva,1971-04-22
CADASTRAR,00000006547,Ana Costa,2004-02-04
ENTRADA,00000003548,2
BUSCAR,00000004481
CHAMAR
BUSCAR,00000002677
ENTRADA,00000003036,3
DESISTIR,00000004344
TAMANHO
ENTRADA,00000004553,1
ENTRADA,00000003318,3
DESISTIR,00000003739
CADASTRAR,00000006558,Daniela Rodrigues,1978-08-05
BUSCAR,00000001942
BUSCAR,00000004304
CHAMAR
BUSCAR,00000005979
CADASTRAR,00000006563,Fernanda Souza,2003-07-02
DESISTIR,00000005402
ENTRADA,00000001689,3
CHAMAR
BUSCAR,00000005039
ENTRADA,00000003570,1
CADASTRAR,00000006569,Daniela Rodrigues,1988-02-28
ENTRADA,00000000974,2
TAMANHO
ENTRADA,00000002098,2
ENTRADA,00000001716,2
CADASTRAR,00000006574,Fernanda Rodrigues,1984-09-16
ENTRADA,00000003305,2
DESISTIR,00000005740
ENTRADA,00000006369,1
RELATORIO
CADASTRAR,00000006579,Helena Oliveira,1972-01-01
CADASTRAR,00000006580,Carlos Souza,1990-01-05
BUSCAR,00000000259
ENTRADA,00000003958,3
CHAMAR
BUSCAR,00000005172
CADASTRAR,00000006585,Bruno Silva,1985-04-10
CHAMAR
CADASTRAR,00000006587,Bruno Silva,2005-05-18
BUSCAR,00000006183
CHAMAR
RELATORIO
DESISTIR,00000001255
BUSCAR,00000002042
CHAMAR
ENTRADA,00000006467,2
TAMANHO
CHAMAR
ENTRADA,00000003886,1
ENTRADA,00000004992,1
RELATORIO
ENTRADA,00000005985,3
CADASTRAR,00000006601,Fernanda Oliveira,1976-06-10
TAMANHO
CADASTRAR,00000006603,Gabriel Oliveira,1979-01-11
CADASTRAR,00000006604,Fernanda Rodrigues,1994-07-01
ENTRADA,00000004837,3
CADASTRAR,00000006606,Helena Ferreira,1985-08-12
CHAMAR
BUSCAR,00000006063
BUSCAR,00000004053
CADASTRAR,00000006610,Helena Rodrigues,1973-01-15
ENTRADA,00000004702,2
CADASTRAR,00000006612,Gabriel Costa,2005-07-17
BUSCAR,00000006336
ENTRADA,00000005052,3
ENTRADA,00000001835,3
CADASTRAR,00000006616,Bruno Ferreira,1977-10-05
CHAMAR
CADASTRAR,00000006618,Eduardo Santos,1994-02-02
CADASTRAR,00000006619,Daniela Oliveira,1995-02-28
CHAMAR
CADASTRAR,00000006621,Ana Oliveira,1998-01-26
CADASTRAR,00000006622,Ana Santos,1985-04-09
CADASTRAR,00000006623,Fernanda Souza,1988-10-14
CADASTRAR,00000006624,Helena Ferreira,1998-01-13
ENTRADA,00000003111,2
CADASTRAR,00000006626,Bruno Ferreira,2005-11-19
ENTRADA,00000004485,2
BUSCAR,00000001822
BUSCAR,00000000325
CHAMAR
ENTRADA,00000004428,1
CHAMAR
CHAMAR
ENTRADA,00000004070,3
CADASTRAR,00000006635,Helena Silva,1974-09-05
BUSCAR,00000002290
RELATORIO
CADASTRAR,00000006638,Daniela Rodrigues,1997-10-03
DESISTIR,00000005352
BUSCAR,00000002588
TAMANHO
CADASTRAR,00000006642,Ana Rodrigues,1993-12-08
BUSCAR,00000002237
ENTRADA,00000000776,2
CADASTRAR,00000006645,Carlos Lima,1980-04-02
ENTRADA,00000006127,1
CADASTRAR,00000006647,Bruno Costa,1977-03-18
BUSCAR,00000004854
ENTRADA,00000000576,2
ENTRADA,00000000021,2
ENTRADA,00000006558,3
ENTRADA,00000000337,3
CADASTRAR,00000006653,Ana Oliveira,1972-09-25
ENTRADA,00000000124,2
BUSCAR,00000000308
ENTRADA,00000002290,1
CADASTRAR,00000006657,Daniela Santos,1982-08-16
TAMANHO
CHAMAR
BUSCAR,00000000348
ENTRADA,00000006194,2
CADASTRAR,00000006662,Eduardo Oliveira,1989-03-02
CHAMAR
BUSCAR,00000003221
CHAMAR
CHAMAR
BUSCAR,00000005101
BUSCAR,00000000002
ENTRADA,00000005232,3
CADASTRAR,00000006670,Helena Oliveira,2001-08-27
BUSCAR,00000001102
CHAMAR
BUSCAR,00000004251
ENTRADA,00000005232,2
CHAMAR
ENTRADA,00000000677,1
ENTRADA,00000003888,1
ENTRADA,00000003807,1
ENTRADA,00000000169,2
CADASTRAR,00000006680,Gabriel Souza,1999-03-17
ENTRADA,00000004746,1
ENTRADA,00000000006,1
CHAMAR
ENTRADA,00000000585,1
BUSCAR,00000000427
BUSCAR,00000004848
ENTRADA,00000001281,1
CADASTRAR,00000006688,Carlos Oliveira,1987-11-10
DESISTIR,00000001426
BUSCAR,00000000199
DESISTIR,00000001411
BUSCAR,00000000051
ENTRADA,00000003207,3
RELATORIO
CADASTRAR,00000006695,Gabriel Costa,1973-12-03
CHAMAR
ENTRADA,00000003424,2
ENTRADA,00000000038,1
ENTRADA,00000004471,2
RELATORIO
RELATORIO
BUSCAR,00000006601
BUSCAR,00000003606
CHAMAR
DESISTIR,00000004533
BUSCAR,00000002397
ENTRADA,00000004879,3
ENTRADA,00000000875,2
BUSCAR,00000003920
BUSCAR,00000002046
CADASTRAR,00000006711,Fernanda Santos,1993-10-09
CADASTRAR,00000006712,Fernanda Costa,1982-10-23
ENTRADA,00000005198,3
BUSCAR,00000005683
BUSCAR,00000003916
BUSCAR,00000001359
BUSCAR,00000002998
CHAMAR
BUSCAR,00000003511
ENTRADA,00000003892,2
CADASTRAR,00000006721,Carlos Souza,1994-04-22
CADASTRAR,00000006722,Daniela Santos,1989-09-06
CHAMAR
BUSCAR,00000000793
ENTRADA,00000002403,2
BUSCAR,00000004238
CHAMAR
CADASTRAR,00000006728,Bruno Ferreira,1994-04-16
CADASTRAR,00000006729,Eduardo Silva,2005-05-16
TAMANHO
BUSCAR,00000000648
ENTRADA,00000006079,2
CHAMAR
ENTRADA,00000005718,2
ENTRADA,00000002689,2
BUSCAR,00000006638
CADASTRAR,00000006737,Fernanda Santos,1971-02-11
ENTRADA,00000005111,1
BUSCAR,00000000068
ENTRADA,00000000006,1
DESISTIR,00000003424
BUSCAR,00000003810
CADASTRAR,00000006743,Eduardo Santos,1992-03-09
CADASTRAR,00000006744,Carlos Silva,1999-03-20
CHAMAR
CADASTRAR,00000006746,Daniela Silva,1976-01-22
ENTRADA,00000004443,2
BUSCAR,00000001735
BUSCAR,00000003998
DESISTIR,00000002025
CADASTRAR,00000006751,Bruno Rodrigues,1980-10-10
ENTRADA,00000003978,3
CADASTRAR,00000006753,Daniela Oliveira,1973-06-04
CHAMAR
CADASTRAR,00000006755,Daniela Ferreira,1971-09-27
ENTRADA,00000005674,2
ENTRADA,00000000549,3
BUSCAR,00000000155
CADASTRAR,00000006759,Fernanda Oliveira,1994-08-19
CADASTRAR,00000006760,Ana Souza,1997-10-01
CADASTRAR,00000006761,Fernanda Silva,1985-06-23
ENTRADA,00000004845,3
ENTRADA,00000002929,3
TAMANHO
CHAMAR
ENTRADA,00000006751,3
CHAMAR
CHAMAR
CADASTRAR,00000006769,Bruno Oliveira,1992-05-20
ENTRADA,00000000249,3
CADASTRAR,00000006771,Bruno Souza,1981-06-15
BUSCAR,00000004459
ENTRADA,00000004433,3
ENTRADA,00000002689,3
RELATORIO
ENTRADA,00000003815,3
RELATORIO
RELATORIO
BUSCAR,00000006386
TAMANHO
CHAMAR
BUSCAR,00000000935
ENTRADA,00000001042,3
TAMANHO
CADASTRAR,00000006785,Eduardo Lima,1986-12-23
CHAMAR
CADASTRAR,00000006787,Bruno Rodrigues,1986-04-19
BUSCAR,00000001784
ENTRADA,00000005216,2
CADASTRAR,00000006790,Daniela Lima,1972-11-14
CHAMAR
BUSCAR,00000004964
CHAMAR
ENTRADA,00000000689,2
ENTRADA,00000000699,3
CADASTRAR,00000006796,Fernanda Santos,1971-05-28
CADASTRAR,00000006797,Carlos Lima,1994-09-19
ENTRADA,00000001956,2
TAMANHO
CHAMAR
RELATORIO
CHAMAR
CHAMAR
ENTRADA,00000005779,1
CADASTRAR,00000006805,Helena Souza,1973-11-15
CADASTRAR,00000006806,Carlos Souza,1970-06-11
CADASTRAR,00000006807,Gabriel Souza,1972-12-26
RELATORIO
CADASTRAR,00000006809,Carlos Costa,1981-01-19
CADASTRAR,00000006810,Bruno Souza,2001-02-14
CADASTRAR,00000006811,Bruno Souza,2002-01-25
CHAMAR
CADASTRAR,00000006813,Daniela Costa,1992-11-14
RELATORIO
ENTRADA,00000000049,1
ENTRADA,00000000218,1
CHAMAR
BUSCAR,00000001040
DESISTIR,00000004391
CHAMAR
CHAMAR
CADASTRAR,00000006822,Ana Rodrigues,2001-04-01
ENTRADA,00000004128,1
ENTRADA,00000000974,1
CADASTRAR,00000006825,Gabriel Santos,1999-09-04
CADASTRAR,00000006826,Ana Santos,2004-11-08
CHAMAR
ENTRADA,00000006729,1
CADASTRAR,00000006829,Gabriel Costa,1981-09-15
CADASTRAR,00000006830,Ana Santos,1970-06-16
CADASTRAR,00000006831,Helena Silva,1997-09-20
CHAMAR
ENTRADA,00000000738,1
BUSCAR,00000002277
ENTRADA,00000002657,2
BUSCAR,00000004417
RELATORIO
CHAMAR
CHAMAR
CADASTRAR,00000006840,Carlos Souza,1975-02-04
ENTRADA,00000003858,1
BUSCAR,00000004603
TAMANHO
DESISTIR,00000003352
DESISTIR,00000000626
CADASTRAR,00000006846,Gabriel Lima,1970-11-13
ENTRADA,00000005581,3
ENTRADA,00000000379,2
BUSCAR,00000002763
ENTRADA,00000003897,2
CHAMAR
ENTRADA,00000005193,3
ENTRADA,00000005150,1
ENTRADA,00000006123,2
ENTRADA,00000004400,2
TAMANHO
BUSCAR,00000003206
ENTRADA,00000001060,1
CADASTRAR,00000006859,Fernanda Costa,1980-12-13
ENTRADA,00000004772,3
CADASTRAR,00000006861,Eduardo Costa,1987-12-18
BUSCAR,00000003509
ENTRADA,00000004509,1
CADASTRAR,00000006864,Carlos Ferreira,2005-04-03
CHAMAR
ENTRADA,00000004377,1
ENTRADA,00000000043,3
CHAMAR
BUSCAR,00000000974
DESISTIR,00000000218
CADASTRAR,00000006871,Bruno Costa,1981-11-28
TAMANHO
CADASTRAR,00000006873,Fernanda Silva,1979-02-07
BUSCAR,00000001493
CHAMAR
ENTRADA,00000002389,1
RELATORIO
CADASTRAR,00000006878,Bruno Santos,1990-05-02
ENTRADA,00000001198,2
BUSCAR,00000003826
ENTRADA,00000002056,3
BUSCAR,00000006810
ENTRADA,00000000760,2
ENTRADA,00000003571,1
CHAMAR
CHAMAR
CADASTRAR,00000006887,Fernanda Rodrigues,1979-09-18
RELATORIO
TAMANHO
ENTRADA,00000001221,1
CADASTRAR,00000006891,Gabriel Santos,1992-07-20
ENTRADA,00000000180,2
ENTRADA,00000001653,1
CHAMAR
CHAMAR
CHAMAR
ENTRADA,00000004290,2
BUSCAR,00000002874
CADASTRAR,00000006899,Gabriel Rodrigues,1984-06-21
ENTRADA,00000004476,3
TAMANHO
RELATORIO
CADASTRAR,00000006903,Eduardo Costa,1984-09-13
ENTRADA,00000005683,2
CADASTRAR,00000006905,Bruno Rodrigues,1991-06-18
ENTRADA,00000002766,1
CHAMAR
CADASTRAR,00000006908,Gabriel Silva,2003-06-09
CHAMAR
CADASTRAR,00000006910,Daniela Lima,1980-02-26
CHAMAR
CHAMAR
CADASTRAR,00000006913,Gabriel Santos,1981-03-25
CADASTRAR,00000006914,Carlos Oliveira,1988-02-22
ENTRADA,00000002152,1
DESISTIR,00000005873
ENTRADA,00000002925,3
BUSCAR,00000002263
BUSCAR,00000006753
CADASTRAR,00000006920,Fernanda Santos,1971-09-19
ENTRADA,00000001733,1
DESISTIR,00000000678
TAMANHO
BUSCAR,00000004216
CADASTRAR,00000006925,Fernanda Ferreira,2003-04-07
TAMANHO
CADASTRAR,00000006927,Gabriel Silva,1993-08-17
CADASTRAR,00000006928,Eduardo Ferreira,2001-01-04
CADASTRAR,00000006929,Ana Souza,1989-09-11
BUSCAR,00000000961
BUSCAR,00000000319
ENTRADA,00000001715,1
CHAMAR
ENTRADA,00000002602,1
BUSCAR,00000001980
CADASTRAR,00000006936,Bruno Silva,1990-05-15
ENTRADA,00000006546,2
CHAMAR
BUSCAR,00000002596
BUSCAR,00000003649
CHAMAR
CADASTRAR,00000006942,Gabriel Silva,1989-02-11
BUSCAR,00000003830
ENTRADA,00000000080,2
RELATORIO
RELATORIO
CADASTRAR,00000006947,Carlos Ferreira,1986-04-27
ENTRADA,00000005490,3
CHAMAR
RELATORIO
CADASTRAR,00000006951,Daniela Costa,1972-04-06
ENTRADA,00000002941,1
ENTRADA,00000001758,3
CADASTRAR,00000006954,Carlos Lima,1991-02-20
BUSCAR,00000005672
CADASTRAR,00000006956,Fernanda Ferreira,2005-12-01
DESISTIR,00000000337
ENTRADA,00000005392,1
BUSCAR,00000004467
BUSCAR,00000003491
CHAMAR
ENTRADA,00000000934,2
CHAMAR
ENTRADA,00000004693,1
TAMANHO
ENTRADA,00000004235,3
BUSCAR,00000005901
BUSCAR,00000002941
ENTRADA,00000005713,3
CADASTRAR,00000006970,Fernanda Santos,2003-10-03
CADASTRAR,00000006971,Gabriel Rodrigues,2004-11-04
BUSCAR,00000000554
ENTRADA,00000004994,3
CHAMAR
DESISTIR,00000000218
BUSCAR,00000000063
CADASTRAR,00000006977,Bruno Lima,1998-01-24
ENTRADA,00000001694,3
ENTRADA,00000005277,2
BUSCAR,00000000029
DESISTIR,00000001694
ENTRADA,00000004696,2
ENTRADA,00000001093,2
ENTRADA,00000004557,3
ENTRADA,00000002618,1
ENTRADA,00000003210,2
ENTRADA,00000003013,1
CHAMAR
CHAMAR
CHAMAR
BUSCAR,00000005313
CADASTRAR,00000006992,Daniela Souza,1997-08-16
CADASTRAR,00000006993,Daniela Lima,1983-12-04
BUSCAR,00000006080
CADASTRAR,00000006995,Bruno Ferreira,1975-02-15
CADASTRAR,00000006996,Gabriel Santos,1994-12-25
ENTRADA,00000002524,2
ENTRADA,00000001103,2
CADASTRAR,00000006999,Ana Costa,2002-05-24
CADASTRAR,00000007000,Eduardo Oliveira,1994-10-07
RELATORIO
BUSCAR,00000000764
BUSCAR,00000000398
ENTRADA,00000003151,2
ENTRADA,00000005982,2
BUSCAR,00000004073
ENTRADA,00000005949,3
BUSCAR,00000005133
ENTRADA,00000000414,3
CADASTRAR,00000007010,Bruno Silva,1990-12-08
ENTRADA,00000005708,1
ENTRADA,00000000054,2
CADASTRAR,00000007013,Helena Oliveira,1974-06-27
BUSCAR,00000004961
BUSCAR,00000000249
CADASTRAR,00000007016,Eduardo Oliveira,1978-09-05
ENTRADA,00000001265,1
CHAMAR
CHAMAR
DESISTIR,00000003149
TAMANHO
BUSCAR,00000004720
ENTRADA,00000004908,3
ENTRADA,00000004908,1
CADASTRAR,00000007025,Bruno Costa,1990-11-09
CADASTRAR,00000007026,Eduardo Ferreira,1998-11-23
BUSCAR,00000004551
CADASTRAR,00000007028,Daniela Santos,1990-04-21
CADASTRAR,00000007029,Eduardo Santos,1992-04-01
BUSCAR,00000003042
BUSCAR,00000005819
BUSCAR,00000005042
CADASTRAR,00000007033,Daniela Oliveira,1995-04-17
CHAMAR
BUSCAR,00000005056
CHAMAR
ENTRADA,00000001541,1
CADASTRAR,00000007038,Gabriel Ferreira,1970-08-06
CHAMAR
CHAMAR
ENTRADA,00000003490,2
BUSCAR,00000004825
CADASTRAR,00000007043,Helena Ferreira,1970-10-21
ENTRADA,00000002914,1
RELATORIO
CADASTRAR,00000007046,Gabriel Santos,2005-08-11
CHAMAR
BUSCAR,00000006769
CADASTRAR,00000007049,Eduardo Ferreira,1979-01-09
CADASTRAR,00000007050,Daniela Souza,1996-12-23
CADASTRAR,00000007051,Eduardo Costa,1978-08-09
CHAMAR
CADASTRAR,00000007053,Gabriel Lima,1984-12-22
BUSCAR,00000001284
BUSCAR,00000002866
BUSCAR,00000000259
CHAMAR
CHAMAR
BUSCAR,00000000521
RELATORIO
DESISTIR,00000002925
ENTRADA,00000005006,3
BUSCAR,00000005453
CADASTRAR,00000007064,Ana Souza,1999-12-06
CADASTRAR,00000007065,Gabriel Oliveira,2004-09-26
CADASTRAR,00000007066,Ana Silva,2002-02-12
DESISTIR,00000002658
ENTRADA,00000001193,3
ENTRADA,00000005362,2
BUSCAR,00000005633
CHAMAR
CHAMAR
CADASTRAR,00000007073,Daniela Ferreira,1978-12-15
ENTRADA,00000003787,3
BUSCAR,00000006680
CHAMAR
CADASTRAR,00000007077,Bruno Rodrigues,1976-06-28
ENTRADA,00000002046,3
RELATORIO
ENTRADA,00000006353,3
BUSCAR,00000005374
ENTRADA,00000001420,1
CADASTRAR,00000007083,Helena Silva,2001-04-27
CHAMAR
CADASTRAR,00000007085,Gabriel Lima,1987-11-01
ENTRADA,00000006947,1
CADASTRAR,00000007087,Gabriel Souza,1993-12-05
ENTRADA,00000006864,3
BUSCAR,00000005404
CHAMAR
CADASTRAR,00000007091,Helena Costa,2000-03-14
CHAMAR
BUSCAR,00000002226
CADASTRAR,00000007094,Carlos Santos,1973-02-16
CHAMAR
DESISTIR,00000002588
ENTRADA,00000002539,3
RELATORIO
ENTRADA,00000004706,3
RELATORIO
ENTRADA,00000001696,2
CHAMAR
CADASTRAR,00000007103,Daniela Souza,1988-03-04
RELATORIO
CADASTRAR,00000007105,Daniela Souza,1980-04-11
BUSCAR,00000004460
CADASTRAR,00000007107,Daniela Ferreira,1999-05-19
TAMANHO
CADASTRAR,00000007109,Gabriel Lima,1977-09-18
BUSCAR,00000000240
CHAMAR
CADASTRAR,00000007112,Bruno Lima,1986-06-14
CHAMAR
ENTRADA,00000003959,2
ENTRADA,00000006624,2
CADASTRAR,00000007116,Fernanda Rodrigues,1988-07-22
DESISTIR,00000001440
BUSCAR,00000006558
BUSCAR,00000005138
ENTRADA,00000003739,3
BUSCAR,00000005133
ENTRADA,00000000466,2
DESISTIR,00000005985
ENTRADA,00000006603,3
ENTRADA,00000000032,3
CADASTRAR,00000007126,Helena Souza,1990-07-28
CHAMAR
ENTRADA,00000001316,2
CADASTRAR,00000007129,Carlos Silva,1975-03-16
CADASTRAR,00000007130,Bruno Costa,1988-04-12
BUSCAR,00000002875
CADASTRAR,00000007132,Daniela Costa,1990-09-08
ENTRADA,00000000125,3
BUSCAR,00000000398
CADASTRAR,00000007135,Helena Lima,1994-03-24
CADASTRAR,00000007136,Helena Souza,2001-03-03
CHAMAR
CADASTRAR,00000007138,Ana Santos,1981-01-10
ENTRADA,00000004614,3
CADASTRAR,00000007140,Eduardo Lima,1991-05-23
ENTRADA,00000005425,3
CADASTRAR,00000007142,Ana Costa,2004-01-19
ENTRADA,00000000039,1
CHAMAR
CADASTRAR,00000007145,Bruno Silva,1972-09-27
CADASTRAR,00000007146,Fernanda Santos,1977-10-03
CADASTRAR,00000007147,Helena Lima,1995-01-26
CADASTRAR,00000007148,Daniela Ferreira,1995-12-19
ENTRADA,00000005394,3
CADASTRAR,00000007150,Bruno Oliveira,1991-12-24
CHAMAR
CADASTRAR,00000007152,Eduardo Lima,1986-03-12
BUSCAR,00000000082
ENTRADA,00000005742,1
CHAMAR
BUSCAR,00000004745
ENTRADA,00000005007,3
BUSCAR,00000001193
TAMANHO
TAMANHO
TAMANHO
ENTRADA,00000004417,2
BUSCAR,00000003001
CHAMAR
BUSCAR,00000005971
CHAMAR
CADASTRAR,00000007167,Gabriel Rodrigues,2001-10-06
BUSCAR,00000004083
BUSCAR,00000000337
BUSCAR,00000006227
ENTRADA,00000000047,1
DESISTIR,00000005499
CHAMAR
ENTRADA,00000005779,3
ENTRADA,00000005305,3
DESISTIR,00000005509
TAMANHO
ENTRADA,00000007013,1
CHAMAR
ENTRADA,00000000021,1
CHAMAR
CHAMAR
ENTRADA,00000001551,1
ENTRADA,00000004014,1
ENTRADA,00000005982,1
CADASTRAR,00000007186,Ana Costa,1979-01-17
BUSCAR,00000007043
TAMANHO
BUSCAR,00000003366
DESISTIR,00000004845
CHAMAR
CHAMAR
BUSCAR,00000000169
ENTRADA,00000002606,3
DESISTIR,00000003892
CADASTRAR,00000007196,Ana Costa,1988-06-16
CADASTRAR,00000007197,Bruno Souza,1985-04-03
TAMANHO
CADASTRAR,00000007199,Carlos Souza,1975-08-16
CADASTRAR,00000007200,Ana Lima,1982-12-12
CADASTRAR,00000007201,Carlos Silva,1980-09-14
CHAMAR
CHAMAR
CHAMAR
BUSCAR,00000004339
ENTRADA,00000003138,3
ENTRADA,00000007065,3
ENTRADA,00000001736,2
RELATORIO
ENTRADA,00000004538,1
BUSCAR,00000004623
CHAMAR
TAMANHO
TAMANHO
BUSCAR,00000005625
ENTRADA,00000006388,1
BUSCAR,00000001551
ENTRADA,00000006887,3
ENTRADA,00000002772,2
RELATORIO
DESISTIR,00000001932
BUSCAR,00000004058
ENTRADA,00000004396,1
CADASTRAR,00000007224,Ana Lima,1997-03-03
CADASTRAR,00000007225,Fernanda Ferreira,1987-05-08
TAMANHO
TAMANHO
ENTRADA,00000004341,1
ENTRADA,00000007112,1
CHAMAR
CHAMAR
BUSCAR,00000001495
CADASTRAR,00000007233,Daniela Lima,1996-09-20
CHAMAR
RELATORIO
ENTRADA,00000006910,3
CHAMAR
TAMANHO
TAMANHO
CHAMAR
BUSCAR,00000000044
DESISTIR,00000000047
ENTRADA,00000001174,2
CHAMAR
TAMANHO
RELATORIO
CADASTRAR,00000007247,Daniela Silva,2005-11-12
BUSCAR,00000000534
ENTRADA,00000004131,3
BUSCAR,00000006149
CHAMAR
BUSCAR,00000004548
DESISTIR,00000002098
ENTRADA,00000006711,3
RELATORIO
ENTRADA,00000006063,2
CADASTRAR,00000007257,Daniela Costa,1986-06-23
ENTRADA,00000006670,1
RELATORIO
CHAMAR
CADASTRAR,00000007261,Ana Silva,1981-02-16
CADASTRAR,00000007262,Eduardo Costa,1998-02-09
BUSCAR,00000000526
CADASTRAR,00000007264,Helena Silva,2005-02-23
TAMANHO
BUSCAR,00000005541
CADASTRAR,00000007267,Eduardo Souza,2002-06-05
DESISTIR,00000004839
DESISTIR,00000000576
CADASTRAR,00000007270,Ana Ferreira,2003-03-24
BUSCAR,00000005124
CADASTRAR,00000007272,Helena Costa,1995-08-22
BUSCAR,00000000827
CHAMAR
DESISTIR,00000002155
CADASTRAR,00000007276,Bruno Lima,1981-12-19
TAMANHO
ENTRADA,00000006338,2
RELATORIO
CADASTRAR,00000007280,Carlos Rodrigues,1982-05-28
CADASTRAR,00000007281,Daniela Souza,1988-05-26
CHAMAR
CADASTRAR,00000007283,Helena Santos,1994-02-25
ENTRADA,00000003980,3
CADASTRAR,00000007285,Helena Costa,1999-01-08
CHAMAR
BUSCAR,00000003235
CADASTRAR,00000007288,Helena Souza,1986-03-17
CHAMAR
CHAMAR
CHAMAR
CADASTRAR,00000007292,Fernanda Ferreira,1987-12-23
CHAMAR
CADASTRAR,00000007294,Gabriel Souza,2000-10-19
ENTRADA,00000000998,2
ENTRADA,00000001858,3
BUSCAR,00000003099
ENTRADA,00000004056,3
CADASTRAR,00000007299,Fernanda Lima,1995-02-28
BUSCAR,00000001174
CHAMAR
CADASTRAR,00000007302,Bruno Santos,1970-09-12
ENTRADA,00000002241,1
CHAMAR
CHAMAR
BUSCAR,00000003658
TAMANHO
CHAMAR
ENTRADA,00000004884,1
ENTRADA,00000000058,2
CADASTRAR,00000007311,Fernanda Rodrigues,1989-01-15
ENTRADA,00000003138,2
ENTRADA,00000000019,3
CADASTRAR,00000007314,Gabriel Silva,2003-03-11
ENTRADA,00000002743,3
DESISTIR,00000000022
ENTRADA,00000002780,2
ENTRADA,00000005511,2
ENTRADA,00000005263,3
BUSCAR,00000003858
CHAMAR
TAMANHO
CHAMAR
BUSCAR,00000003359
RELATORIO
ENTRADA,00000002369,3
BUSCAR,00000001409
ENTRADA,00000005251,3
ENTRADA,00000003759,1
ENTRADA,00000006028,1
CADASTRAR,00000007331,Helena Costa,1979-01-26
ENTRADA,00000005834,1
ENTRADA,00000005964,1
ENTRADA,00000001253,2
CADASTRAR,00000007335,Helena Oliveira,1998-01-03
CHAMAR
CADASTRAR,00000007337,Daniela Ferreira,2002-03-20
BUSCAR,00000005621
ENTRADA,00000000080,2
CADASTRAR,00000007340,Helena Ferreira,1996-03-03
ENTRADA,00000003023,3
BUSCAR,00000001944
RELATORIO
BUSCAR,00000005972
CHAMAR
CHAMAR
CADASTRAR,00000007347,Gabriel Costa,1981-12-13
RELATORIO
DESISTIR,00000000485
BUSCAR,00000001904
ENTRADA,00000006520,1
DESISTIR,00000004702
CHAMAR
ENTRADA,00000004602,2
BUSCAR,00000002836
ENTRADA,00000004964,2
CADASTRAR,00000007357,Daniela Ferreira,1970-03-03
BUSCAR,00000006796
BUSCAR,00000003451
BUSCAR,00000004492
ENTRADA,00000003170,3
ENTRADA,00000004497,3
CHAMAR
CHAMAR
ENTRADA,00000000648,1
ENTRADA,00000002864,2
CHAMAR
ENTRADA,00000006954,3
CHAMAR
CHAMAR
ENTRADA,00000006268,2
CHAMAR
BUSCAR,00000000874
BUSCAR,00000000012
DESISTIR,00000005779
CHAMAR
CADASTRAR,00000007377,Helena Ferreira,1986-10-28
CADASTRAR,00000007378,Gabriel Ferreira,1987-03-11
CADASTRAR,00000007379,Fernanda Silva,1974-08-05
ENTRADA,00000007347,1
TAMANHO
DESISTIR,00000003463
ENTRADA,00000006149,2
ENTRADA,00000001049,3
CADASTRAR,00000007385,Ana Lima,1990-07-20
ENTRADA,00000000066,1
CADASTRAR,00000007387,Gabriel Silva,1994-11-17
ENTRADA,00000006032,1
RELATORIO
BUSCAR,00000001289
ENTRADA,00000000612,2
BUSCAR,00000004407
ENTRADA,00000001338,1
CADASTRAR,00000007394,Fernanda Silva,1982-11-22
ENTRADA,00000001893,1
BUSCAR,00000006225
BUSCAR,00000001756
BUSCAR,00000000541
TAMANHO
CHAMAR
DESISTIR,00000006032
DESISTIR,00000002430
BUSCAR,00000002391
CADASTRAR,00000007404,Carlos Lima,1985-10-07
TAMANHO
CADASTRAR,00000007406,Gabriel Costa,1979-06-19
CHAMAR
ENTRADA,00000002505,1
CADASTRAR,00000007409,Bruno Rodrigues,1972-06-25
BUSCAR,00000003403
ENTRADA,00000002725,1
CADASTRAR,00000007412,Gabriel Rodrigues,1984-11-10
ENTRADA,00000007136,1
CADASTRAR,00000007414,Bruno Rodrigues,1998-05-14
DESISTIR,00000005362
CHAMAR
CADASTRAR,00000007417,Fernanda Costa,1984-06-09
ENTRADA,00000003900,1
ENTRADA,00000000597,2
ENTRADA,00000005979,1
ENTRADA,00000001779,2
RELATORIO
BUSCAR,00000000612
ENTRADA,00000005176,2
BUSCAR,00000001324
BUSCAR,00000007116
ENTRADA,00000000121,2
BUSCAR,00000001281
CADASTRAR,00000007429,Helena Silva,1991-08-25
CHAMAR
CADASTRAR,00000007431,Helena Rodrigues,1973-04-26
ENTRADA,00000001974,2
ENTRADA,00000000065,2
CHAMAR
TAMANHO
CHAMAR
CADASTRAR,00000007437,Daniela Rodrigues,1998-08-18
BUSCAR,00000004402
BUSCAR,00000003600
CHAMAR
CADASTRAR,00000007441,Bruno Costa,1995-02-16
ENTRADA,00000006619,1
CADASTRAR,00000007443,Bruno Silva,1988-03-11
CADASTRAR,00000007444,Ana Rodrigues,1985-10-11
ENTRADA,00000001373,2
BUSCAR,00000003213
ENTRADA,00000002580,1
CADASTRAR,00000007448,Gabriel Ferreira,1985-07-08
BUSCAR,00000006466
BUSCAR,00000000089
ENTRADA,00000004204,3
ENTRADA,00000002998,3
BUSCAR,00000000585
ENTRADA,00000004112,1
CHAMAR
CHAMAR
CHAMAR
CADASTRAR,00000007458,Bruno Ferreira,1995-11-22
TAMANHO
CHAMAR
RELATORIO
CADASTRAR,00000007462,Carlos Souza,1999-02-21
CHAMAR
CADASTRAR,00000007464,Bruno Costa,1976-10-28
CADASTRAR,00000007465,Ana Oliveira,1981-08-22
RELATORIO
CADASTRAR,00000007467,Bruno Rodrigues,2002-07-26
ENTRADA,00000004222,2
CHAMAR
ENTRADA,00000001131,2
ENTRADA,00000006315,1
CADASTRAR,00000007472,Carlos Santos,1994-09-08
BUSCAR,00000005800
CADASTRAR,00000007474,Fernanda Costa,1996-11-23
CHAMAR
ENTRADA,00000000053,1
ENTRADA,00000002280,2
CADASTRAR,00000007478,Carlos Souza,2003-02-12
CADASTRAR,00000007479,Ana Costa,1997-01-11
CADASTRAR,00000007480,Helena Silva,1973-02-08
CADASTRAR,00000007481,Daniela Costa,1996-04-23
BUSCAR,00000001377
CHAMAR
BUSCAR,00000003103
BUSCAR,00000006337
CHAMAR
RELATORIO
CHAMAR
CADASTRAR,00000007489,Carlos Santos,1990-01-23
ENTRADA,00000004961,1
CADASTRAR,00000007491,Fernanda Santos,1981-09-20
CHAMAR
RELATORIO
ENTRADA,00000006712,3
RELATORIO
BUSCAR,00000007116
TAMANHO
CHAMAR
BUSCAR,00000004569
CADASTRAR,00000007500,Gabriel Ferreira,1971-08-25
CADASTRAR,00000007501,Bruno Souza,1973-09-28
CADASTRAR,00000007502,Daniela Oliveira,1994-12-21
BUSCAR,00000006052
ENTRADA,00000006914,2
ENTRADA,00000001558,2
ENTRADA,00000007347,2
ENTRADA,00000007077,3
CHAMAR
ENTRADA,00000005839,3
CHAMAR
CADASTRAR,00000007511,Bruno Souza,1973-03-14
CADASTRAR,00000007512,Fernanda Silva,1983-06-01
CADASTRAR,00000007513,Bruno Santos,1983-07-01
DESISTIR,00000004706
ENTRADA,00000002328,3
ENTRADA,00000003909,3
CHAMAR
TAMANHO
ENTRADA,00000007464,2
ENTRADA,00000003812,1
ENTRADA,00000002443,2
ENTRADA,00000003053,2
DESISTIR,00000005007
CADASTRAR,00000007524,Ana Costa,1989-02-17
ENTRADA,00000001961,1
BUSCAR,00000004778
ENTRADA,00000006887,2
ENTRADA,00000002132,3
CADASTRAR,00000007529,Carlos Costa,1993-03-22
CHAMAR
BUSCAR,00000004909
ENTRADA,00000001340,2
BUSCAR,00000002313
CADASTRAR,00000007534,Eduardo Lima,1974-07-28
BUSCAR,00000000719
ENTRADA,00000004241,3
CADASTRAR,00000007537,Gabriel Lima,1983-08-26
CADASTRAR,00000007538,Ana Oliveira,1982-08-16
CADASTRAR,00000007539,Gabriel Costa,1977-07-06
CHAMAR
BUSCAR,00000005261
ENTRADA,00000004706,2
CADASTRAR,00000007543,Fernanda Ferreira,2003-01-18
BUSCAR,00000006048
ENTRADA,00000005266,3
BUSCAR,00000000040
CADASTRAR,00000007547,Fernanda Oliveira,1989-03-09
BUSCAR,00000000038
CADASTRAR,00000007549,Gabriel Ferreira,1983-03-16
CHAMAR
ENTRADA,00000006068,3
ENTRADA,00000005579,1
BUSCAR,00000005593
CADASTRAR,00000007554,Eduardo Rodrigues,1990-11-21
CADASTRAR,00000007555,Daniela Costa,2000-12-15
RELATORIO
CHAMAR
CADASTRAR,00000007558,Carlos Ferreira,2002-04-05
CADASTRAR,00000007559,Gabriel Santos,1994-04-22
ENTRADA,00000004777,1
ENTRADA,00000005976,1
ENTRADA,00000000084,2
TAMANHO
ENTRADA,00000000516,1
ENTRADA,00000003945,2
ENTRADA,00000000081,3
ENTRADA,00000000917,2
DESISTIR,00000003886
BUSCAR,00000007135
CHAMAR
CHAMAR
ENTRADA,00000004407,3
CADASTRAR,00000007573,Helena Silva,1971-12-02
CADASTRAR,00000007574,Fernanda Costa,1986-08-07
ENTRADA,00000003988,3
ENTRADA,00000000017,3
CHAMAR
TAMANHO
CHAMAR
ENTRADA,00000001010,3
CHAMAR
ENTRADA,00000006878,2
CHAMAR
ENTRADA,00000005133,2
ENTRADA,00000006753,3
CADASTRAR,00000007586,Gabriel Souza,1992-11-24
CADASTRAR,00000007587,Ana Santos,1975-10-28
RELATORIO
ENTRADA,00000006133,3
ENTRADA,00000006580,1
ENTRADA,00000001904,2
CHAMAR
DESISTIR,00000005579
CADASTRAR,00000007594,Eduardo Rodrigues,1994-05-12
ENTRADA,00000006168,3
ENTRADA,00000000719,3
CHAMAR
ENTRADA,00000001391,2
CADASTRAR,00000007599,Eduardo Rodrigues,1999-04-11
ENTRADA,00000001390,1
BUSCAR,00000007064
CADASTRAR,00000007602,Fernanda Santos,1999-03-13
CADASTRAR,00000007603,Bruno Silva,2004-08-28
ENTRADA,00000004309,3
CHAMAR
CHAMAR
CHAMAR
CHAMAR
TAMANHO
TAMANHO
BUSCAR,00000001904
BUSCAR,00000006638
BUSCAR,00000007524
BUSCAR,00000003602
BUSCAR,00000006520
CADASTRAR,00000007616,Gabriel Souza,1983-12-03
CADASTRAR,00000007617,Carlos Ferreira,1990-08-23
RELATORIO
ENTRADA,00000006337,1
ENTRADA,00000003305,2
ENTRADA,00000003297,2
ENTRADA,00000006526,3
CADASTRAR,00000007623,Daniela Costa,1992-09-25
BUSCAR,00000003009
RELATORIO
ENTRADA,00000003845,2
ENTRADA,00000003548,2
CHAMAR
ENTRADA,00000006425,3
BUSCAR,00000000015
DESISTIR,00000004696
CADASTRAR,00000007632,Bruno Rodrigues,1979-08-07
ENTRADA,00000004073,1
CHAMAR
BUSCAR,00000001412
ENTRADA,00000006038,2
ENTRADA,00000003668,3
ENTRADA,00000000194,2
CADASTRAR,00000007639,Daniela Ferreira,1994-08-12
ENTRADA,00000004794,3
BUSCAR,00000006168
CADASTRAR,00000007642,Daniela Souza,1980-02-20
ENTRADA,00000000007,3
TAMANHO
BUSCAR,00000005215
CADASTRAR,00000007646,Carlos Costa,1981-08-23
ENTRADA,00000006928,2
ENTRADA,00000007077,1
CHAMAR
RELATORIO
RELATORIO
RELATORIO
BUSCAR,00000005292
BUSCAR,00000003733
BUSCAR,00000004533
BUSCAR,00000005874
CADASTRAR,00000007657,Gabriel Oliveira,1977-05-09
CADASTRAR,00000007658,Ana Souza,1998-03-10
CADASTRAR,00000007659,Gabriel Souza,1983-04-14
RELATORIO
ENTRADA,00000000261,1
TAMANHO
TAMANHO
RELATORIO
BUSCAR,00000002615
ENTRADA,00000003236,1
ENTRADA,00000004407,2
ENTRADA,00000000442,3
BUSCAR,00000002462
ENTRADA,00000001392,2
RELATORIO
ENTRADA,00000003908,2
CADASTRAR,00000007673,Gabriel Costa,1970-09-18
DESISTIR,00000000687
DESISTIR,00000005232
CADASTRAR,00000007676,Daniela Rodrigues,1991-08-13
ENTRADA,00000005358,3
CADASTRAR,00000007678,Ana Costa,2002-12-12
CADASTRAR,00000007679,Eduardo Costa,1983-12-28
CHAMAR
BUSCAR,00000006279
CADASTRAR,00000007682,Bruno Lima,1976-01-17
ENTRADA,00000000072,2
CHAMAR
TAMANHO
ENTRADA,00000003589,1
CADASTRAR,00000007687,Eduardo Lima,1971-12-25
BUSCAR,00000000009
ENTRADA,00000007085,1
CADASTRAR,00000007690,Helena Oliveira,1982-11-10
ENTRADA,00000003023,2
ENTRADA,00000000960,2
ENTRADA,00000006485,3
BUSCAR,00000000226
CADASTRAR,00000007695,Helena Costa,1990-01-02
CHAMAR
CADASTRAR,00000007697,Bruno Ferreira,1981-12-17
CHAMAR
BUSCAR,00000006769
RELATORIO
CADASTRAR,00000007701,Gabriel Silva,2005-06-15
ENTRADA,00000006201,1
CHAMAR
TAMANHO
CADASTRAR,00000007705,Eduardo Rodrigues,1972-01-06
DESISTIR,00000005207
TAMANHO
ENTRADA,00000002911,1
BUSCAR,00000005327
ENTRADA,00000007261,2
BUSCAR,00000006913
CADASTRAR,00000007712,Eduardo Santos,1991-11-02
ENTRADA,00000006970,2
CADASTRAR,00000007714,Daniela Oliveira,1987-02-01
ENTRADA,00000006861,1
CADASTRAR,00000007716,Gabriel Souza,1974-05-13
BUSCAR,00000001411
ENTRADA,00000003644,3
TAMANHO
DESISTIR,00000000006
BUSCAR,00000000339
CHAMAR
BUSCAR,00000003036
CHAMAR
TAMANHO
ENTRADA,00000001203,1
DESISTIR,00000002004
CHAMAR
ENTRADA,00000005511,1
CHAMAR
ENTRADA,00000001564,1
CADASTRAR,00000007732,Ana Souza,1982-11-25
ENTRADA,00000006580,2
ENTRADA,00000003239,2
ENTRADA,00000007167,2
BUSCAR,00000004186
CADASTRAR,00000007737,Eduardo Silva,1973-03-27
CADASTRAR,00000007738,Ana Souza,1970-08-11
CHAMAR
CHAMAR
BUSCAR,00000000756
ENTRADA,00000003306,2
DESISTIR,00000004538
BUSCAR,00000000939
BUSCAR,00000004105
CADASTRAR,00000007746,Helena Silva,1996-12-18
CHAMAR
CADASTRAR,00000007748,Carlos Lima,1971-04-07
CADASTRAR,00000007749,Ana Silva,1981-03-14
TAMANHO
CHAMAR
CADASTRAR,00000007752,Ana Rodrigues,1976-02-20
ENTRADA,00000001895,2
ENTRADA,00000002458,1
ENTRADA,00000001981,2
CADASTRAR,00000007756,Daniela Souza,1974-06-19
ENTRADA,00000000448,2
BUSCAR,00000002506
ENTRADA,00000003845,1
BUSCAR,00000003607
CADASTRAR,00000007761,Bruno Ferreira,1976-09-06
CHAMAR
RELATORIO
CHAMAR
BUSCAR,00000000707
ENTRADA,00000003063,2
TAMANHO
ENTRADA,00000001958,3
ENTRADA,00000001987,1
ENTRADA,00000002057,2
RELATORIO
DESISTIR,00000003959
CADASTRAR,00000007773,Bruno Rodrigues,1998-02-27
ENTRADA,00000005779,1
ENTRADA,00000006160,1
ENTRADA,00000001790,2
RELATORIO
CADASTRAR,00000007778,Eduardo Rodrigues,1985-05-11
RELATORIO
ENTRADA,00000001544,3
ENTRADA,00000002270,3
ENTRADA,00000001284,1
CADASTRAR,00000007783,Bruno Oliveira,1989-09-12
CADASTRAR,00000007784,Carlos Santos,1984-03-23
CADASTRAR,00000007785,Eduardo Ferreira,1982-07-15
BUSCAR,00000003953
CADASTRAR,00000007787,Fernanda Oliveira,1993-08-01
BUSCAR,00000000284
CADASTRAR,00000007789,Daniela Souza,1987-10-07
BUSCAR,00000006309
DESISTIR,00000004396
BUSCAR,00000006242
RELATORIO
RELATORIO
CADASTRAR,00000007795,Bruno Silva,2005-01-18
RELATORIO
ENTRADA,00000000818,3
CHAMAR
CADASTRAR,00000007799,Fernanda Rodrigues,1995-01-25
CHAMAR
CADASTRAR,00000007801,Bruno Oliveira,1994-05-01
CHAMAR
CADASTRAR,00000007803,Fernanda Ferreira,1990-02-26
ENTRADA,00000003849,1
CADASTRAR,00000007805,Helena Santos,1970-08-28
CADASTRAR,00000007806,Gabriel Rodrigues,1971-05-18
CADASTRAR,00000007807,Ana Lima,1978-03-16
ENTRADA,00000002263,3
CHAMAR
BUSCAR,00000007599
RELATORIO
RELATORIO
CADASTRAR,00000007813,Bruno Ferreira,1984-12-12
ENTRADA,00000004016,1
ENTRADA,00000005392,3
BUSCAR,00000003262
ENTRADA,00000006272,2
CHAMAR
CHAMAR
ENTRADA,00000003583,3
CADASTRAR,00000007821,Bruno Silva,2001-10-16
ENTRADA,00000006371,3
CHAMAR
CADASTRAR,00000007824,Daniela Oliveira,1996-10-16
ENTRADA,00000003484,2
RELATORIO
CADASTRAR,00000007827,Ana Souza,1981-11-23
BUSCAR,00000003186
BUSCAR,00000007066
BUSCAR,00000002341
TAMANHO
DESISTIR,00000000776
ENTRADA,00000003259,3
ENTRADA,00000003157,3
ENTRADA,00000003441,3
CADASTRAR,00000007836,Carlos Ferreira,1999-02-23
ENTRADA,00000000483,1
DESISTIR,00000003589
CADASTRAR,00000007839,Ana Costa,1987-04-02
ENTRADA,00000007657,3
BUSCAR,00000005415
CADASTRAR,00000007842,Daniela Oliveira,2001-01-05
CHAMAR
BUSCAR,00000004400
CHAMAR
DESISTIR,00000004222
ENTRADA,00000005780,2
CADASTRAR,00000007848,Bruno Costa,1981-02-19
CADASTRAR,00000007849,Helena Oliveira,1993-12-10
CHAMAR
BUSCAR,00000007013
CHAMAR
CADASTRAR,00000007853,Daniela Silva,2004-10-01
CHAMAR
ENTRADA,00000000041,2
ENTRADA,00000000642,2
ENTRADA,00000007000,1
CHAMAR
BUSCAR,00000005975
BUSCAR,00000003602
CHAMAR
CHAMAR
BUSCAR,00000006759
ENTRADA,00000000053,1
CHAMAR
CADASTRAR,00000007866,Bruno Rodrigues,1983-08-03
DESISTIR,00000000960
CADASTRAR,00000007868,Carlos Costa,1975-12-11
CADASTRAR,00000007869,Carlos Oliveira,1981-01-23
TAMANHO
BUSCAR,00000003157
BUSCAR,00000001135
ENTRADA,00000002072,1
CADASTRAR,00000007874,Daniela Ferreira,1980-01-19
CADASTRAR,00000007875,Bruno Oliveira,2000-07-20
CADASTRAR,00000007876,Fernanda Ferreira,1974-05-19
BUSCAR,00000002899
CADASTRAR,00000007878,Bruno Lima,1987-01-26
CADASTRAR,00000007879,Fernanda Oliveira,1985-09-03
CHAMAR
BUSCAR,00000001338
TAMANHO
TAMANHO
ENTRADA,00000000081,2
CADASTRAR,00000007885,Gabriel Silva,1988-09-16
ENTRADA,00000002589,3
CADASTRAR,00000007887,Gabriel Silva,1979-05-06
ENTRADA,00000005621,3
CADASTRAR,00000007889,Fernanda Silva,1987-12-12
CADASTRAR,00000007890,Gabriel Santos,1997-01-22
CADASTRAR,00000007891,Bruno Rodrigues,2004-03-11
ENTRADA,00000000067,2
CADASTRAR,00000007893,Helena Silva,1985-03-03
RELATORIO
CHAMAR
ENTRADA,00000000414,1
CADASTRAR,00000007897,Eduardo Souza,1981-12-28
BUSCAR,00000004921
RELATORIO
CHAMAR
CADASTRAR,00000007901,Bruno Silva,1990-12-07
ENTRADA,00000006744,1
ENTRADA,00000000597,1
ENTRADA,00000004598,1
CHAMAR
ENTRADA,00000007543,1
CHAMAR
BUSCAR,00000001564
CADASTRAR,00000007909,Carlos Ferreira,1974-04-11
ENTRADA,00000003787,1
BUSCAR,00000001383
ENTRADA,00000004481,1
CADASTRAR,00000007913,Daniela Silva,2002-01-04
CADASTRAR,00000007914,Helena Rodrigues,1981-05-01
BUSCAR,00000005889
CADASTRAR,00000007916,Daniela Costa,1989-03-24
TAMANHO
CHAMAR
CADASTRAR,00000007919,Daniela Lima,2000-12-23
CADASTRAR,00000007920,Fernanda Rodrigues,1982-02-26
TAMANHO
RELATORIO
DESISTIR,00000002780
ENTRADA,00000000379,1
BUSCAR,00000001544
ENTRADA,00000003253,3
BUSCAR,00000004633
ENTRADA,00000006790,1
BUSCAR,00000001092
CHAMAR
ENTRADA,00000005198,1
RELATORIO
DESISTIR,00000000164
BUSCAR,00000003103
CHAMAR
BUSCAR,00000005283
BUSCAR,00000005683
CADASTRAR,00000007938,Gabriel Souza,1995-05-18
DESISTIR,00000004961
CADASTRAR,00000007940,Helena Costa,1984-10-01
ENTRADA,00000007836,1
CADASTRAR,00000007942,Fernanda Lima,1989-05-18
CADASTRAR,00000007943,Daniela Souza,1986-05-12
ENTRADA,00000003920,1
ENTRADA,00000003662,1
ENTRADA,00000003443,2
CHAMAR
BUSCAR,00000002731
CADASTRAR,00000007949,Helena Ferreira,2001-12-06
TAMANHO
CADASTRAR,00000007951,Fernanda Ferreira,2003-07-02
TAMANHO
ENTRADA,00000005572,3
DESISTIR,00000005133
RELATORIO
ENTRADA,00000007132,3
CADASTRAR,00000007957,Carlos Ferreira,1979-01-01
CADASTRAR,00000007958,Carlos Silva,1989-05-16
ENTRADA,00000000908,2
DESISTIR,00000002328
ENTRADA,00000003213,3
ENTRADA,00000000174,3
BUSCAR,00000001135
RELATORIO
ENTRADA,00000001667,3
CHAMAR
BUSCAR,00000001943
BUSCAR,00000002867
CADASTRAR,00000007969,Daniela Costa,1975-09-07
ENTRADA,00000006212,2
CADASTRAR,00000007971,Fernanda Santos,1996-05-04
CADASTRAR,00000007972,Gabriel Santos,1995-06-12
BUSCAR,00000007130
CADASTRAR,00000007974,Helena Oliveira,1990-01-18
CADASTRAR,00000007975,Fernanda Rodrigues,1975-03-27
CHAMAR
BUSCAR,00000004433
ENTRADA,00000004198,1
ENTRADA,00000003308,2
CHAMAR
CADASTRAR,00000007981,Bruno Ferreira,1982-09-15
BUSCAR,00000003121
RELATORIO
CADASTRAR,00000007984,Gabriel Silva,1997-01-03
CHAMAR
CHAMAR
CADASTRAR,00000007987,Eduardo Silva,1976-04-02
BUSCAR,00000004939
BUSCAR,00000006751
ENTRADA,00000004109,3
CADASTRAR,00000007991,Bruno Lima,2003-04-12
ENTRADA,00000007147,2
CADASTRAR,00000007993,Carlos Souza,2001-06-05
CHAMAR
RELATORIO
ENTRADA,00000005292,3
BUSCAR,00000002824
BUSCAR,00000004282
CADASTRAR,00000007999,Bruno Lima,1984-07-27
RELATORIO
BUSCAR,00000001762
BUSCAR,00000004487
DESISTIR,00000003138
TAMANHO
CADASTRAR,00000008005,Ana Costa,1990-12-16
ENTRADA,00000006129,2
ENTRADA,00000006279,3
CADASTRAR,00000008008,Bruno Souza,1990-08-24
CHAMAR
BUSCAR,00000004069
BUSCAR,00000004534
CADASTRAR,00000008012,Fernanda Lima,1998-06-27
CHAMAR
CHAMAR
RELATORIO
CHAMAR
CADASTRAR,00000008017,Gabriel Lima,1974-06-20
BUSCAR,00000005685
CADASTRAR,00000008019,Eduardo Rodrigues,1985-06-08
ENTRADA,00000004340,2
CADASTRAR,00000008021,Gabriel Souza,1973-02-14
DESISTIR,00000005392
CHAMAR
CHAMAR
ENTRADA,00000006151,2
BUSCAR,00000001589
RELATORIO
CHAMAR
DESISTIR,00000000080
BUSCAR,00000002280
DESISTIR,00000002925
CADASTRAR,00000008032,Helena Costa,1987-05-20
CADASTRAR,00000008033,Helena Silva,1975-12-08
ENTRADA,00000004945,1
ENTRADA,00000005593,2
BUSCAR,00000006128
CHAMAR
BUSCAR,00000006744
ENTRADA,00000000890,2
ENTRADA,00000000626,3
ENTRADA,00000000226,2
DESISTIR,00000003441
CADASTRAR,00000008043,Carlos Lima,1977-06-14
ENTRADA,00000000524,1
ENTRADA,00000000032,1
CADASTRAR,00000008046,Carlos Silva,2002-12-16
BUSCAR,00000008012
CADASTRAR,00000008048,Fernanda Oliveira,1971-12-10
CADASTRAR,00000008049,Gabriel Costa,1977-01-04
CHAMAR
RELATORIO
BUSCAR,00000004964
CADASTRAR,00000008053,Bruno Oliveira,1998-12-16
ENTRADA,00000007288,3
TAMANHO
ENTRADA,00000002132,2
ENTRADA,00000004241,2
CADASTRAR,00000008058,Carlos Oliveira,1992-01-11
CHAMAR
BUSCAR,00000002280
CADASTRAR,00000008061,Bruno Silva,1975-11-20
CADASTRAR,00000008062,Daniela Ferreira,1997-05-12
CADASTRAR,00000008063,Fernanda Lima,1993-04-02
CADASTRAR,00000008064,Helena Silva,1988-07-11
BUSCAR,00000007283
CADASTRAR,00000008066,Daniela Oliveira,2002-07-08
CADASTRAR,00000008067,Ana Costa,1972-10-16
ENTRADA,00000001987,1
ENTRADA,00000004283,1
BUSCAR,00000004994
RELATORIO
ENTRADA,00000002452,2
BUSCAR,00000005434
ENTRADA,00000000576,3
CHAMAR
ENTRADA,00000000062,1
BUSCAR,00000005227
CHAMAR
ENTRADA,00000003494,2
BUSCAR,00000001957
CADASTRAR,00000008081,Daniela Rodrigues,1989-03-03
CHAMAR
CHAMAR
CADASTRAR,00000008084,Carlos Ferreira,1976-06-01
ENTRADA,00000000960,2
CADASTRAR,00000008086,Gabriel Silva,1972-08-26
ENTRADA,00000002618,3
TAMANHO
RELATORIO
CADASTRAR,00000008090,Eduardo Lima,1973-09-01
TAMANHO
CADASTRAR,00000008092,Daniela Lima,1989-03-06
CHAMAR
ENTRADA,00000001790,2
BUSCAR,00000002127
DESISTIR,00000005713
BUSCAR,00000001036
CHAMAR
CADASTRAR,00000008099,Bruno Souza,1993-05-23
DESISTIR,00000000065
CADASTRAR,00000008101,Helena Oliveira,1997-11-15
CADASTRAR,00000008102,Carlos Souza,1981-10-14
RELATORIO
RELATORIO
DESISTIR,00000003063
CADASTRAR,00000008106,Eduardo Ferreira,1970-01-23
BUSCAR,00000006971
BUSCAR,00000001352
CHAMAR
ENTRADA,00000003897,3
RELATORIO
ENTRADA,00000003910,3
CADASTRAR,00000008113,Helena Costa,1983-06-05
BUSCAR,00000004696
DESISTIR,00000006711
ENTRADA,00000000427,3
CHAMAR
RELATORIO
TAMANHO
BUSCAR,00000000008
BUSCAR,00000002988
CADASTRAR,00000008122,Ana Silva,1983-11-18
ENTRADA,00000006389,2
CHAMAR
ENTRADA,00000000033,3
BUSCAR,00000003836
RELATORIO
ENTRADA,00000003846,3
CADASTRAR,00000008129,Helena Oliveira,2002-06-02
TAMANHO
BUSCAR,00000001837
ENTRADA,00000000516,3
CADASTRAR,00000008133,Bruno Oliveira,1976-11-20
ENTRADA,00000002188,3
CHAMAR
CADASTRAR,00000008136,Eduardo Ferreira,1992-05-15
TAMANHO
CHAMAR
BUSCAR,00000004410
CADASTRAR,00000008140,Carlos Ferreira,1998-07-09
CADASTRAR,00000008141,Bruno Rodrigues,1983-07-22
TAMANHO
CADASTRAR,00000008143,Bruno Lima,2001-07-02
ENTRADA,00000007587,1
DESISTIR,00000000379
BUSCAR,00000000086
BUSCAR,00000006062
ENTRADA,00000006339,3
ENTRADA,00000003662,3
CADASTRAR,00000008150,Daniela Ferreira,1971-02-08
ENTRADA,00000000065,3
CADASTRAR,00000008152,Carlos Costa,1991-05-02
TAMANHO
DESISTIR,00000004879
CADASTRAR,00000008155,Ana Lima,2004-02-16
BUSCAR,00000004919
ENTRADA,00000000558,2
ENTRADA,00000001705,1
BUSCAR,00000006130
CADASTRAR,00000008160,Fernanda Souza,1996-04-20
DESISTIR,00000000043
ENTRADA,00000005996,1
ENTRADA,00000004326,1
TAMANHO
CHAMAR
CADASTRAR,00000008166,Eduardo Costa,1984-09-07
RELATORIO
CADASTRAR,00000008168,Gabriel Costa,1990-09-06
CADASTRAR,00000008169,Bruno Silva,1979-02-09
CADASTRAR,00000008170,Gabriel Santos,1976-04-20
BUSCAR,00000002210
CADASTRAR,00000008172,Ana Silva,1984-01-21
BUSCAR,00000003682
ENTRADA,00000001126,1
ENTRADA,00000004307,2
CADASTRAR,00000008176,Fernanda Ferreira,1985-06-19
TAMANHO
CHAMAR
CHAMAR
TAMANHO
ENTRADA,00000006212,2
CHAMAR
BUSCAR,00000007146
ENTRADA,00000006942,1
CADASTRAR,00000008185,Bruno Santos,1992-11-01
CADASTRAR,00000008186,Gabriel Oliveira,1974-08-14
ENTRADA,00000003763,2
CADASTRAR,00000008188,Fernanda Ferreira,1981-04-08
ENTRADA,00000002056,2
CHAMAR
ENTRADA,00000000336,1
CADASTRAR,00000008192,Gabriel Ferreira,1982-03-01
ENTRADA,00000001757,1
RELATORIO
CHAMAR
DESISTIR,00000001551
CHAMAR
CADASTRAR,00000008198,Ana Silva,1973-08-23
CHAMAR
ENTRADA,00000000072,3
ENTRADA,00000000082,2
CHAMAR
CADASTRAR,00000008203,Carlos Souza,1987-03-13
DESISTIR,00000006123
CADASTRAR,00000008205,Daniela Rodrigues,1990-02-23
ENTRADA,00000002313,1
CADASTRAR,00000008207,Gabriel Costa,1972-05-25
ENTRADA,00000000563,1
CHAMAR
ENTRADA,00000007839,2
ENTRADA,00000001658,3
BUSCAR,00000005317
CHAMAR
BUSCAR,00000005123
BUSCAR,00000008129
CHAMAR
CADASTRAR,00000008217,Bruno Costa,1979-03-20
CADASTRAR,00000008218,Ana Costa,1972-10-18
BUSCAR,00000004402
CHAMAR
CHAMAR
BUSCAR,00000000046
CADASTRAR,00000008223,Ana Oliveira,1982-05-10
ENTRADA,00000002042,1
RELATORIO
BUSCAR,00000006831
CHAMAR
BUSCAR,00000006929
ENTRADA,00000005403,2
BUSCAR,00000004779
CADASTRAR,00000008231,Gabriel Santos,1999-06-07
ENTRADA,00000004396,3
ENTRADA,00000006760,1
CHAMAR
BUSCAR,00000003959
CADASTRAR,00000008236,Daniela Silva,1972-03-07
ENTRADA,00000000019,3
CADASTRAR,00000008238,Gabriel Santos,1995-08-10
CHAMAR
DESISTIR,00000000058
CHAMAR
ENTRADA,00000003885,1
BUSCAR,00000005263
CADASTRAR,00000008244,Daniela Costa,1998-02-05
CADASTRAR,00000008245,Bruno Souza,1984-10-26
CADASTRAR,00000008246,Bruno Santos,1973-11-09
CHAMAR
ENTRADA,00000006995,1
ENTRADA,00000006797,2
ENTRADA,00000003253,3
DESISTIR,00000000875
RELATORIO
ENTRADA,00000007632,1
ENTRADA,00000007876,2
ENTRADA,00000003812,3
BUSCAR,00000000442
TAMANHO
ENTRADA,00000004340,3
BUSCAR,00000000038
CADASTRAR,00000008260,Fernanda Oliveira,2002-12-11
CADASTRAR,00000008261,Carlos Oliveira,1996-02-18
CADASTRAR,00000008262,Daniela Santos,2004-04-16
ENTRADA,00000001904,1
CHAMAR
CHAMAR
ENTRADA,00000007824,1
CADASTRAR,00000008267,Daniela Costa,1992-03-02
CADASTRAR,00000008268,Ana Santos,1986-02-03
ENTRADA,00000006618,3
CADASTRAR,00000008270,Daniela Silva,1980-12-18
CHAMAR
ENTRADA,00000004433,3
CHAMAR
CADASTRAR,00000008274,Ana Costa,1985-09-04
ENTRADA,00000000016,2
ENTRADA,00000007737,1
ENTRADA,00000006621,2
ENTRADA,00000007558,2
ENTRADA,00000002864,3
CHAMAR
BUSCAR,00000000139
BUSCAR,00000004412
CADASTRAR,00000008283,Bruno Oliveira,1998-01-19
RELATORIO
ENTRADA,00000000719,2
CADASTRAR,00000008286,Helena Oliveira,1995-09-03
CADASTRAR,00000008287,Ana Costa,2002-06-27
CHAMAR
DESISTIR,00000002772
CADASTRAR,00000008290,Eduardo Souza,1971-11-05
CADASTRAR,00000008291,Helena Ferreira,1977-03-23
CADASTRAR,00000008292,Bruno Costa,1993-11-12
ENTRADA,00000004496,1
CADASTRAR,00000008294,Daniela Ferreira,1979-03-10
CADASTRAR,00000008295,Ana Ferreira,1994-04-20
CHAMAR
CHAMAR
ENTRADA,00000002119,1
CHAMAR
ENTRADA,00000000560,2
DESISTIR,00000002766
BUSCAR,00000003980
ENTRADA,00000003072,2
ENTRADA,00000001920,1
BUSCAR,00000003202
RELATORIO
CADASTRAR,00000008307,Daniela Lima,1975-05-28
BUSCAR,00000002787
ENTRADA,00000003872,3
ENTRADA,00000003815,3
DESISTIR,00000004706
BUSCAR,00000004746
CADASTRAR,00000008313,Fernanda Santos,1994-04-11
ENTRADA,00000006809,1
ENTRADA,00000001832,1
CHAMAR
CHAMAR
CADASTRAR,00000008318,Fernanda Santos,1993-12-06
CHAMAR
ENTRADA,00000003009,3
ENTRADA,00000000354,1
CHAMAR
BUSCAR,00000002589
CADASTRAR,00000008324,Eduardo Rodrigues,1981-04-15
ENTRADA,00000006569,3
ENTRADA,00000001569,3
CHAMAR
TAMANHO
CHAMAR
BUSCAR,00000003118
CADASTRAR,00000008331,Eduardo Silva,1997-08-20
ENTRADA,00000003983,1
BUSCAR,00000003439
CHAMAR
CADASTRAR,00000008335,Helena Silva,2001-04-11
CHAMAR
BUSCAR,00000005714
CHAMAR
CADASTRAR,00000008339,Carlos Costa,1996-11-10
BUSCAR,00000003842
BUSCAR,00000003654
ENTRADA,00000000958,2
ENTRADA,00000001634,3
BUSCAR,00000008170
ENTRADA,00000000077,3
CADASTRAR,00000008346,Carlos Santos,1987-02-12
BUSCAR,00000008168
BUSCAR,00000006129
ENTRADA,00000004140,1
CADASTRAR,00000008350,Ana Oliveira,2001-07-03
ENTRADA,00000003992,1
CADASTRAR,00000008352,Bruno Silva,1976-11-19
BUSCAR,00000003700
RELATORIO
TAMANHO
CADASTRAR,00000008356,Daniela Oliveira,1986-03-04
ENTRADA,00000006396,3
CADASTRAR,00000008358,Gabriel Souza,1989-04-15
ENTRADA,00000007474,1
CHAMAR
DESISTIR,00000006279
ENTRADA,00000003662,1
CHAMAR
BUSCAR,00000000024
BUSCAR,00000000563
ENTRADA,00000002508,3
CADASTRAR,00000008367,Helena Santos,1976-06-02
ENTRADA,00000003575,3
CADASTRAR,00000008369,Ana Ferreira,1985-01-16
BUSCAR,00000003589
ENTRADA,00000006307,1
ENTRADA,00000000239,3
TAMANHO
ENTRADA,00000005127,1
ENTRADA,00000006193,1
BUSCAR,00000000039
DESISTIR,00000004992
CADASTRAR,00000008378,Carlos Oliveira,1974-03-10
DESISTIR,00000001958
DESISTIR,00000003548
BUSCAR,00000005935
CHAMAR
RELATORIO
CADASTRAR,00000008384,Gabriel Silva,1987-11-12
ENTRADA,00000006662,1
CADASTRAR,00000008386,Gabriel Oliveira,1976-09-10
BUSCAR,00000000013
CHAMAR
CADASTRAR,00000008389,Carlos Ferreira,1983-06-02
CADASTRAR,00000008390,Helena Lima,1989-11-20
ENTRADA,00000002911,1
ENTRADA,00000004428,1
ENTRADA,00000005007,2
CADASTRAR,00000008394,Eduardo Rodrigues,2005-06-02
ENTRADA,00000006722,2
ENTRADA,00000000093,1
CHAMAR
TAMANHO
CHAMAR
BUSCAR,00000002347
ENTRADA,00000004066,2
ENTRADA,00000006760,1
CADASTRAR,00000008403,Carlos Costa,2004-02-07
BUSCAR,00000008101
BUSCAR,00000003764
BUSCAR,00000007152
CADASTRAR,00000008407,Bruno Oliveira,1979-05-02
CHAMAR
CHAMAR
ENTRADA,00000000100,3
RELATORIO
ENTRADA,00000004693,2
CADASTRAR,00000008413,Daniela Costa,1983-01-11
CADASTRAR,00000008414,Ana Costa,1980-10-11
RELATORIO
BUSCAR,00000000859
ENTRADA,00000008012,3
CHAMAR
DESISTIR,00000006546
CADASTRAR,00000008420,Daniela Costa,1982-06-09
CHAMAR
CADASTRAR,00000008422,Carlos Rodrigues,1998-04-09
BUSCAR,00000000007
ENTRADA,00000000092,1
ENTRADA,00000005593,1
BUSCAR,00000001426
CADASTRAR,00000008427,Ana Ferreira,2000-10-04
CADASTRAR,00000008428,Gabriel Lima,1984-02-27
ENTRADA,00000000656,3
CADASTRAR,00000008430,Fernanda Lima,1981-01-06
ENTRADA,00000006307,2
BUSCAR,00000001314
ENTRADA,00000006623,1
CADASTRAR,00000008434,Daniela Rodrigues,2003-06-23
BUSCAR,00000003186
BUSCAR,00000003451
CHAMAR
CHAMAR
CADASTRAR,00000008439,Gabriel Costa,1981-03-16
ENTRADA,00000000764,2
CHAMAR
TAMANHO
ENTRADA,00000002127,1
TAMANHO
BUSCAR,00000002850
RELATORIO
ENTRADA,00000002363,3
CADASTRAR,00000008448,Fernanda Costa,2005-10-26
BUSCAR,00000005292
RELATORIO
BUSCAR,00000004519
CHAMAR
ENTRADA,00000002334,1
ENTRADA,00000002385,3
DESISTIR,00000004433
CADASTRAR,00000008456,Ana Oliveira,1973-09-01
ENTRADA,00000001049,1
CADASTRAR,00000008458,Ana Souza,1987-04-19
TAMANHO
CADASTRAR,00000008460,Eduardo Lima,2005-03-09
CHAMAR
BUSCAR,00000001127
CHAMAR
CADASTRAR,00000008464,Gabriel Silva,1980-04-22
CADASTRAR,00000008465,Gabriel Santos,1977-05-13
CADASTRAR,00000008466,Helena Costa,1992-02-01
ENTRADA,00000001480,2
TAMANHO
ENTRADA,00000000488,3
CHAMAR
DESISTIR,00000003213
CADASTRAR,00000008472,Fernanda Costa,1979-04-14
CHAMAR
TAMANHO
CADASTRAR,00000008475,Bruno Santos,2002-08-24
BUSCAR,00000006221
ENTRADA,00000000958,2
ENTRADA,00000001653,3
RELATORIO
TAMANHO
ENTRADA,00000005215,3
ENTRADA,00000007262,2
CADASTRAR,00000008483,Daniela Rodrigues,1975-01-11
BUSCAR,00000002706
ENTRADA,00000005299,1
ENTRADA,00000000039,2
BUSCAR,00000006809
CHAMAR
BUSCAR,00000008290
ENTRADA,00000003933,2
TAMANHO
ENTRADA,00000003885,2
BUSCAR,00000003628
CADASTRAR,00000008494,Carlos Lima,1996-01-27
CADASTRAR,00000008495,Ana Souza,1982-07-20
ENTRADA,00000007849,3
BUSCAR,00000003764
RELATORIO
CHAMAR
BUSCAR,00000006785
CADASTRAR,00000008501,Eduardo Santos,1987-12-15
RELATORIO
ENTRADA,00000000494,2
RELATORIO
CADASTRAR,00000008505,Bruno Souza,1985-06-18
BUSCAR,00000000123
CHAMAR
CADASTRAR,00000008508,Eduardo Costa,1995-03-11
BUSCAR,00000002929
CADASTRAR,00000008510,Carlos Ferreira,1978-01-20
TAMANHO
ENTRADA,00000007599,3
TAMANHO
CADASTRAR,00000008514,Eduardo Santos,2004-07-16
CADASTRAR,00000008515,Eduardo Souza,1976-02-18
CADASTRAR,00000008516,Ana Oliveira,1975-01-03
CADASTRAR,00000008517,Carlos Lima,2004-11-21
CHAMAR
TAMANHO
RELATORIO
CADASTRAR,00000008521,Gabriel Ferreira,1996-06-26
DESISTIR,00000001131
CADASTRAR,00000008523,Bruno Santos,1985-12-04
CHAMAR
ENTRADA,00000001900,1
CHAMAR
CADASTRAR,00000008527,Eduardo Costa,1993-10-10
ENTRADA,00000004016,2
DESISTIR,00000002072
ENTRADA,00000000327,3
ENTRADA,00000007901,3
BUSCAR,00000002095
CADASTRAR,00000008533,Fernanda Lima,1997-10-20
BUSCAR,00000000009
CADASTRAR,00000008535,Ana Silva,1973-04-05
ENTRADA,00000001795,2
CADASTRAR,00000008537,Ana Oliveira,2005-08-14
BUSCAR,00000001127
BUSCAR,00000004081
ENTRADA,00000006604,2
ENTRADA,00000002134,1
BUSCAR,00000007467
CADASTRAR,00000008543,Bruno Souza,1999-03-05
ENTRADA,00000003978,1
CHAMAR
CADASTRAR,00000008546,Helena Ferreira,1981-03-15
BUSCAR,00000003259
CADASTRAR,00000008548,Gabriel Lima,1987-03-19
ENTRADA,00000003988,1
ENTRADA,00000003047,3
BUSCAR,00000000011
BUSCAR,00000007639
RELATORIO
DESISTIR,00000005394
CADASTRAR,00000008555,Helena Souza,1991-05-06
ENTRADA,00000007761,3
DESISTIR,00000002389
CHAMAR
BUSCAR,00000007409
ENTRADA,00000001093,1
CADASTRAR,00000008561,Fernanda Silva,2000-12-28
BUSCAR,00000007974
BUSCAR,00000002545
BUSCAR,00000004147
CHAMAR
DESISTIR,00000006970
ENTRADA,00000000002,2
BUSCAR,00000005964
BUSCAR,00000005979
CHAMAR
BUSCAR,00000005957
CHAMAR
ENTRADA,00000007464,1
ENTRADA,00000000648,3
ENTRADA,00000005930,1
ENTRADA,00000002921,3
TAMANHO
ENTRADA,00000006520,3
DESISTIR,00000000494
ENTRADA,00000000321,2
CADASTRAR,00000008581,Carlos Souza,1999-09-22
ENTRADA,00000002899,2
BUSCAR,00000000270
CADASTRAR,00000008584,Ana Santos,1975-11-26
CADASTRAR,00000008585,Gabriel Silva,2003-02-13
RELATORIO
ENTRADA,00000003111,1
ENTRADA,00000000827,1
BUSCAR,00000004692
ENTRADA,00000005285,1
TAMANHO
BUSCAR,00000007105
ENTRADA,00000008268,1
CADASTRAR,00000008594,Fernanda Souza,1984-06-02
ENTRADA,00000005171,1
CADASTRAR,00000008596,Gabriel Ferreira,1976-05-14
BUSCAR,00000003886
CADASTRAR,00000008598,Eduardo Ferreira,1994-08-11
CADASTRAR,00000008599,Ana Ferreira,1987-08-12
RELATORIO
CADASTRAR,00000008601,Fernanda Ferreira,2004-12-21
ENTRADA,00000000032,1
CHAMAR
CADASTRAR,00000008604,Daniela Silva,1988-12-10
CHAMAR
BUSCAR,00000001605
CADASTRAR,00000008607,Daniela Costa,2002-10-03
CADASTRAR,00000008608,Daniela Lima,1970-11-26
BUSCAR,00000001102
ENTRADA,00000003490,2
CADASTRAR,00000008611,Fernanda Santos,1985-10-08
CADASTRAR,00000008612,Helena Costa,1987-05-19
CHAMAR
CADASTRAR,00000008614,Eduardo Ferreira,1975-06-10
BUSCAR,00000005567
CHAMAR
CADASTRAR,00000008617,Carlos Santos,1994-09-19
ENTRADA,00000006079,3
CADASTRAR,00000008619,Eduardo Santos,1990-05-15
CADASTRAR,00000008620,Helena Lima,2001-05-13
DESISTIR,00000002241
CHAMAR
BUSCAR,00000006624
ENTRADA,00000001004,3
RELATORIO
CADASTRAR,00000008626,Daniela Ferreira,1983-10-04
CADASTRAR,00000008627,Daniela Oliveira,1981-03-28
BUSCAR,00000004623
DESISTIR,00000004407
CHAMAR
CADASTRAR,00000008631,Bruno Oliveira,1978-12-21
ENTRADA,00000004746,3
CADASTRAR,00000008633,Eduardo Silva,1983-11-16
ENTRADA,00000000269,2
CADASTRAR,00000008635,Ana Ferreira,1992-10-18
DESISTIR,00000001696
ENTRADA,00000000887,1
ENTRADA,00000001791,1
CHAMAR
TAMANHO
CHAMAR
ENTRADA,00000003186,3
CHAMAR
ENTRADA,00000003682,3
CHAMAR
CADASTRAR,00000008646,Fernanda Rodrigues,1973-12-08
ENTRADA,00000006729,2
CADASTRAR,00000008648,Eduardo Souza,1975-11-25
BUSCAR,00000000827
CHAMAR
CADASTRAR,00000008651,Daniela Lima,1974-09-19
ENTRADA,00000006977,2
TAMANHO
ENTRADA,00000000686,3
ENTRADA,00000007247,2
CADASTRAR,00000008656,Bruno Lima,1990-11-21
ENTRADA,00000003910,3
CADASTRAR,00000008658,Fernanda Lima,2002-07-26
TAMANHO
BUSCAR,00000000354
BUSCAR,00000006468
CHAMAR
ENTRADA,00000004344,2
ENTRADA,00000004107,1
BUSCAR,00000007414
CADASTRAR,00000008666,Fernanda Rodrigues,1993-06-10
BUSCAR,00000005490
CHAMAR
CADASTRAR,00000008669,Helena Silva,1985-02-03
BUSCAR,00000003683
RELATORIO
TAMANHO
CHAMAR
BUSCAR,00000003111
CHAMAR
CADASTRAR,00000008676,Fernanda Rodrigues,1984-12-08
DESISTIR,00000001391
DESISTIR,00000003297
ENTRADA,00000002960,1
BUSCAR,00000001060
CADASTRAR,00000008681,Helena Santos,2005-01-07
BUSCAR,00000000746
CHAMAR
CHAMAR
CADASTRAR,00000008685,Helena Rodrigues,2005-05-04
ENTRADA,00000002210,2
CADASTRAR,00000008687,Daniela Souza,1994-01-09
BUSCAR,00000003761
CADASTRAR,00000008689,Helena Santos,1975-08-22
CADASTRAR,00000008690,Fernanda Oliveira,1993-10-03
ENTRADA,00000008546,3
BUSCAR,00000004016
DESISTIR,00000002914
CADASTRAR,00000008694,Carlos Costa,1998-02-17
BUSCAR,00000001254
BUSCAR,00000002969
ENTRADA,00000000681,3
CADASTRAR,00000008698,Carlos Silva,2005-12-22
BUSCAR,00000004164
CHAMAR
BUSCAR,00000003432
DESISTIR,00000003908
CADASTRAR,00000008703,Eduardo Lima,1990-07-11
CADASTRAR,00000008704,Carlos Souza,2002-12-26
BUSCAR,00000000739
DESISTIR,00000000558
ENTRADA,00000002652,2
BUSCAR,00000001917
CADASTRAR,00000008709,Eduardo Oliveira,1992-07-18
CADASTRAR,00000008710,Eduardo Ferreira,2000-05-02
BUSCAR,00000000934
CADASTRAR,00000008712,Eduardo Oliveira,1995-10-01
ENTRADA,00000007868,1
DESISTIR,00000002334
CHAMAR
BUSCAR,00000008335
TAMANHO
ENTRADA,00000000437,2
BUSCAR,00000002992
CHAMAR
CADASTRAR,00000008721,Bruno Rodrigues,2002-02-27
ENTRADA,00000001205,2
CHAMAR
DESISTIR,00000005581
ENTRADA,00000000679,3
TAMANHO
BUSCAR,00000001407
BUSCAR,00000002734
CHAMAR
CADASTRAR,00000008730,Fernanda Santos,2001-06-21
TAMANHO
ENTRADA,00000006864,3
CADASTRAR,00000008733,Eduardo Silva,1996-06-05
ENTRADA,00000006109,3
ENTRADA,00000000131,3
ENTRADA,00000002978,3
TAMANHO
ENTRADA,00000005849,3
CADASTRAR,00000008739,Ana Costa,1985-03-23
BUSCAR,00000005101
BUSCAR,00000001740
CADASTRAR,00000008742,Eduardo Rodrigues,1995-12-07
ENTRADA,00000006925,3
ENTRADA,00000000005,2
RELATORIO
ENTRADA,00000002353,2
ENTRADA,00000008086,2
CADASTRAR,00000008748,Ana Ferreira,1996-10-16
RELATORIO
ENTRADA,00000006307,3
BUSCAR,00000000141
BUSCAR,00000003411
ENTRADA,00000004309,1
CHAMAR
ENTRADA,00000004263,1
ENTRADA,00000008434,2
ENTRADA,00000001370,1
CHAMAR
ENTRADA,00000002717,1
CADASTRAR,00000008760,Fernanda Souza,1970-04-13
RELATORIO
ENTRADA,00000005855,2
ENTRADA,00000001133,2
RELATORIO
TAMANHO
ENTRADA,00000007107,1
BUSCAR,00000000964
BUSCAR,00000002589
TAMANHO
BUSCAR,00000005805
CADASTRAR,00000008771,Helena Lima,1984-12-18
ENTRADA,00000002063,2
CHAMAR
CHAMAR
CADASTRAR,00000008775,Fernanda Costa,2004-09-12
CADASTRAR,00000008776,Daniela Rodrigues,1985-04-14
BUSCAR,00000001874
ENTRADA,00000008389,1
ENTRADA,00000002864,3
ENTRADA,00000002399,1
TAMANHO
CADASTRAR,00000008782,Daniela Rodrigues,1997-11-03
DESISTIR,00000005266
CHAMAR
BUSCAR,00000005462
CADASTRAR,00000008786,Bruno Santos,1982-06-04
CHAMAR
CADASTRAR,00000008788,Fernanda Santos,1999-12-21
BUSCAR,00000008687
BUSCAR,00000006929
CHAMAR
TAMANHO
CHAMAR
ENTRADA,00000001377,3
BUSCAR,00000003157
ENTRADA,00000003739,1
ENTRADA,00000005479,3
RELATORIO
CADASTRAR,00000008799,Bruno Costa,2001-11-25
ENTRADA,00000003554,3
CADASTRAR,00000008801,Ana Santos,1977-03-11
CADASTRAR,00000008802,Helena Santos,1974-07-28
CADASTRAR,00000008803,Carlos Ferreira,1978-08-10
CADASTRAR,00000008804,Carlos Rodrigues,1983-09-06
CADASTRAR,00000008805,Carlos Ferreira,1979-08-15
ENTRADA,00000001467,1
TAMANHO
BUSCAR,00000003509
CADASTRAR,00000008809,Bruno Santos,1971-08-01
CADASTRAR,00000008810,Bruno Rodrigues,2005-12-19
TAMANHO
BUSCAR,00000004024
BUSCAR,00000005742
CHAMAR
DESISTIR,00000000021
CADASTRAR,00000008816,Carlos Silva,1992-06-06
CADASTRAR,00000008817,Gabriel Lima,1973-05-01
CADASTRAR,00000008818,Daniela Oliveira,1975-08-28
ENTRADA,00000005597,1
CADASTRAR,00000008820,Daniela Lima,2002-10-04
CADASTRAR,00000008821,Carlos Ferreira,1990-04-17
RELATORIO
CADASTRAR,00000008823,Bruno Souza,1988-05-14
CADASTRAR,00000008824,Helena Rodrigues,2004-01-26
ENTRADA,00000005716,1
BUSCAR,00000004716
TAMANHO
BUSCAR,00000005963
CADASTRAR,00000008829,Gabriel Lima,1984-07-13
BUSCAR,00000004551
BUSCAR,00000007761
BUSCAR,00000000029
RELATORIO
BUSCAR,00000005425
CHAMAR
ENTRADA,00000008614,3
BUSCAR,00000007712
BUSCAR,00000005324
CHAMAR
TAMANHO
CADASTRAR,00000008841,Ana Costa,1974-05-13
BUSCAR,00000002347
CADASTRAR,00000008843,Ana Lima,2000-01-12
CADASTRAR,00000008844,Fernanda Costa,1991-10-24
DESISTIR,00000000239
CADASTRAR,00000008846,Daniela Souza,1972-03-19
CADASTRAR,00000008847,Ana Silva,1992-08-28
BUSCAR,00000006497
CADASTRAR,00000008849,Carlos Ferreira,1999-04-24
ENTRADA,00000004283,2
CADASTRAR,00000008851,Carlos Santos,1978-03-04
CADASTRAR,00000008852,Helena Lima,1979-09-08
BUSCAR,00000005412
ENTRADA,00000005317,2
RELATORIO
BUSCAR,00000000890
ENTRADA,00000000342,2
TAMANHO
ENTRADA,00000007821,1
DESISTIR,00000006371
DESISTIR,00000003846
ENTRADA,00000006227,3
ENTRADA,00000002874,2
ENTRADA,00000003201,3
TAMANHO
CHAMAR
CHAMAR
BUSCAR,00000002580
CADASTRAR,00000008869,Bruno Costa,1988-09-12
ENTRADA,00000000656,2
ENTRADA,00000002657,3
ENTRADA,00000007897,1
ENTRADA,00000002772,3
BUSCAR,00000006737
CADASTRAR,00000008875,Daniela Santos,1997-01-03
RELATORIO
CADASTRAR,00000008877,Gabriel Souza,1982-09-22
CADASTRAR,00000008878,Ana Rodrigues,1977-06-02
RELATORIO
TAMANHO
RELATORIO
BUSCAR,00000006807
DESISTIR,00000002960
RELATORIO
CHAMAR
ENTRADA,00000000128,3
RELATORIO
CHAMAR
TAMANHO
CHAMAR
CHAMAR
CADASTRAR,00000008892,Bruno Santos,2004-10-28
BUSCAR,00000002998
BUSCAR,00000000025
CADASTRAR,00000008895,Carlos Souza,1997-06-01
CADASTRAR,00000008896,Bruno Lima,1990-07-24
CADASTRAR,00000008897,Daniela Rodrigues,1970-03-15
CHAMAR
CADASTRAR,00000008899,Fernanda Costa,2004-08-02
CHAMAR
ENTRADA,00000002619,3
BUSCAR,00000000007
CADASTRAR,00000008903,Bruno Silva,1989-05-20
BUSCAR,00000006744
BUSCAR,00000005473
CADASTRAR,00000008906,Daniela Rodrigues,1975-12-24
DESISTIR,00000003897
CADASTRAR,00000008908,Carlos Silva,1975-09-25
RELATORIO
CADASTRAR,00000008910,Eduardo Silva,1993-11-05
TAMANHO
ENTRADA,00000002734,1
CHAMAR
CHAMAR
BUSCAR,00000001457
CADASTRAR,00000008916,Eduardo Ferreira,1981-07-06
BUSCAR,00000007462
ENTRADA,00000004863,2
ENTRADA,00000000218,3
ENTRADA,00000008283,2
ENTRADA,00000005207,1
TAMANHO
BUSCAR,00000005142
CADASTRAR,00000008924,Eduardo Silva,1980-02-17
CADASTRAR,00000008925,Ana Santos,1972-04-24
ENTRADA,00000006936,2
BUSCAR,00000008032
ENTRADA,00000008694,3
BUSCAR,00000007547
BUSCAR,00000001832
BUSCAR,00000007417
ENTRADA,00000001629,3
CADASTRAR,00000008933,Carlos Ferreira,1996-12-26
ENTRADA,00000000903,3
BUSCAR,00000005292
CHAMAR
CHAMAR
TAMANHO
BUSCAR,00000005937
CADASTRAR,00000008940,Helena Costa,1970-09-09
BUSCAR,00000001629
CADASTRAR,00000008942,Bruno Ferreira,1999-01-13
BUSCAR,00000008384
BUSCAR,00000008710
CHAMAR
ENTRADA,00000000016,1
CHAMAR
BUSCAR,00000001564
CHAMAR
BUSCAR,00000008548
BUSCAR,00000003600
CADASTRAR,00000008952,Helena Silva,1975-06-10
CADASTRAR,00000008953,Fernanda Rodrigues,1985-08-15
ENTRADA,00000003346,2
ENTRADA,00000001265,3
RELATORIO
CADASTRAR,00000008957,Daniela Rodrigues,1975-11-14
ENTRADA,00000001469,1
ENTRADA,00000004150,1
CADASTRAR,00000008960,Eduardo Souza,1982-05-28
ENTRADA,00000008019,2
CADASTRAR,00000008962,Ana Silva,1971-04-25
ENTRADA,00000006580,1
BUSCAR,00000008782
TAMANHO
CHAMAR
BUSCAR,00000006107
DESISTIR,00000003308
BUSCAR,00000004399
CADASTRAR,00000008970,Ana Lima,1992-05-02
CHAMAR
DESISTIR,00000007112
RELATORIO
CADASTRAR,00000008974,Carlos Souza,2003-06-15
BUSCAR,00000006133
BUSCAR,00000001135
BUSCAR,00000003359
TAMANHO
ENTRADA,00000000854,2
RELATORIO
BUSCAR,00000004611
CADASTRAR,00000008982,Ana Santos,1991-02-26
TAMANHO
BUSCAR,00000006219
CHAMAR
BUSCAR,00000007314
BUSCAR,00000008460
CADASTRAR,00000008988,Fernanda Oliveira,1988-11-24
ENTRADA,00000005243,3
CHAMAR
CADASTRAR,00000008991,Bruno Ferreira,2005-02-10
BUSCAR,00000005035
CHAMAR
BUSCAR,00000007942
BUSCAR,00000000029
RELATORIO
ENTRADA,00000003732,3
ENTRADA,00000004374,1
CADASTRAR,00000008999,Ana Souza,1989-11-17
RELATORIO
BUSCAR,00000000348
CHAMAR
BUSCAR,00000008434
ENTRADA,00000007247,2
ENTRADA,00000004104,2
ENTRADA,00000004551,3
ENTRADA,00000003836,1
CADASTRAR,00000009008,Ana Souza,1996-01-04
CHAMAR
BUSCAR,00000004745
BUSCAR,00000005801
BUSCAR,00000008631
CADASTRAR,00000009013,Fernanda Santos,1978-12-14
BUSCAR,00000003346
ENTRADA,00000005964,2
BUSCAR,00000000123
ENTRADA,00000004324,3
CHAMAR
BUSCAR,00000005634
CHAMAR
CADASTRAR,00000009021,Bruno Souza,1975-08-05
CHAMAR
DESISTIR,00000004309
CHAMAR
ENTRADA,00000000661,2
CADASTRAR,00000009026,Ana Ferreira,1993-01-10
CADASTRAR,00000009027,Helena Santos,1998-03-12
TAMANHO
ENTRADA,00000001893,1
CADASTRAR,00000009030,Gabriel Ferreira,1972-06-04
CADASTRAR,00000009031,Bruno Costa,1974-01-03
ENTRADA,00000008246,1
BUSCAR,00000004404
BUSCAR,00000005142
RELATORIO
CHAMAR
ENTRADA,00000005263,1
CADASTRAR,00000009038,Gabriel Lima,1997-02-27
CHAMAR
DESISTIR,00000000066
CHAMAR
CADASTRAR,00000009042,Fernanda Silva,1992-05-06
CADASTRAR,00000009043,Gabriel Lima,1984-03-12
ENTRADA,00000004147,1
CADASTRAR,00000009045,Daniela Lima,1982-05-16
BUSCAR,00000000003
BUSCAR,00000003711
CADASTRAR,00000009048,Fernanda Lima,1973-06-23
ENTRADA,00000000713,3
ENTRADA,00000006170,3
CADASTRAR,00000009051,Eduardo Lima,1988-05-28
CADASTRAR,00000009052,Helena Silva,1983-09-03
RELATORIO
CHAMAR
CADASTRAR,00000009055,Gabriel Santos,1983-03-28
RELATORIO
ENTRADA,00000002297,1
ENTRADA,00000008092,2
BUSCAR,00000003658
CADASTRAR,00000009060,Daniela Lima,1980-09-07
ENTRADA,00000007050,3
CHAMAR
TAMANHO
RELATORIO
CADASTRAR,00000009065,Gabriel Oliveira,1975-05-15
BUSCAR,00000007502
ENTRADA,00000004069,2
BUSCAR,00000003305
CHAMAR
BUSCAR,00000007603
CHAMAR
CHAMAR
RELATORIO
CADASTRAR,00000009074,Eduardo Lima,1996-04-09
ENTRADA,00000006662,2
ENTRADA,00000002580,2
BUSCAR,00000001336
ENTRADA,00000005251,2
BUSCAR,00000000379
ENTRADA,00000003909,1
ENTRADA,00000005244,2
CHAMAR
CADASTRAR,00000009083,Daniela Costa,1998-10-11
CHAMAR
BUSCAR,00000004434
CADASTRAR,00000009086,Bruno Lima,1977-10-03
CHAMAR
CADASTRAR,00000009088,Carlos Santos,2001-06-26
BUSCAR,00000006470
CADASTRAR,00000009090,Gabriel Ferreira,1972-12-04
CADASTRAR,00000009091,Helena Rodrigues,1992-07-02
CHAMAR
BUSCAR,00000002746
CADASTRAR,00000009094,Daniela Lima,2000-02-05
CADASTRAR,00000009095,Carlos Silva,1984-07-27
CHAMAR
ENTRADA,00000004535,1
ENTRADA,00000001410,1
BUSCAR,00000000051
TAMANHO
CADASTRAR,00000009101,Carlos Ferreira,1977-02-16
ENTRADA,00000000989,1
CADASTRAR,00000009103,Fernanda Costa,2003-12-14
BUSCAR,00000006771
CHAMAR
ENTRADA,00000008626,3
BUSCAR,00000001671
ENTRADA,00000008456,1
TAMANHO
CHAMAR
ENTRADA,00000001160,1
ENTRADA,00000007491,3
CADASTRAR,00000009113,Bruno Costa,1995-06-11
CADASTRAR,00000009114,Eduardo Ferreira,1993-01-22
ENTRADA,00000005006,1
CADASTRAR,00000009116,Daniela Costa,2001-05-17
CHAMAR
BUSCAR,00000004417
ENTRADA,00000006345,2
BUSCAR,00000001241
TAMANHO
DESISTIR,00000000067
RELATORIO
CADASTRAR,00000009124,Carlos Rodrigues,1988-11-11
CADASTRAR,00000009125,Ana Oliveira,1985-07-27
CADASTRAR,00000009126,Bruno Costa,1978-04-01
BUSCAR,00000007431
ENTRADA,00000004664,3
ENTRADA,00000006201,2
ENTRADA,00000004058,1
CADASTRAR,00000009131,Carlos Oliveira,1977-04-11
ENTRADA,00000008818,1
CADASTRAR,00000009133,Helena Rodrigues,2005-10-18
ENTRADA,00000009055,1
DESISTIR,00000004198
BUSCAR,00000000427
CHAMAR
BUSCAR,00000007889
CADASTRAR,00000009139,Gabriel Lima,1982-08-28
TAMANHO
CHAMAR
CADASTRAR,00000009142,Helena Lima,1998-01-20
CHAMAR
ENTRADA,00000005336,1
CADASTRAR,00000009145,Gabriel Lima,1996-09-12
ENTRADA,00000002602,2
ENTRADA,00000008053,3
RELATORIO
CADASTRAR,00000009149,Bruno Rodrigues,1983-06-23
CADASTRAR,00000009150,Bruno Lima,2004-08-11
CHAMAR
RELATORIO
ENTRADA,00000004449,3
ENTRADA,00000001373,3
TAMANHO
CADASTRAR,00000009156,Gabriel Silva,1982-11-27
CHAMAR
DESISTIR,00000003849
CADASTRAR,00000009159,Ana Ferreira,1994-06-26
ENTRADA,00000006199,3
ENTRADA,00000003223,2
TAMANHO
CADASTRAR,00000009163,Carlos Lima,1976-10-28
ENTRADA,00000008292,3
ENTRADA,00000002230,3
BUSCAR,00000005143
ENTRADA,00000006829,1
ENTRADA,00000002155,1
CADASTRAR,00000009169,Ana Souza,1991-10-26
ENTRADA,00000001801,3
TAMANHO
RELATORIO
CHAMAR
CHAMAR
CHAMAR
CHAMAR
ENTRADA,00000000280,1
CHAMAR
CADASTRAR,00000009179,Daniela Oliveira,1997-03-25
CADASTRAR,00000009180,Bruno Rodrigues,1975-05-15
BUSCAR,00000000782
BUSCAR,00000007756
CADASTRAR,00000009183,Ana Silva,1975-09-01
RELATORIO
BUSCAR,00000003821
BUSCAR,00000006058
CADASTRAR,00000009187,Gabriel Santos,1989-04-28
ENTRADA,00000000526,1
CADASTRAR,00000009189,Bruno Rodrigues,1989-10-01
BUSCAR,00000008008
ENTRADA,00000008584,3
ENTRADA,00000005070,3
BUSCAR,00000008555
TAMANHO
CADASTRAR,00000009195,Ana Oliveira,1971-02-02
CHAMAR
TAMANHO
CADASTRAR,00000009198,Helena Silva,1998-04-04
CADASTRAR,00000009199,Gabriel Santos,1987-10-05
TAMANHO
BUSCAR,00000001694
ENTRADA,00000005866,1
ENTRADA,00000001383,3
CADASTRAR,00000009204,Fernanda Oliveira,2001-01-10
CHAMAR
ENTRADA,00000000281,2
CHAMAR
DESISTIR,00000002864
BUSCAR,00000008952
CADASTRAR,00000009210,Eduardo Ferreira,1971-04-12
RELATORIO
ENTRADA,00000006905,2
DESISTIR,00000000005
ENTRADA,00000000772,3
BUSCAR,00000000239
ENTRADA,00000005360,2
CADASTRAR,00000009217,Ana Rodrigues,1976-02-04
ENTRADA,00000001812,1
DESISTIR,00000001961
CHAMAR
BUSCAR,00000006680
RELATORIO
CHAMAR
CADASTRAR,00000009224,Gabriel Costa,2004-06-24
CADASTRAR,00000009225,Carlos Ferreira,1974-06-16
CADASTRAR,00000009226,Gabriel Silva,1993-12-05
ENTRADA,00000000691,2
CHAMAR
CHAMAR
CADASTRAR,00000009230,Helena Rodrigues,1992-05-12
ENTRADA,00000000052,3
CHAMAR
BUSCAR,00000005787
CHAMAR
CHAMAR
CADASTRAR,00000009236,Carlos Costa,1986-03-07
CADASTRAR,00000009237,Fernanda Ferreira,1989-12-04
BUSCAR,00000004962
BUSCAR,00000006796
CADASTRAR,00000009240,Ana Santos,1972-12-23
CHAMAR
RELATORIO
RELATORIO
BUSCAR,00000006408
DESISTIR,00000000281
CHAMAR
RELATORIO
ENTRADA,00000006743,3
CHAMAR
ENTRADA,00000001410,1
ENTRADA,00000007281,3
BUSCAR,00000002265
CADASTRAR,00000009253,Ana Silva,1994-02-25
ENTRADA,00000003992,1
RELATORIO
CHAMAR
BUSCAR,00000000344
BUSCAR,00000002743
ENTRADA,00000008517,2
CHAMAR
CHAMAR
CADASTRAR,00000009262,Helena Costa,1993-06-17
CADASTRAR,00000009263,Bruno Silva,1994-12-19
CADASTRAR,00000009264,Helena Silva,1989-11-13
CADASTRAR,00000009265,Carlos Costa,1984-03-28
CADASTRAR,00000009266,Daniela Oliveira,1975-01-24
ENTRADA,00000007885,1
CADASTRAR,00000009268,Fernanda Costa,1987-10-19
CHAMAR
CADASTRAR,00000009270,Eduardo Ferreira,2003-04-05
BUSCAR,00000000284
ENTRADA,00000006840,2
CADASTRAR,00000009273,Bruno Lima,2000-03-27
BUSCAR,00000008133
BUSCAR,00000002580
RELATORIO
ENTRADA,00000000697,3
CADASTRAR,00000009278,Carlos Ferreira,1992-07-25
CADASTRAR,00000009279,Gabriel Souza,1993-01-24
RELATORIO
ENTRADA,00000004290,2
CADASTRAR,00000009282,Ana Santos,1991-11-24
ENTRADA,00000001801,2
ENTRADA,00000003641,1
CHAMAR
ENTRADA,00000001616,2
CADASTRAR,00000009287,Fernanda Costa,1974-04-27
DESISTIR,00000004204
DESISTIR,00000004283
ENTRADA,00000001316,3
CHAMAR
CADASTRAR,00000009292,Eduardo Lima,1993-02-12
ENTRADA,00000004822,1
CADASTRAR,00000009294,Daniela Lima,1984-11-06
CADASTRAR,00000009295,Daniela Santos,1977-09-14
CADASTRAR,00000009296,Helena Santos,1976-12-09
BUSCAR,00000000123
BUSCAR,00000005420
CADASTRAR,00000009299,Ana Lima,2002-04-18
ENTRADA,00000008521,3
BUSCAR,00000001940
CHAMAR
CHAMAR
ENTRADA,00000001595,3
CADASTRAR,00000009305,Helena Santos,2004-11-28
CHAMAR
CADASTRAR,00000009307,Fernanda Silva,1981-02-21
CADASTRAR,00000009308,Gabriel Silva,1986-10-11
BUSCAR,00000003201
ENTRADA,00000007879,3
BUSCAR,00000004937
CADASTRAR,00000009312,Helena Oliveira,1973-12-15
CHAMAR
CHAMAR
ENTRADA,00000003682,1
CHAMAR
DESISTIR,00000007901
ENTRADA,00000001735,3
CADASTRAR,00000009319,Carlos Ferreira,1987-03-03
CHAMAR
BUSCAR,00000005006
CADASTRAR,00000009322,Ana Ferreira,1988-04-16
CADASTRAR,00000009323,Eduardo Souza,1972-07-02
BUSCAR,00000004443
BUSCAR,00000003708
ENTRADA,00000000681,1
BUSCAR,00000000939
CADASTRAR,00000009328,Fernanda Oliveira,1989-05-08
BUSCAR,00000002184
ENTRADA,00000008991,2
ENTRADA,00000001475,2
CHAMAR
ENTRADA,00000004694,3
BUSCAR,00000003764
ENTRADA,00000002469,1
CHAMAR
BUSCAR,00000001658
BUSCAR,00000001126
ENTRADA,00000005358,2
CHAMAR
CADASTRAR,00000009341,Helena Ferreira,1998-02-25
CADASTRAR,00000009342,Bruno Lima,1992-09-05
CADASTRAR,00000009343,Gabriel Santos,1991-03-01
CADASTRAR,00000009344,Ana Santos,1994-10-03
CHAMAR
ENTRADA,00000004302,1
BUSCAR,00000007991
ENTRADA,00000002988,3
CADASTRAR,00000009349,Gabriel Lima,1974-06-15
ENTRADA,00000004585,3
CHAMAR
CADASTRAR,00000009352,Daniela Rodrigues,1980-10-27
CADASTRAR,00000009353,Fernanda Silva,1990-09-18
BUSCAR,00000000036
ENTRADA,00000005935,1
ENTRADA,00000005649,1
CADASTRAR,00000009357,Ana Rodrigues,1999-05-03
BUSCAR,00000002677
CADASTRAR,00000009359,Gabriel Souza,1979-08-25
CADASTRAR,00000009360,Ana Santos,1976-02-05
CADASTRAR,00000009361,Ana Souza,1978-07-11
ENTRADA,00000007795,3
BUSCAR,00000004828
BUSCAR,00000008804
CADASTRAR,00000009365,Gabriel Costa,2003-11-12
BUSCAR,00000008878
BUSCAR,00000003779
CADASTRAR,00000009368,Eduardo Silva,1981-08-18
TAMANHO
RELATORIO
BUSCAR,00000002832
CADASTRAR,00000009372,Fernanda Oliveira,1987-09-12
ENTRADA,00000004484,1
CHAMAR
CADASTRAR,00000009375,Ana Rodrigues,1976-03-06
DESISTIR,00000001564
DESISTIR,00000007839
ENTRADA,00000009292,3
ENTRADA,00000004433,3
TAMANHO
TAMANHO
BUSCAR,00000002899
CADASTRAR,00000009383,Carlos Lima,1983-04-01
CHAMAR
ENTRADA,00000007331,2
CADASTRAR,00000009386,Gabriel Silva,1991-02-21
BUSCAR,00000003796
CADASTRAR,00000009388,Ana Oliveira,2005-01-12
ENTRADA,00000003384,1
ENTRADA,00000007920,3
CADASTRAR,00000009391,Gabriel Santos,1979-02-01
TAMANHO
ENTRADA,00000007280,2
BUSCAR,00000000412
ENTRADA,00000004502,2
CHAMAR
ENTRADA,00000004647,2
BUSCAR,00000004551
DESISTIR,00000003236
CADASTRAR,00000009400,Gabriel Souza,1987-12-18
CHAMAR
ENTRADA,00000007573,2
CADASTRAR,00000009403,Ana Souza,1987-04-13
BUSCAR,00000000089
BUSCAR,00000003910
CADASTRAR,00000009406,Ana Santos,1975-12-15
BUSCAR,00000003763
ENTRADA,00000007225,1
ENTRADA,00000006345,2
CADASTRAR,00000009410,Gabriel Silva,2001-03-11
CADASTRAR,00000009411,Eduardo Santos,1972-12-13
TAMANHO
DESISTIR,00000000065
CADASTRAR,00000009414,Ana Lima,1997-12-01
BUSCAR,00000007543
ENTRADA,00000002571,3
ENTRADA,00000007292,1
ENTRADA,00000003763,3
BUSCAR,00000007673
CHAMAR
CADASTRAR,00000009421,Gabriel Souza,1996-10-13
ENTRADA,00000003401,1
CADASTRAR,00000009423,Gabriel Santos,1994-05-15
BUSCAR,00000008533
ENTRADA,00000003554,3
CHAMAR
CADASTRAR,00000009427,Carlos Costa,1987-01-22
ENTRADA,00000000151,2
CADASTRAR,00000009429,Helena Lima,2004-08-09
CHAMAR
BUSCAR,00000005352
BUSCAR,00000004873
CADASTRAR,00000009433,Gabriel Souza,1983-11-25
CHAMAR
CHAMAR
BUSCAR,00000000049
CADASTRAR,00000009437,Eduardo Costa,1998-01-18
ENTRADA,00000008367,2
CADASTRAR,00000009439,Helena Souza,1977-07-18
CHAMAR
CADASTRAR,00000009441,Ana Ferreira,1997-12-15
CHAMAR
BUSCAR,00000002911
BUSCAR,00000005124
CADASTRAR,00000009445,Fernanda Costa,1974-12-08
CHAMAR
CADASTRAR,00000009447,Eduardo Lima,1993-08-04
RELATORIO
ENTRADA,00000004487,1
CADASTRAR,00000009450,Gabriel Costa,1996-11-12
CADASTRAR,00000009451,Bruno Costa,1980-09-06
CADASTRAR,00000009452,Fernanda Costa,1997-11-17
BUSCAR,00000000477
CADASTRAR,00000009454,Bruno Rodrigues,1979-09-07
BUSCAR,00000005800
CADASTRAR,00000009456,Fernanda Rodrigues,2004-08-25
CADASTRAR,00000009457,Carlos Costa,2005-12-21
CHAMAR
ENTRADA,00000009307,3
DESISTIR,00000002602
CADASTRAR,00000009461,Bruno Ferreira,1977-03-14
BUSCAR,00000004242
CADASTRAR,00000009463,Ana Costa,1980-03-17
CADASTRAR,00000009464,Carlos Silva,1997-06-23
CHAMAR
CADASTRAR,00000009466,Eduardo Souza,1973-11-03
BUSCAR,00000005791
BUSCAR,00000000284
ENTRADA,00000009368,2
ENTRADA,00000001085,2
BUSCAR,00000001489
CADASTRAR,00000009472,Helena Silva,1991-05-11
BUSCAR,00000004902
CHAMAR
ENTRADA,00000004417,2
BUSCAR,00000001573
CHAMAR
CADASTRAR,00000009478,Carlos Costa,1979-11-07
CADASTRAR,00000009479,Gabriel Silva,1988-03-14
CHAMAR
ENTRADA,00000003519,3
CHAMAR
ENTRADA,00000003063,1
ENTRADA,00000004400,2
DESISTIR,00000007347
CADASTRAR,00000009486,Helena Souza,1984-09-12
CADASTRAR,00000009487,Daniela Souza,1990-11-14
CADASTRAR,00000009488,Daniela Oliveira,1995-01-27
RELATORIO
RELATORIO
CHAMAR
CADASTRAR,00000009492,Carlos Santos,1996-02-04
CADASTRAR,00000009493,Eduardo Oliveira,1987-07-28
CHAMAR
CADASTRAR,00000009495,Daniela Oliveira,1980-03-16
CADASTRAR,00000009496,Ana Lima,1979-10-24
ENTRADA,00000001682,1
CHAMAR
BUSCAR,00000005431
CADASTRAR,00000009500,Ana Costa,1985-06-01
CHAMAR
CHAMAR
BUSCAR,00000001277
DESISTIR,00000006170
CHAMAR
ENTRADA,00000007534,2
RELATORIO
RELATORIO
TAMANHO
ENTRADA,00000000187,2
ENTRADA,00000001289,2
BUSCAR,00000001369
ENTRADA,00000000793,2
CHAMAR
CADASTRAR,00000009515,Gabriel Oliveira,1990-08-15
DESISTIR,00000003739
BUSCAR,00000003701
ENTRADA,00000009496,3
ENTRADA,00000007387,1
ENTRADA,00000007394,1
CADASTRAR,00000009521,Daniela Silva,1986-05-06
RELATORIO
CADASTRAR,00000009523,Fernanda Santos,1976-05-12
CADASTRAR,00000009524,Bruno Lima,1981-08-10
ENTRADA,00000009159,1
RELATORIO
BUSCAR,00000001203
CADASTRAR,00000009528,Bruno Lima,1977-12-21
CADASTRAR,00000009529,Bruno Lima,1996-05-19
CHAMAR
CADASTRAR,00000009531,Daniela Silva,1992-03-25
BUSCAR,00000003809
CHAMAR
CADASTRAR,00000009534,Eduardo Silva,1973-09-28
CADASTRAR,00000009535,Eduardo Ferreira,1980-11-21
ENTRADA,00000005305,3
CADASTRAR,00000009537,Daniela Lima,1993-02-14
BUSCAR,00000005891
ENTRADA,00000006479,1
CADASTRAR,00000009540,Gabriel Oliveira,1991-12-18
CADASTRAR,00000009541,Gabriel Costa,1997-03-09
CHAMAR
CADASTRAR,00000009543,Daniela Ferreira,1973-09-28
ENTRADA,00000003181,1
ENTRADA,00000009226,3
CHAMAR
ENTRADA,00000000366,3
ENTRADA,00000003992,2
ENTRADA,00000007639,2
CADASTRAR,00000009550,Ana Oliveira,1985-09-20
BUSCAR,00000004806
ENTRADA,00000005415,1
CADASTRAR,00000009553,Carlos Costa,2001-04-19
ENTRADA,00000005412,2
BUSCAR,00000003278
CADASTRAR,00000009556,Ana Oliveira,1974-12-28
ENTRADA,00000002602,2
CADASTRAR,00000009558,Bruno Costa,1970-06-22
ENTRADA,00000005001,1
BUSCAR,00000006479
CADASTRAR,00000009561,Carlos Santos,1998-04-23
CADASTRAR,00000009562,Helena Oliveira,1975-07-07
BUSCAR,00000005598
CHAMAR
ENTRADA,00000004138,2
CADASTRAR,00000009566,Carlos Lima,1991-02-14
BUSCAR,00000007511
CHAMAR
BUSCAR,00000009083
ENTRADA,00000005292,2
ENTRADA,00000000285,1
BUSCAR,00000002341
BUSCAR,00000006309
BUSCAR,00000004328
CADASTRAR,00000009575,Daniela Lima,1986-02-26
ENTRADA,00000001102,2
TAMANHO
CADASTRAR,00000009578,Helena Oliveira,2004-03-10
CADASTRAR,00000009579,Helena Rodrigues,1998-02-01
BUSCAR,00000007890
BUSCAR,00000008318
CHAMAR
CADASTRAR,00000009583,Gabriel Rodrigues,1977-09-05
ENTRADA,00000004919,1
BUSCAR,00000003477
CHAMAR
CHAMAR
ENTRADA,00000006830,3
ENTRADA,00000002276,3
CADASTRAR,00000009590,Carlos Costa,2004-08-06
CHAMAR
CHAMAR
ENTRADA,00000007200,1
CADASTRAR,00000009594,Helena Silva,1970-07-09
CADASTRAR,00000009595,Gabriel Ferreira,1975-02-15
ENTRADA,00000000348,3
CHAMAR
CADASTRAR,00000009598,Ana Oliveira,1981-01-03
ENTRADA,00000004427,3
CADASTRAR,00000009600,Helena Ferreira,1990-08-18
CHAMAR
CHAMAR
CADASTRAR,00000009603,Bruno Rodrigues,1979-04-19
ENTRADA,00000007538,2
BUSCAR,00000005985
CADASTRAR,00000009606,Fernanda Silva,1988-10-20
BUSCAR,00000000217
CADASTRAR,00000009608,Carlos Santos,1987-12-16
ENTRADA,00000007145,1
DESISTIR,00000002978
CADASTRAR,00000009611,Daniela Santos,2002-04-09
CADASTRAR,00000009612,Eduardo Souza,1999-07-15
CADASTRAR,00000009613,Gabriel Lima,1986-03-02
BUSCAR,00000000021
CADASTRAR,00000009615,Fernanda Oliveira,2000-08-13
CADASTRAR,00000009616,Bruno Souza,1991-01-22
CADASTRAR,00000009617,Gabriel Lima,1981-07-15
CADASTRAR,00000009618,Eduardo Oliveira,1995-02-02
CHAMAR
CADASTRAR,00000009620,Gabriel Santos,1974-12-07
RELATORIO
TAMANHO
TAMANHO
CHAMAR
ENTRADA,00000007919,3
ENTRADA,00000002313,3
CADASTRAR,00000009627,Fernanda Oliveira,1981-05-27
RELATORIO
BUSCAR,00000004128
BUSCAR,00000008669
CHAMAR
BUSCAR,00000001232
CHAMAR
ENTRADA,00000003236,1
CADASTRAR,00000009635,Carlos Souza,1984-06-21
DESISTIR,00000003885
CHAMAR
CADASTRAR,00000009638,Bruno Oliveira,1984-04-28
ENTRADA,00000004156,2
CHAMAR
ENTRADA,00000003716,3
RELATORIO
CADASTRAR,00000009643,Ana Souza,1999-11-18
ENTRADA,00000000998,1
CHAMAR
DESISTIR,00000004664
CADASTRAR,00000009647,Daniela Souza,1985-10-17
DESISTIR,00000001987
BUSCAR,00000007623
BUSCAR,00000005718
CADASTRAR,00000009651,Ana Ferreira,1999-07-26
ENTRADA,00000001803,3
CADASTRAR,00000009653,Gabriel Santos,1993-01-17
RELATORIO
BUSCAR,00000006201
CADASTRAR,00000009656,Helena Souza,1998-01-28
BUSCAR,00000005150
TAMANHO
BUSCAR,00000000184
CADASTRAR,00000009660,Helena Silva,1998-11-19
CADASTRAR,00000009661,Gabriel Ferreira,1987-02-21
CHAMAR
BUSCAR,00000003454
RELATORIO
BUSCAR,00000002560
BUSCAR,00000005937
CADASTRAR,00000009667,Fernanda Silva,2000-12-13
ENTRADA,00000004840,3
TAMANHO
CHAMAR
ENTRADA,00000009189,3
CADASTRAR,00000009672,Gabriel Santos,1992-03-13
CHAMAR
RELATORIO
CADASTRAR,00000009675,Daniela Oliveira,1974-08-10
CADASTRAR,00000009676,Daniela Costa,1970-11-21
ENTRADA,00000005930,3
ENTRADA,00000007267,1
CHAMAR
RELATORIO
CHAMAR
BUSCAR,00000008324
CHAMAR
CADASTRAR,00000009684,Gabriel Ferreira,1977-04-27
CHAMAR
CHAMAR
BUSCAR,00000003270
DESISTIR,00000001981
BUSCAR,00000009113
ENTRADA,00000009450,2
CHAMAR
CADASTRAR,00000009692,Bruno Ferreira,2004-11-02
CHAMAR
CHAMAR
RELATORIO
ENTRADA,00000008246,1
ENTRADA,00000001296,2
RELATORIO
BUSCAR,00000004778
CADASTRAR,00000009700,Daniela Ferreira,1974-07-08
CADASTRAR,00000009701,Helena Santos,1981-02-07
ENTRADA,00000005501,2
CADASTRAR,00000009703,Ana Silva,1995-09-24
BUSCAR,00000002925
CADASTRAR,00000009705,Bruno Santos,1981-07-17
CADASTRAR,00000009706,Daniela Oliveira,2005-11-17
CADASTRAR,00000009707,Eduardo Souza,1976-07-22
BUSCAR,00000006176
ENTRADA,00000001904,2
BUSCAR,00000003836
BUSCAR,00000003439
CHAMAR
CHAMAR
DESISTIR,00000003023
ENTRADA,00000009264,1
ENTRADA,00000007789,2
ENTRADA,00000005266,2
RELATORIO
BUSCAR,00000002596
ENTRADA,00000007949,3
CHAMAR
ENTRADA,00000007026,2
CHAMAR
CHAMAR
CADASTRAR,00000009725,Helena Souza,1980-07-01
CHAMAR
CADASTRAR,00000009727,Carlos Souza,1984-10-14
ENTRADA,00000001005,3
CADASTRAR,00000009729,Fernanda Oliveira,2005-09-12
BUSCAR,00000005034
CADASTRAR,00000009731,Daniela Souza,1997-01-05
CADASTRAR,00000009732,Fernanda Rodrigues,1984-06-20
CHAMAR
DESISTIR,00000001467
RELATORIO
ENTRADA,00000007404,1
CHAMAR
RELATORIO
CHAMAR
BUSCAR,00000007803
CADASTRAR,00000009741,Carlos Silva,1977-11-06
BUSCAR,00000002843
CADASTRAR,00000009743,Ana Oliveira,1970-03-11
CHAMAR
ENTRADA,00000000084,1
BUSCAR,00000004633
BUSCAR,00000005007
RELATORIO
CADASTRAR,00000009749,Carlos Ferreira,2000-08-07
DESISTIR,00000003201
CADASTRAR,00000009751,Eduardo Costa,1995-10-15
CADASTRAR,00000009752,Fernanda Ferreira,1974-02-06
ENTRADA,00000005414,2
BUSCAR,00000000437
CADASTRAR,00000009755,Ana Ferreira,1988-01-20
BUSCAR,00000000327
BUSCAR,00000002095
DESISTIR,00000007919
ENTRADA,00000004407,2
CHAMAR
ENTRADA,00000000011,2
ENTRADA,00000002580,3
CADASTRAR,00000009763,Gabriel Silva,1995-05-19
ENTRADA,00000004445,2
ENTRADA,00000009541,2
CHAMAR
RELATORIO
CADASTRAR,00000009768,Daniela Ferreira,1974-11-28
CHAMAR
CADASTRAR,00000009770,Helena Costa,1998-05-14
BUSCAR,00000004170
BUSCAR,00000008598
BUSCAR,00000009705
DESISTIR,00000000011
BUSCAR,00000005530
ENTRADA,00000001198,1
ENTRADA,00000001489,1
DESISTIR,00000000019
CADASTRAR,00000009779,Eduardo Oliveira,1980-12-26
ENTRADA,00000003774,2
BUSCAR,00000008262
CADASTRAR,00000009782,Gabriel Silva,1980-06-07
RELATORIO
CADASTRAR,00000009784,Daniela Souza,1998-07-03
BUSCAR,00000003460
CHAMAR
CADASTRAR,00000009787,Gabriel Lima,1978-01-18
CHAMAR
CHAMAR
CADASTRAR,00000009790,Carlos Silva,2005-02-16
TAMANHO
ENTRADA,00000002766,2
CHAMAR
CHAMAR
BUSCAR,00000007417
CADASTRAR,00000009796,Carlos Santos,1988-06-21
BUSCAR,00000005874
BUSCAR,00000001126
BUSCAR,00000001031
CHAMAR
CHAMAR
ENTRADA,00000008601,1
ENTRADA,00000008514,3
CADASTRAR,00000009804,Helena Ferreira,2005-09-01
BUSCAR,00000003502
BUSCAR,00000000560
CHAMAR
CADASTRAR,00000009808,Gabriel Costa,2005-10-26
CADASTRAR,00000009809,Daniela Rodrigues,1976-12-26
CADASTRAR,00000009810,Gabriel Lima,1989-08-28
CADASTRAR,00000009811,Carlos Silva,2004-10-20
CADASTRAR,00000009812,Helena Silva,1977-04-12
ENTRADA,00000008821,1
CHAMAR
ENTRADA,00000004519,3
CADASTRAR,00000009816,Daniela Rodrigues,2004-04-18
ENTRADA,00000001565,3
TAMANHO
CADASTRAR,00000009819,Daniela Ferreira,1981-12-04
ENTRADA,00000006268,1
CHAMAR
CADASTRAR,00000009822,Bruno Rodrigues,1989-05-19
ENTRADA,00000002152,3
CADASTRAR,00000009824,Fernanda Silva,1995-07-14
DESISTIR,00000006212
TAMANHO
CHAMAR
CADASTRAR,00000009828,Fernanda Santos,2001-07-08
ENTRADA,00000001943,1
ENTRADA,00000004235,2
ENTRADA,00000004904,2
CHAMAR
ENTRADA,00000002072,1
ENTRADA,00000005882,3
BUSCAR,00000004509
BUSCAR,00000006079
BUSCAR,00000008422
ENTRADA,00000005386,2
CHAMAR
CADASTRAR,00000009840,Ana Oliveira,1971-08-04
CHAMAR
ENTRADA,00000006138,1
BUSCAR,00000004715
CADASTRAR,00000009844,Carlos Rodrigues,2000-01-07
ENTRADA,00000002167,1
ENTRADA,00000001758,3
ENTRADA,00000005982,2
ENTRADA,00000000095,2
CADASTRAR,00000009849,Helena Ferreira,1988-03-11
CADASTRAR,00000009850,Bruno Silva,2002-08-11
CHAMAR
ENTRADA,00000000285,3
BUSCAR,00000008916
RELATORIO
ENTRADA,00000006806,3
BUSCAR,00000008155
ENTRADA,00000003828,1
RELATORIO
CADASTRAR,00000009859,Ana Lima,1998-05-15
CADASTRAR,00000009860,Helena Ferreira,1987-03-07
CADASTRAR,00000009861,Helena Souza,1989-12-15
CHAMAR
RELATORIO
TAMANHO
BUSCAR,00000001295
BUSCAR,00000001281
CADASTRAR,00000009867,Gabriel Oliveira,1976-02-05
ENTRADA,00000000515,2
CHAMAR
CADASTRAR,00000009870,Carlos Lima,1997-06-04
CHAMAR
CADASTRAR,00000009872,Fernanda Oliveira,2000-06-15
ENTRADA,00000002266,3
CADASTRAR,00000009874,Helena Silva,1987-09-24
RELATORIO
CADASTRAR,00000009876,Gabriel Santos,1971-09-25
ENTRADA,00000009618,2
CADASTRAR,00000009878,Gabriel Silva,1999-02-11
CADASTRAR,00000009879,Fernanda Souza,1980-07-24
BUSCAR,00000000259
ENTRADA,00000008607,2
BUSCAR,00000008892
DESISTIR,00000004150
ENTRADA,00000002795,3
ENTRADA,00000003660,2
BUSCAR,00000000764
CADASTRAR,00000009887,Carlos Souza,2001-10-03
ENTRADA,00000001018,1
CHAMAR
ENTRADA,00000009266,3
ENTRADA,00000004102,2
ENTRADA,00000002077,2
CHAMAR
ENTRADA,00000002428,3
RELATORIO
CHAMAR
ENTRADA,00000005625,1
BUSCAR,00000008690
CADASTRAR,00000009899,Fernanda Oliveira,1977-02-13
ENTRADA,00000001694,1
CADASTRAR,00000009901,Bruno Rodrigues,1993-12-18
CADASTRAR,00000009902,Bruno Santos,2001-02-27
ENTRADA,00000005009,1
CADASTRAR,00000009904,Helena Lima,1988-07-27
ENTRADA,00000009048,3
BUSCAR,00000004942
CADASTRAR,00000009907,Bruno Silva,1978-08-16
TAMANHO
ENTRADA,00000000524,2
ENTRADA,00000000854,3
ENTRADA,00000001221,3
RELATORIO
CHAMAR
ENTRADA,00000008607,1
CADASTRAR,00000009915,Daniela Santos,1974-02-05
CADASTRAR,00000009916,Bruno Souza,1994-11-19
BUSCAR,00000009904
BUSCAR,00000007974
DESISTIR,00000001160
CADASTRAR,00000009920,Gabriel Ferreira,1984-11-06
TAMANHO
TAMANHO
BUSCAR,00000002561
BUSCAR,00000001281
CADASTRAR,00000009925,Bruno Rodrigues,1981-09-18
ENTRADA,00000001174,3
BUSCAR,00000003103
TAMANHO
TAMANHO
ENTRADA,00000003225,3
CADASTRAR,00000009931,Helena Silva,1979-10-14
RELATORIO
BUSCAR,00000000317
RELATORIO
BUSCAR,00000001088
CADASTRAR,00000009936,Fernanda Rodrigues,1988-03-04
BUSCAR,00000005425
TAMANHO
ENTRADA,00000005070,3
DESISTIR,00000004400
CADASTRAR,00000009941,Eduardo Santos,2002-07-10
ENTRADA,00000003991,2
CADASTRAR,00000009943,Bruno Oliveira,1997-04-19
ENTRADA,00000001285,3
ENTRADA,00000005042,1
CHAMAR
BUSCAR,00000001253
ENTRADA,00000000677,1
RELATORIO
BUSCAR,00000009487
CHAMAR
BUSCAR,00000002733
CADASTRAR,00000009953,Eduardo Rodrigues,1980-02-25
ENTRADA,00000000390,2
ENTRADA,00000002242,2
DESISTIR,00000000793
DESISTIR,00000007737
ENTRADA,00000004715,2
ENTRADA,00000004638,1
BUSCAR,00000008290
ENTRADA,00000008407,3
DESISTIR,00000004324
CHAMAR
ENTRADA,00000004597,2
CADASTRAR,00000009965,Gabriel Oliveira,1990-07-04
BUSCAR,00000008829
CADASTRAR,00000009967,Helena Ferreira,1980-11-21
BUSCAR,00000005266
ENTRADA,00000009180,1
CADASTRAR,00000009970,Carlos Lima,2004-06-23
CHAMAR
CHAMAR
CHAMAR
ENTRADA,00000006000,1
ENTRADA,00000005101,1
CHAMAR
ENTRADA,00000006356,1
TAMANHO
CADASTRAR,00000009979,Helena Rodrigues,1999-08-21
ENTRADA,00000009675,1
CHAMAR
ENTRADA,00000005306,3
TAMANHO
BUSCAR,00000002652
CADASTRAR,00000009985,Daniela Oliveira,1998-03-17
ENTRADA,00000000085,2
RELATORIO
RELATORIO
CHAMAR
CHAMAR
RELATORIO
CADASTRAR,00000009992,Gabriel Souza,1982-06-09
CADASTRAR,00000009993,Carlos Santos,1998-12-21
CADASTRAR,00000009994,Gabriel Lima,1997-10-15
BUSCAR,00000001837
ENTRADA,00000006231,3
CADASTRAR,00000009997,Bruno Rodrigues,1995-10-24
CADASTRAR,00000009998,Helena Silva,1983-12-10
CADASTRAR,00000009999,Fernanda Silva,1996-10-26
ENTRADA,00000001564,3
