CPF,Prioridade,Ordem_Chegada,Tempo_Espera
00000008563,1,1838,32022
00000002387,1,2502,29070
00000012910,1,3759,28421
00000012893,1,4415,27876
00000020160,1,4761,27474
00000006476,1,4410,27432
00000019889,1,4539,27190
00000019671,1,4487,27175
00000006960,1,4578,27150
00000005840,1,4812,27139
00000002136,1,4526,27106
00000013711,1,4764,26885
00000015232,1,4776,26870
00000012121,1,5038,26839
00000015968,1,4822,26791
00000020658,1,4826,26787
00000021736,1,5065,26713
00000002497,1,5133,26678
00000019561,1,4976,26543
00000012549,1,5516,26470
00000012134,1,5031,26468
00000001216,1,5402,26451
00000018855,1,5373,26205
00000007417,1,5368,26162
00000003293,1,5316,25950
00000018937,1,5888,25914
00000015756,1,5562,25909
00000013465,1,5350,25894
00000004513,1,2085,25882
00000015255,1,3737,25875
00000025649,1,5592,25856
00000022279,1,5658,25727
00000000408,1,1942,25709
00000018587,1,5759,25626
00000004961,1,4554,25569
00000013484,1,5771,25567
00000001318,1,5765,25565
00000006923,1,5777,25564
00000016040,1,5806,25547
00000009822,1,5802,25537
00000024760,1,5829,25518
00000008493,1,5836,25497
00000007468,1,5832,25496
00000003762,1,5844,25488
00000009023,1,5847,25486
00000009400,1,4611,25482
00000004711,1,5854,25472
00000001443,1,5884,25435
00000012392,1,4698,25338
00000013106,1,4780,25191
00000012815,1,4784,25183
00000012660,1,4189,25096
00000011431,1,4527,25017
00000000070,1,4570,24959
00000002360,1,4333,24855
00000002235,1,4362,24847
00000016584,1,4443,24738
00000007907,1,4503,24634
00000008603,1,3806,24570
00000005965,1,1447,24560
00000005783,1,2071,24549
00000002246,1,2204,24465
00000014149,1,3098,24423
00000017068,1,4139,24393
00000003699,1,5267,24372
00000020373,1,5264,24369
00000002351,1,5323,24265
00000011520,1,5352,24216
00000014887,1,4040,24174
00000015773,1,4130,24070
00000015215,1,5464,24031
00000014439,1,3251,24011
00000003183,1,2567,23954
00000008339,1,4413,23933
00000001815,1,4485,23929
00000009687,1,2616,23920
00000009428,1,4457,23890
00000005565,1,4512,23883
00000000814,1,5212,23876
00000016297,1,4361,23796
00000013528,1,4347,23770
00000013626,1,4414,23708
00000002156,1,4424,23691
00000020615,1,5741,23579
00000002101,1,5738,23567
00000023964,1,5755,23557
00000019647,1,4717,23196
00000003374,1,2680,22990
00000006150,1,2089,22891
00000010553,1,3249,22689
00000005385,1,2840,22655
00000005842,1,3985,22603
00000014867,1,3910,22357
00000017745,1,4147,22336
00000005209,1,4273,22316
00000000065,1,4211,22308
00000013299,1,4246,22163
00000010824,1,5326,22151
00000008086,1,5332,22151
00000010415,1,4254,22142
00000002031,1,5353,22115
00000019132,1,4288,22108
00000012308,1,4374,22042
00000008056,1,3686,22039
00000010149,1,4511,22008
00000006450,1,4464,22006
00000003547,1,5413,22004
00000002069,1,4401,21996
00000019860,1,5461,21971
00000021431,1,5488,21970
00000015144,1,5452,21962
00000006856,1,5670,21961
00000009328,1,4551,21959
00000012646,1,4556,21959
00000024699,1,5494,21947
00000008808,1,5487,21938
00000014320,1,5608,21932
00000018468,1,5491,21931
00000016196,1,5507,21920
00000013118,1,5604,21919
00000010328,1,5703,21916
00000016954,1,3650,21915
00000011020,1,5605,21915
00000019882,1,5536,21887
00000018677,1,5597,21887
00000013221,1,5552,21868
00000001017,1,5572,21851
00000015119,1,5569,21846
00000012315,1,3793,21841
00000005778,1,5568,21841
00000005856,1,1532,21822
00000011742,1,3805,21821
00000003525,1,4356,21775
00000015946,1,3516,21665
00000010112,1,4733,21642
00000006969,1,3395,21632
00000011001,1,3789,21595
00000007897,1,3543,21470
00000001230,1,4036,21443
00000001652,1,4798,21443
00000012609,1,3975,21255
00000012539,1,3408,21234
00000010040,1,4253,21051
00000015721,1,3896,20975
00000019911,1,4987,20961
00000018387,1,4201,20890
00000006234,1,4205,20888
00000008859,1,5039,20855
00000005214,1,5156,20855
00000010010,1,5066,20846
00000002323,1,5058,20830
00000002947,1,3898,20829
00000018585,1,5057,20819
00000012362,1,5079,20812
00000010296,1,5077,20807
00000017422,1,5095,20788
00000020372,1,5119,20785
00000017777,1,5123,20776
00000017811,1,4434,20767
00000015909,1,5325,20737
00000009187,1,5139,20715
00000009319,1,5138,20712
00000022079,1,5152,20698
00000024287,1,5250,20697
00000004896,1,5163,20681
00000008840,1,5168,20681
00000005968,1,5178,20681
00000009479,1,4579,20675
00000012119,1,3436,20649
00000008220,1,5251,20630
00000007854,1,5272,20602
00000018837,1,5398,20596
00000006417,1,5223,20589
00000005545,1,5285,20583
00000014078,1,5233,20580
00000020887,1,5299,20579
00000012149,1,5300,20578
00000014598,1,3397,20574
00000008862,1,5254,20549
00000010259,1,2301,20531
00000015690,1,3431,20518
00000008270,1,5341,20505
00000019904,1,4640,20486
00000011817,1,3361,20459
00000016710,1,3860,20456
00000019266,1,5380,20452
00000022353,1,4927,20450
00000011301,1,4119,20435
00000001579,1,1252,20412
00000015155,1,5406,20412
00000023824,1,5424,20392
00000018873,1,5447,20391
00000003906,1,4973,20389
00000001122,1,5420,20388
00000022101,1,5427,20379
00000022802,1,5432,20378
00000009741,1,3595,20374
00000013080,1,3764,20369
00000017094,1,4129,20367
00000001849,1,4975,20365
00000011227,1,5443,20359
00000012571,1,5444,20359
00000013776,1,4970,20357
00000007899,1,4705,20348
00000008187,1,4726,20342
00000017841,1,5024,20295
00000019520,1,4777,20293
00000008515,1,5032,20286
00000009691,1,5040,20280
00000003237,1,3772,20261
00000001984,1,5050,20259
00000017769,1,4817,20224
00000021810,1,4752,20222
00000013608,1,4755,20220
00000006201,1,4757,20218
00000007912,1,3613,20203
00000007054,1,3231,20174
00000013946,1,4836,20163
00000018226,1,4796,20157
00000022382,1,4794,20156
00000011250,1,4833,20152
00000019233,1,4847,20146
00000000519,1,4853,20136
00000022080,1,4816,20131
00000011806,1,4887,20127
00000012129,1,4893,20121
00000019198,1,4671,20119
00000007772,1,4670,20118
00000013330,1,4883,20117
00000006556,1,4875,20114
00000016469,1,4901,20113
00000011589,1,4880,20110
00000007771,1,4869,20107
00000006449,1,4874,20107
00000016878,1,4904,20106
00000009671,1,4684,20104
00000018954,1,4906,20104
00000002769,1,3787,20083
00000001469,1,4932,20071
00000003588,1,4937,20070
00000019890,1,4948,20056
00000006900,1,4710,20052
00000014688,1,4954,20048
00000012585,1,4716,20047
00000002553,1,4722,20044
00000003157,1,4960,20040
00000004156,1,1116,20026
00000012510,1,4737,20025
00000006223,1,4143,19967
00000000563,1,3881,19956
00000011830,1,4344,19953
00000020869,1,4489,19953
00000012366,1,4416,19940
00000018507,1,4355,19937
00000012790,1,3895,19931
00000009859,1,4386,19907
00000004482,1,2143,19887
00000012508,1,4404,19886
00000013989,1,4398,19885
00000009378,1,4548,19872
00000017205,1,4003,19860
00000010145,1,4005,19859
00000013545,1,4417,19857
00000012788,1,4494,19857
00000007892,1,4419,19854
00000000918,1,4441,19814
00000003155,1,4041,19813
00000008532,1,4298,19807
00000011847,1,4295,19803
00000006777,1,4603,19783
00000012214,1,3223,19775
00000013089,1,4148,19748
00000018713,1,4491,19734
00000014139,1,4569,19709
00000016783,1,4518,19708
00000019157,1,4651,19705
00000003203,1,4563,19692
00000009769,1,4369,19687
00000000061,1,4033,19677
00000012016,1,4588,19669
00000015520,1,4547,19658
00000013563,1,4612,19646
00000013927,1,4621,19635
00000005820,1,4626,19635
00000002863,1,704,19580
00000012350,1,4152,19469
00000016062,1,4323,19459
00000013786,1,3368,19360
00000006918,1,4321,19324
00000012854,1,2948,19322
00000012100,1,4202,19322
00000000164,1,3441,19272
00000015089,1,3475,19265
00000018251,1,4282,19242
00000018565,1,4287,19237
00000014871,1,4292,19236
00000010018,1,4319,19200
00000007652,1,3514,19149
00000011528,1,3171,18932
00000007583,1,3212,18898
00000002259,1,3697,18841
00000006134,1,3279,18783
00000007973,1,3318,18723
00000015530,1,3781,18634
00000010562,1,3366,18605
00000006785,1,2133,18534
00000007776,1,3077,18496
00000005208,1,2879,18474
00000007280,1,4074,18294
00000018010,1,4046,18268
00000009043,1,1974,18259
00000002291,1,3559,18250
00000008789,1,3191,18246
00000006738,1,2990,18190
00000001880,1,3690,18163
00000005985,1,4064,18155
00000009307,1,3106,18124
00000011121,1,3288,18122
00000008348,1,4124,18080
00000018398,1,4268,18031
00000014226,1,4229,18010
00000005953,1,3114,17975
00000017320,1,4244,17970
00000006054,1,4255,17951
00000003376,1,4237,17944
00000008726,1,4260,17944
00000002015,1,3758,17915
00000008280,1,1878,17897
00000013493,1,4236,17888
00000011376,1,3320,17869
00000005211,1,3328,17866
00000006573,1,2501,17855
00000006183,1,3835,17834
00000012070,1,3922,17824
00000013391,1,3863,17765
00000010239,1,3965,17700
00000007645,1,3970,17695
00000004160,1,3908,17690
00000013818,1,4048,17686
00000006890,1,3904,17684
00000004298,1,2606,17681
00000010043,1,3962,17632
00000015175,1,3967,17632
00000003243,1,1746,17620
00000011576,1,2896,17528
00000002719,1,4106,17497
00000009466,1,4101,17480
00000002658,1,4029,17461
00000015850,1,4113,17460
00000009589,1,4122,17452
00000006278,1,2638,17444
00000008519,1,4131,17443
00000017899,1,4132,17443
00000006855,1,4137,17438
00000011175,1,2961,17431
00000016420,1,4052,17424
00000014045,1,4160,17420
00000012045,1,4072,17395
00000007509,1,4084,17371
00000001438,1,2047,17304
00000007211,1,4235,17270
00000018421,1,4242,17254
00000003935,1,1984,17206
00000009235,1,3659,17156
00000007820,1,2274,17133
00000012067,1,3679,17124
00000000671,1,2649,17123
00000010319,1,3708,17048
00000016992,1,3725,17042
00000001716,1,2992,17029
00000004888,1,2734,17027
00000014518,1,3763,17011
00000009329,1,3750,16954
00000015302,1,3861,16936
00000007165,1,3799,16930
00000013404,1,3248,16927
00000013249,1,3869,16922
00000002878,1,2915,16888
00000003560,1,2842,16878
00000006526,1,2863,16847
00000000073,1,3827,16824
00000000371,1,3926,16821
00000002193,1,3900,16818
00000000410,1,2986,16771
00000012792,1,3886,16729
00000005000,1,3897,16719
00000013086,1,3035,16682
00000003537,1,3953,16662
00000012235,1,3966,16659
00000013888,1,3971,16657
00000015395,1,4013,16651
00000001819,1,3053,16650
00000017932,1,3992,16645
00000017310,1,4000,16635
00000016806,1,3987,16629
00000010286,1,3242,16611
00000011874,1,2792,16536
00000006173,1,1565,16309
00000006389,1,2773,16305
00000006861,1,3259,16295
00000008722,1,2539,16272
00000006524,1,3324,16250
00000014086,1,3295,16229
00000011600,1,3550,16082
00000003771,1,2126,16064
00000004576,1,3594,16013
00000014911,1,3779,15989
00000014449,1,3614,15986
00000011293,1,2726,15964
00000014592,1,3534,15896
00000009447,1,2998,15866
00000011762,1,2821,15816
00000011043,1,3618,15768
00000006277,1,3563,15764
00000016719,1,3761,15742
00000010967,1,3774,15720
00000010722,1,3747,15715
00000009434,1,3746,15709
00000007514,1,3755,15702
00000013188,1,3757,15697
00000016659,1,3791,15694
00000016288,1,3794,15635
00000007723,1,3810,15610
00000004178,1,3733,15586
00000009246,1,3830,15581
00000000091,1,3731,15562
00000004622,1,3691,15550
00000016369,1,3877,15508
00000013762,1,3715,15505
00000004649,1,3104,15497
00000002480,1,3348,15488
00000007838,1,3042,15485
00000014787,1,3920,15434
00000014995,1,3931,15402
00000003777,1,3419,15367
00000013805,1,3182,15364
00000014110,1,3338,15288
00000004889,1,3424,15261
00000010504,1,3428,15219
00000009089,1,2215,15218
00000014716,1,3440,15201
00000008917,1,3220,15192
00000013243,1,3596,15142
00000013743,1,3477,15136
00000016083,1,3437,15117
00000002623,1,3615,15116
00000000868,1,3573,15098
00000003107,1,3630,15088
00000012714,1,3639,15083
00000005288,1,3291,15060
00000011482,1,3476,15059
00000008175,1,3485,15048
00000012111,1,3306,15033
00000000374,1,3396,15030
00000001208,1,2340,14999
00000008425,1,3632,14993
00000011017,1,3580,14986
00000012305,1,3519,14982
00000010045,1,2492,14981
00000000211,1,3523,14981
00000011288,1,3525,14976
00000008421,1,3564,14972
00000006570,1,2125,14969
00000015572,1,3572,14962
00000001969,1,3576,14958
00000007530,1,3597,14956
00000014260,1,3606,14947
00000003657,1,3605,14945
00000012095,1,3554,14931
00000016402,1,3552,14929
00000013131,1,3622,14924
00000004929,1,2541,14901
00000013032,1,3448,14891
00000010029,1,2176,14883
00000013892,1,3455,14882
00000000112,1,2420,14861
00000007058,1,3414,14855
00000005015,1,2535,14853
00000001547,1,2198,14848
00000015906,1,3447,14800
00000011451,1,2706,14793
00000003457,1,2478,14774
00000002118,1,2724,14697
00000010966,1,2687,14693
00000006084,1,2683,14686
00000010446,1,2705,14660
00000010970,1,2768,14621
00000034253,2,9885,14557
00000005805,1,2042,14348
00000010549,1,3145,14330
00000011083,1,3183,14263
00000005897,1,1315,14109
00000013848,1,3298,14053
00000000469,1,3335,13984
00000012439,1,3149,13979
00000002178,1,3349,13965
00000010634,1,3174,13937
00000037672,2,12930,13915
00000014405,1,3380,13901
00000004529,1,3355,13890
00000015767,1,3403,13865
00000000001,1,3411,13856
00000000051,1,3232,13847
00000002158,1,3230,13842
00000003000,1,3278,13785
00000042868,2,11839,13770
00000051695,2,11847,13757
00000010364,1,3339,13678
00000001495,2,11830,13641
00000005515,2,11844,13435
00000042141,2,11835,13414
00000003077,1,1411,13326
00000004514,1,1162,13321
00000003375,2,11477,13275
00000005093,1,1113,13056
00000006083,1,1963,12883
00000045551,2,11015,12843
00000051923,2,13294,12707
00000005843,1,2108,12651
00000042474,2,10470,12560
00000001625,2,10718,12538
00000031714,2,10831,12480
00000041132,2,10986,12325
00000033407,2,11849,12114
00000007049,2,11857,12114
00000017335,2,11845,12059
00000000117,1,2546,12024
00000048298,2,11675,11990
00000004859,1,1863,11965
00000014335,2,11574,11876
00000001265,1,1655,11861
00000007241,1,1954,11859
00000041918,2,10840,11854
00000006485,1,2030,11809
00000003432,1,1291,11682
00000001966,1,1018,11464
00000013207,2,10834,11409
00000001658,1,1281,11363
00000024416,2,10758,11357
00000021448,2,10756,11340
00000010129,1,2898,11309
00000045249,2,10139,11257
00000006543,1,3013,11116
00000007799,1,3038,11116
00000003741,1,3018,11111
00000001715,1,3025,11109
00000007359,1,3016,11107
00000011084,1,3034,11090
00000003393,1,3036,11088
00000001925,1,1662,11049
00000013720,1,3091,11044
00000023825,2,10023,11032
00000011320,1,3112,11024
00000007525,1,3139,10981
00000033220,2,9907,10958
00000005142,1,2234,10954
00000003540,1,3160,10944
00000011937,1,3161,10944
00000003599,1,2267,10912
00000007985,1,1887,10868
00000001521,1,1791,10852
00000034729,2,9956,10840
00000002603,1,1383,10837
00000000063,1,1394,10827
00000002416,2,10344,10811
00000004002,1,1403,10806
00000005589,1,2385,10760
00000000188,1,2380,10717
00000010052,1,2366,10695
00000000990,1,2378,10680
00000001911,1,2473,10673
00000009942,1,2405,10667
00000002943,1,2408,10646
00000007921,1,2038,10634
00000002562,1,1741,10623
00000011299,1,2423,10623
00000001807,1,1734,10609
00000003027,1,2444,10609
00000048144,2,14621,10605
00000009362,1,2443,10603
00000002253,2,8226,10595
00000003127,1,2453,10594
00000008230,1,2465,10579
00000002116,1,1772,10575
00000007202,1,2468,10575
00000006272,1,2079,10565
00000007356,1,2482,10556
00000010261,1,2252,10554
00000005488,1,1778,10546
00000000221,1,1796,10543
00000000699,1,1802,10537
00000003455,1,2110,10523
00000011509,1,2505,10523
00000001377,1,2154,10518
00000005917,1,2544,10517
00000006292,1,2190,10504
00000001167,1,2169,10491
00000037158,2,9775,10477
00000006926,1,2592,10476
00000011060,1,2543,10461
00000008795,1,2152,10452
00000002871,1,2548,10451
00000001915,1,2563,10448
00000004748,1,2566,10445
00000010209,1,2575,10437
00000011031,1,2376,10436
00000007439,1,1700,10424
00000012496,1,2684,10412
00000008950,1,2778,10412
00000007888,1,2313,10404
00000002106,1,2784,10404
00000007982,1,2615,10403
00000005031,1,1661,10400
00000008028,1,2595,10398
00000000053,1,2596,10398
00000003233,1,2600,10398
00000000098,1,2189,10395
00000007074,1,2605,10393
00000007012,1,2612,10387
00000001541,1,2196,10386
00000007959,1,2793,10386
00000000011,1,1675,10382
00000006293,1,1743,10378
00000005969,1,2206,10374
00000010051,1,2260,10370
00000004825,1,2084,10369
00000005173,1,2637,10368
00000001089,1,2342,10364
00000004113,1,2628,10364
00000011531,1,2809,10358
00000010523,1,2820,10356
00000004131,1,2349,10355
00000010784,1,2635,10354
00000000036,1,2645,10353
00000008346,1,2231,10352
00000009462,1,2650,10348
00000044191,2,9724,10344
00000004808,1,2242,10340
00000009832,1,2696,10340
00000009167,1,2823,10340
00000000386,1,2357,10339
00000041635,2,10256,10338
00000012251,1,2678,10333
00000005293,1,2702,10331
00000000938,1,2240,10326
00000004270,1,2666,10326
00000003629,1,2120,10322
00000009062,1,2836,10322
00000003655,1,2715,10320
00000007930,1,2233,10319
00000009188,1,2711,10319
00000005189,1,2747,10312
00000000059,1,2751,10310
00000009912,1,2845,10310
00000008088,1,2749,10308
00000003274,1,2755,10308
00000001158,1,2261,10307
00000008047,1,2743,10306
00000010069,1,2272,10294
00000006780,1,2858,10293
00000003413,1,2310,10289
00000005263,1,2940,10287
00000005632,1,2312,10286
00000003300,1,2871,10280
00000004080,1,2872,10278
00000006878,1,2303,10274
00000004155,1,2292,10267
00000005512,1,2954,10264
00000010828,1,2297,10260
00000006811,1,2959,10258
00000005526,1,1938,10257
00000005069,1,2905,10253
00000009534,1,2933,10244
00000003164,1,2936,10240
00000002484,1,2982,10232
00000010255,1,2978,10221
00000003284,1,2993,10216
00000011825,1,2994,10214
00000000040,1,2970,10208
00000006191,2,9470,10195
00000046558,2,10566,10114
00000013729,2,10042,10112
00000030392,2,9909,10074
00000004538,2,9979,9958
00000005189,2,9073,9868
00000000962,2,9079,9864
00000041176,2,9728,9861
00000020384,2,9039,9843
00000006152,2,9015,9805
00000029842,2,8716,9786
00000036648,2,9747,9743
00000002290,2,9733,9538
00000005855,2,11856,9532
00000033553,2,7715,9429
00000002159,1,641,9393
00000000023,2,8053,9354
00000034558,2,8233,9302
00000021142,2,8236,9220
00000038054,2,10343,9191
00000032491,2,9103,9166
00000019606,2,10346,9131
00000000723,1,795,9111
00000030486,2,15556,9084
00000023878,2,7740,9048
00000038385,2,8777,8893
00000001485,1,954,8859
00000003078,1,1453,8761
00000064613,2,15835,8624
00000004015,1,1290,8570
00000000349,1,1550,8570
00000002939,1,1144,8531
00000000240,1,655,8459
00000003873,1,1185,8459
00000004489,1,1415,8351
00000002570,1,739,8335
00000033758,2,16157,8304
00000004122,1,1519,8285
00000002703,1,715,8281
00000002419,1,1378,8255
00000003504,1,1412,8238
00000002060,1,1485,8235
00000022333,2,16154,8235
00000005996,1,1467,8222
00000037780,2,16151,8200
00000006287,1,1456,8177
00000022315,2,11248,8061
00000015804,2,7779,8057
00000008476,2,12038,7994
00000000766,1,1969,7920
00000005766,1,1937,7918
00000003251,2,7764,7899
00000003029,1,1958,7897
00000002476,1,1953,7887
00000008404,1,1886,7882
00000005064,1,1959,7881
00000008049,1,1966,7870
00000006751,1,1968,7870
00000000597,1,2033,7850
00000053635,2,16391,7845
00000004727,1,2014,7839
00000003201,1,2043,7838
00000007458,1,1993,7824
00000002456,1,2055,7819
00000004969,1,2057,7817
00000008618,1,2060,7815
00000005150,1,2064,7810
00000004082,1,2019,7794
00000004810,1,2021,7793
00000007397,1,2022,7790
00000000076,1,1941,7781
00000006031,1,1799,7739
00000006529,1,1813,7730
00000006072,1,1926,7713
00000002071,1,1810,7705
00000008408,1,1826,7680
00000001777,1,740,7665
00000047251,2,11672,7659
00000004538,1,1925,7656
00000008641,1,1842,7644
00000004895,1,1908,7633
00000003143,1,696,7626
00000006129,1,1859,7618
00000000142,1,1868,7604
00000006646,1,1893,7579
00000000481,1,1895,7578
00000003839,1,1896,7578
00000003999,1,1890,7573
00000005714,1,1902,7567
00000028994,2,15242,7539
00000010228,2,7629,7534
00000000179,1,682,7519
00000031177,2,11810,7439
00000021893,2,7742,7436
00000004099,1,1011,7430
00000041609,2,11817,7419
00000032108,2,11827,7406
00000053416,2,11833,7397
00000003321,2,11853,7376
00000007716,2,7554,7339
00000005213,2,7562,7299
00000000975,1,980,7247
00000001337,1,945,7218
00000003639,1,1004,7189
00000013932,2,7496,7180
00000025124,2,14238,7135
00000030285,2,10234,7069
00000003798,1,1108,7016
00000005866,1,1288,6981
00000014302,2,10219,6976
00000007968,2,4618,6942
00000000042,2,15618,6912
00000012320,2,10348,6901
00000004625,1,1173,6900
00000004006,1,1202,6853
00000004346,1,1212,6844
00000046262,2,14471,6771
00000003860,1,1255,6769
00000002196,1,1265,6759
00000001957,1,1287,6728
00000020266,2,14438,6727
00000000025,2,14441,6723
00000002798,1,1309,6686
00000002381,1,632,6685
00000040896,2,14764,6646
00000001115,1,1480,6599
00000003673,1,1446,6594
00000001725,1,1449,6588
00000000077,1,1785,6559
00000013641,2,6722,6550
00000037132,2,15850,6533
00000042907,2,9897,6528
00000000048,2,6996,6527
00000038815,2,9899,6526
00000020212,2,6648,6512
00000013879,2,9914,6510
00000006197,1,1506,6493
00000006289,1,1544,6492
00000013453,2,6740,6488
00000000215,1,1511,6485
00000000009,1,1584,6472
00000003342,1,1528,6458
00000001735,1,1578,6434
00000007337,1,1554,6433
00000002907,1,1572,6432
00000000890,1,1614,6432
00000001216,1,1570,6431
00000005400,1,1577,6429
00000000549,1,1458,6428
00000006703,1,1559,6428
00000002512,1,1560,6428
00000029603,2,9955,6426
00000005210,1,1464,6419
00000004692,1,1594,6412
00000006622,1,1601,6406
00000004205,1,1629,6396
00000002627,1,1646,6384
00000000663,1,1639,6383
00000003570,1,1660,6375
00000002913,1,1652,6374
00000006106,1,1676,6366
00000017455,2,6619,6361
00000000767,1,1628,6357
00000005025,1,1515,6338
00000010998,2,6637,6337
00000005847,1,1518,6336
00000000912,1,1667,6334
00000001953,1,1674,6328
00000005775,1,1687,6312
00000043884,2,13049,6300
00000000411,1,1697,6298
00000000094,1,1696,6296
00000001400,1,1720,6285
00000004764,1,1722,6282
00000009214,2,14758,6278
00000000606,1,1767,6274
00000004414,1,1770,6271
00000001936,1,1783,6265
00000000032,1,1738,6260
00000005379,1,1740,6259
00000001314,1,1781,6258
00000007758,1,1749,6246
00000007341,1,1752,6243
00000033932,2,8562,6185
00000023683,2,7739,6175
00000021794,2,13742,6171
00000023032,2,10125,6167
00000009381,2,6630,6085
00000000376,1,1001,6049
00000033982,2,8788,5768
00000000054,1,1188,5739
00000003609,1,941,5676
00000001106,1,631,5649
00000024326,2,9855,5376
00000040037,2,9732,5334
00000002995,1,899,5325
00000008330,2,9916,5280
00000019617,2,9926,5253
00000000501,1,709,5251
00000001036,1,698,5248
00000000031,1,887,5221
00000019717,2,4999,5173
00000000938,2,14060,5159
00000008717,2,9822,5146
00000001088,1,1243,5135
00000003611,2,4584,5132
00000038500,2,9130,5091
00000046282,2,9860,5089
00000001219,1,522,5088
00000040587,2,10043,5088
00000002616,1,806,5075
00000002482,1,1286,5072
00000011009,2,4601,5065
00000057448,2,14405,5064
00000004385,1,984,5056
00000002102,1,612,5035
00000001854,1,601,4988
00000003375,1,1363,4924
00000001375,1,416,4918
00000001994,1,877,4917
00000005203,1,1371,4917
00000002299,1,1377,4910
00000001081,1,1387,4888
00000000899,1,1393,4885
00000001826,1,934,4852
00000002867,1,1413,4850
00000002553,1,924,4848
00000006832,1,1451,4799
00000002233,1,1143,4795
00000005296,1,1167,4760
00000001667,1,611,4747
00000003535,1,977,4709
00000003870,1,1070,4702
00000002770,1,626,4700
00000025410,2,14324,4687
00000004502,1,994,4667
00000003940,1,1211,4659
00000000513,1,1024,4657
00000003156,1,804,4634
00000003175,1,1037,4631
00000000969,1,1045,4627
00000003615,1,1115,4627
00000003597,1,816,4616
00000002218,1,821,4613
00000001397,1,1231,4612
00000003656,1,1080,4600
00000001246,1,645,4599
00000001162,1,1256,4597
00000004834,1,1244,4589
00000001218,1,1064,4587
00000003066,1,1069,4586
00000004884,1,1248,4584
00000001625,1,1254,4584
00000005003,1,1247,4583
00000000868,1,629,4582
00000000026,1,842,4582
00000002124,1,1074,4580
00000002193,1,765,4576
00000003321,1,847,4574
00000002147,1,854,4571
00000001465,1,855,4571
00000000417,1,853,4569
00000001948,1,970,4561
00000004160,1,973,4559
00000002367,1,1276,4556
00000003804,1,1105,4536
00000003025,1,880,4534
00000002719,1,794,4522
00000005591,1,1297,4517
00000003355,1,918,4512
00000002075,1,917,4509
00000002294,1,671,4504
00000000145,1,1131,4502
00000001969,1,905,4500
00000001149,1,1134,4499
00000003381,1,911,4493
00000002987,1,1141,4493
00000000673,2,8705,4484
00000000993,1,659,4466
00000003257,1,716,4466
00000003644,1,944,4464
00000000860,1,1164,4464
00000005424,1,1329,4464
00000004865,1,1166,4453
00000003433,1,967,4449
00000000069,1,966,4448
00000001080,1,789,4447
00000002564,1,782,4446
00000000153,1,1172,4446
00000002127,1,1168,4444
00000001690,1,1181,4435
00000026651,2,9710,4433
00000002640,1,1230,4424
00000005234,1,1226,4412
00000004964,1,1357,4407
00000000067,1,705,4401
00000000751,1,1219,4397
00000000458,1,700,4396
00000001643,1,1364,4392
00000000363,1,680,4391
00000003132,1,763,4390
00000000548,1,1369,4388
00000004717,1,1209,4387
00000002698,1,694,4368
00000000295,1,742,4364
00000001991,1,751,4355
00000000269,1,758,4353
00000003312,1,784,4352
00000012385,2,4209,4335
00000000714,1,675,4225
00000000071,1,652,4090
00000000035,1,637,4087
00000002156,1,640,4086
00000001938,1,638,4085
00000000079,1,552,3828
00000000073,1,607,3776
00000000248,1,613,3774
00000001652,1,616,3769
00000001330,1,621,3764
00000010632,2,9929,3762
00000000627,1,457,3592
00000038621,2,10054,3569
00000001733,1,635,3564
00000000080,1,541,3442
00000000926,2,2972,3440
00000011906,2,2647,3377
00000025267,2,10386,3325
00000001229,2,2692,3302
00000044618,2,16554,3301
00000011590,2,6724,3275
00000018221,2,10465,3197
00000001963,2,6891,3147
00000022026,2,6802,3102
00000005840,2,2431,3045
00000037657,2,10559,3034
00000014557,2,6705,3019
00000001704,1,519,2985
00000019734,2,6653,2964
00000001278,2,16785,2924
00000000306,1,524,2911
00000032128,2,10649,2878
00000000918,1,599,2873
00000001270,1,606,2866
00000002303,1,581,2862
00000002370,1,590,2852
00000075723,2,17029,2848
00000000924,1,572,2842
00000001230,1,575,2839
00000021043,2,6624,2824
00000004183,2,7052,2752
00000050226,2,13948,2742
00000018719,2,6703,2697
00000000714,2,8015,2649
00000030477,2,7111,2634
00000035390,2,8041,2613
00000001042,1,418,2586
00000018756,2,17495,2567
00000000019,1,503,2513
00000002302,1,502,2506
00000001501,1,515,2506
00000001541,1,495,2488
00000000345,1,531,2485
00000000087,1,536,2485
00000002415,1,532,2484
00000001462,1,544,2471
00000000678,1,558,2455
00000002140,1,570,2440
00000032098,2,7240,2421
00000052383,2,13001,2413
00000025402,2,6886,2411
00000057754,2,17345,2303
00000073509,2,17354,2301
00000078302,2,17352,2297
00000001849,2,2103,2292
00000001519,2,385,2257
00000006649,2,1877,2116
00000025933,2,17456,2112
00000028735,2,7754,2104
00000001400,2,11798,2097
00000079110,2,17467,2089
00000002146,2,7478,2085
00000004284,2,7798,2069
00000004014,2,11795,2063
00000061462,2,17480,2063
00000004314,2,11802,2059
00000028520,2,7627,2010
00000003982,2,3164,1894
00000029265,2,7880,1845
00000000042,1,312,1804
00000000415,1,322,1746
00000000757,1,328,1742
00000000061,1,332,1736
00000000925,1,327,1702
00000000961,1,381,1702
00000000786,1,405,1676
00000003366,2,4240,1660
00000000435,1,379,1656
00000000059,1,273,1653
00000001650,1,394,1640
00000001086,1,395,1640
00000000998,1,399,1638
00000000006,1,404,1637
00000063612,2,17350,1636
00000000047,1,289,1626
00000001314,1,441,1617
00000002029,1,426,1606
00000001413,1,440,1592
00000000126,1,459,1590
00000000552,1,483,1588
00000000410,1,455,1571
00000001189,1,475,1569
00000000005,1,325,1566
00000001984,1,479,1564
00000002273,1,513,1533
00000059092,2,20070,1517
00000001209,1,295,1485
00000010485,2,14684,1484
00000001233,1,304,1467
00000000479,1,314,1459
00000000989,1,313,1454
00000005375,2,1627,1430
00000026319,2,14737,1409
00000010668,2,17642,1404
00000042418,2,19921,1388
00000000306,2,14754,1372
00000005626,2,1521,1352
00000005764,2,1470,1348
00000004927,2,4591,1343
00000007895,2,17513,1340
00000024819,2,17652,1315
00000006893,2,1542,1252
00000002703,2,10506,1245
00000004299,2,1525,1243
00000019601,2,14833,1241
00000071176,2,19971,1239
00000017675,2,10537,1218
00000049545,2,10552,1192
00000025647,2,8211,1186
00000001360,1,282,1181
00000000778,1,279,1178
00000003757,2,1463,1175
00000000074,1,286,1174
00000000466,1,294,1163
00000000645,1,300,1152
00000006348,2,17705,1149
00000001271,1,307,1139
00000000471,1,309,1138
00000001168,2,2520,1134
00000000732,1,316,1131
00000009425,2,19970,1118
00000007991,2,5946,1089
00000000962,2,1076,1088
00000008412,2,5696,1055
00000011087,2,2437,1015
00000000563,1,245,981
00000001582,2,881,936
00000002480,2,666,904
00000062271,2,15078,850
00000000055,1,235,785
00000000226,1,218,780
00000000007,1,205,779
00000000075,1,217,777
00000003201,2,904,775
00000000269,1,229,771
00000000054,1,230,771
00000053176,2,20244,731
00000003244,2,936,728
00000000082,2,679,705
00000050104,2,13496,692
00000035040,2,15020,691
00000000110,2,393,639
00000029998,2,10110,630
00000021077,2,8678,580
00000017855,2,8688,572
00000022736,2,5889,570
00000004667,2,15089,570
00000037399,2,8614,564
00000022640,2,8225,554
00000003371,2,8232,549
00000017838,2,8220,543
00000000078,1,191,537
00000003029,2,672,533
00000000501,1,195,532
00000000600,1,197,529
00000002112,2,604,523
00000038154,2,8712,522
00000025498,2,20241,521
00000000676,2,678,515
00000035697,2,8657,495
00000011477,2,18722,491
00000048487,2,14820,487
00000000126,2,1461,470
00000002848,2,8571,459
00000045494,2,17328,452
00000017498,2,14322,450
00000015050,2,17082,447
00000006471,2,16536,445
00000039406,2,8741,443
00000088308,2,20382,440
00000050175,2,11605,434
00000033488,2,11617,425
00000052262,2,17355,423
00000001803,2,556,422
00000066867,2,17360,422
00000043232,2,17341,419
00000078507,2,17342,419
00000024809,2,17337,418
00000022880,2,11615,416
00000039116,2,17347,413
00000003441,2,18842,386
00000042511,2,15220,368
00000044340,2,15633,362
00000034773,2,8632,353
00000076489,2,20925,350
00000029674,2,8635,348
00000081368,2,20924,347
00000026028,2,8638,346
00000036594,2,20923,345
00000000844,1,187,336
00000007412,2,7776,329
00000024151,2,16189,329
00000006601,2,4914,320
00000039081,2,16547,316
00000037552,2,15758,313
00000001961,2,8815,311
00000035364,2,18421,309
00000075834,2,16555,308
00000090643,2,20951,302
00000073455,2,20406,301
00000000018,1,159,298
00000035162,2,15623,296
00000036845,2,15627,291
00000006644,2,2421,288
00000005282,2,2418,281
00000003625,2,4715,278
00000000052,1,167,276
00000000352,2,462,276
00000031224,2,20972,276
00000040212,2,20980,276
00000005565,2,1793,275
00000001063,2,2422,274
00000000389,1,171,271
00000000211,1,172,271
00000017377,2,20968,271
00000013472,2,4911,270
00000000379,1,166,266
00000000067,1,179,265
00000005629,2,1503,265
00000000129,1,143,264
00000047276,2,11632,263
00000035846,2,20973,262
00000038575,2,14277,260
00000000248,1,147,257
00000007442,2,12928,257
00000000016,1,186,255
00000006924,2,8694,255
00000017408,2,9708,255
00000055413,2,17439,254
00000000070,1,185,253
00000025724,2,14282,253
00000046892,2,18455,253
00000011169,2,13623,252
00000085946,2,18456,250
00000045951,2,20990,250
00000000139,1,152,249
00000003396,2,9695,249
00000031550,2,17450,249
00000045430,2,9697,248
00000019800,2,9714,248
00000010054,2,8691,247
00000034428,2,9693,246
00000000699,2,9713,246
00000028629,2,10408,244
00000000032,1,158,243
00000022545,2,9743,241
00000060141,2,14326,241
00000000023,1,162,240
00000043455,2,9692,240
00000004024,2,9701,240
00000049286,2,19873,239
00000000067,2,375,238
00000021384,2,9746,238
00000008779,2,9704,237
00000023147,2,9748,237
00000005644,2,9749,237
00000035827,2,10374,237
00000009142,2,14344,237
00000002665,2,2454,236
00000000037,2,1056,234
00000019780,2,4747,231
00000002603,2,9912,230
00000014319,2,9725,229
00000041209,2,9915,229
00000043113,2,12028,229
00000010024,2,14971,228
00000026179,2,17393,228
00000022198,2,9879,227
00000042184,2,9878,225
00000000314,2,16140,225
00000003229,2,9764,224
00000029890,2,9877,223
00000023877,2,15670,221
00000022413,2,10407,220
00000042912,2,9887,219
00000045897,2,9890,219
00000017173,2,14356,219
00000053139,2,17468,218
00000044891,2,9889,217
00000005666,2,9921,217
00000039644,2,9734,216
00000046145,2,9894,213
00000034807,2,9911,213
00000008991,2,16149,213
00000027933,2,10390,212
00000009386,2,9741,211
00000022288,2,9900,211
00000000172,2,553,209
00000018201,2,10464,209
00000044097,2,9689,208
00000069882,2,16999,207
00000004717,2,9783,205
00000009807,2,12035,205
00000050625,2,16997,205
00000001495,2,9777,204
00000037396,2,9785,204
00000006777,2,16998,204
00000003972,2,8669,202
00000013592,2,10283,202
00000042189,2,9906,201
00000031868,2,9932,201
00000001035,2,561,199
00000004846,2,9789,199
00000036643,2,9790,199
00000010069,2,8666,198
00000034202,2,9908,198
00000006948,2,14059,197
00000052403,2,15374,197
00000030092,2,9469,196
00000012912,2,9937,196
00000001017,2,19937,195
00000000065,2,547,194
00000007795,2,2134,194
00000036507,2,9485,194
00000061000,2,13755,194
00000073643,2,18081,194
00000029366,2,9939,193
00000060802,2,14075,193
00000042172,2,14077,193
00000024590,2,18126,193
00000040614,2,10003,192
00000030602,2,11233,192
00000015554,2,18129,192
00000042231,2,19886,192
00000001772,2,567,191
00000043774,2,10001,191
00000018515,2,12047,191
00000016338,2,14062,191
00000017784,2,14063,191
00000009700,2,18095,191
00000002846,2,4568,190
00000025571,2,11629,190
00000005609,2,18099,190
00000074567,2,19940,190
00000025799,2,14065,189
00000034108,2,18085,189
00000042189,2,18125,189
00000000179,2,550,188
00000055447,2,14057,188
00000028366,2,16723,188
00000076807,2,17484,188
00000007261,2,18088,188
00000075524,2,19890,188
00000031001,2,13920,187
00000074043,2,18090,187
00000002676,2,18094,187
00000002157,3,4955,186
00000024868,2,9945,186
00000033074,2,9971,186
00000020402,2,10070,186
00000029323,2,13760,186
00000000953,2,18087,186
00000059630,2,18115,186
00000002148,2,9847,185
00000045697,2,9863,185
00000021008,2,9837,184
00000032628,2,9845,184
00000025520,2,9846,184
00000038460,2,10323,184
00000028619,2,13889,184
00000009623,2,14067,184
00000067034,2,15430,184
00000039375,2,9947,183
00000019434,2,14071,183
00000018821,2,9492,182
00000016533,2,9800,182
00000021012,2,9867,182
00000000223,2,16275,182
00000012996,2,18140,182
00000031026,2,18142,182
00000019717,2,9839,181
00000062433,2,14804,181
00000066355,2,15434,181
00000010052,2,15520,181
00000072575,2,17121,181
00000031900,2,18108,181
00000040777,2,18111,181
00000012578,2,18121,181
00000039059,2,9957,180
00000026239,2,14084,180
00000036233,2,14085,180
00000005058,2,14810,180
00000031701,2,18113,180
00000037637,2,14052,179
00000047135,2,14053,179
00000081835,2,18114,179
00000019388,2,18139,179
00000077533,2,18144,179
00000073989,2,19950,179
00000028663,2,9802,178
00000044521,2,9804,178
00000045856,2,9806,177
00000039929,2,9976,177
00000017496,2,20361,177
00000035819,2,8084,176
00000000129,2,9844,176
00000007426,2,9871,176
00000027927,2,14087,176
00000002687,2,15525,176
00000032855,2,15834,176
00000027764,2,18148,176
00000001357,2,370,175
00000037690,2,9809,175
00000032440,2,9952,175
00000016491,2,9963,175
00000049351,2,13928,175
00000031994,2,9987,174
00000029960,2,9988,174
00000025204,2,11607,174
00000059861,2,14090,174
00000080897,2,17493,174
00000023032,2,19956,174
00000022505,2,9954,173
00000005905,2,9986,173
00000003999,2,9998,173
00000029362,2,9984,172
00000049793,2,11628,172
00000065174,2,13951,172
00000003576,2,1779,171
00000010420,2,5910,171
00000025470,2,9965,171
00000001026,2,1094,170
00000003420,2,1096,170
00000022508,2,9966,170
00000045497,2,9968,170
00000004910,2,11646,170
00000005938,2,11689,170
00000002370,2,11690,170
00000016174,2,14048,170
00000044344,2,11650,169
00000048249,2,11688,169
00000049884,2,11695,169
00000020217,2,13944,169
00000046945,2,13947,169
00000027233,2,14818,169
00000017799,2,18215,169
00000067009,2,19946,169
00000042788,2,11249,168
00000054284,2,11654,168
00000012272,2,9487,167
00000020859,2,10019,167
00000002678,2,13943,167
00000028936,2,13946,167
00000064062,2,14049,167
00000030190,2,16190,167
00000062506,2,19961,167
00000037700,2,9828,166
00000032054,2,10020,166
00000014365,2,10314,166
00000031917,2,11600,166
00000029242,2,11664,166
00000043099,2,11671,166
00000016214,2,11673,166
00000027909,2,11682,166
00000045172,2,13937,166
00000064983,2,14047,166
00000049496,2,19976,166
00000091309,2,20363,166
00000027927,2,10008,165
00000049080,2,11670,165
00000032332,2,11681,165
00000043367,2,11693,165
00000012235,2,13938,165
00000068514,2,16743,165
00000001400,2,14815,164
00000041658,2,10305,163
00000030543,2,10397,163
00000047127,2,11606,163
00000015630,2,11610,163
00000012826,2,11685,163
00000020501,2,11706,163
00000067480,2,16194,163
00000004222,2,8894,162
00000010548,2,11602,162
00000029132,2,11660,162
00000050717,2,11661,162
00000021215,2,11662,162
00000039102,2,11708,162
00000066677,2,18071,162
00000030871,2,20014,162
00000033974,2,10018,161
00000010794,2,10396,161
00000012911,2,10401,161
00000018073,2,10402,161
00000032382,2,19938,161
00000032347,2,19954,161
00000047092,2,10405,160
00000051525,2,11665,160
00000030921,2,11721,160
00000043883,2,13941,160
00000013551,2,14107,160
00000013925,2,15185,160
00000008612,2,10720,159
00000044140,2,14111,159
00000014327,2,16436,159
00000015023,2,9820,158
00000032596,2,10051,158
00000046892,2,11638,158
00000040150,2,11679,158
00000029997,2,11703,158
00000001901,2,11794,158
00000047324,2,15206,158
00000023943,2,18080,158
00000030316,2,20035,158
00000059030,2,20036,158
00000035035,2,8651,157
00000021739,2,10319,157
00000034767,2,11704,157
00000050793,2,11713,157
00000048164,2,11716,157
00000036596,2,13121,157
00000071921,2,16438,157
00000037865,2,18075,157
00000083752,2,19943,157
00000033918,2,8652,156
00000027758,2,9836,156
00000024666,2,14115,156
00000021269,2,15188,156
00000038016,2,19972,156
00000049905,2,19981,156
00000013462,2,10029,155
00000016796,2,10647,155
00000049602,2,12340,155
00000060223,2,13524,155
00000062248,2,16440,155
00000057658,2,18164,155
00000050753,2,11804,154
00000057880,2,13525,154
00000025288,2,18170,154
00000082069,2,19975,154
00000068872,2,19984,154
00000024663,2,19986,154
00000002595,2,5733,153
00000001362,2,7872,153
00000027720,2,13959,153
00000054633,2,18423,153
00000044632,2,20156,153
00000024020,2,10280,152
00000002146,2,10412,152
00000029082,2,11597,152
00000045406,2,11620,152
00000052031,2,11623,152
00000009303,2,11625,152
00000044024,2,13962,152
00000014933,2,18069,152
00000023155,2,19988,152
00000056288,2,19991,152
00000023353,2,7871,151
00000016797,2,10282,151
00000014717,2,10325,151
00000017842,2,11599,151
00000008592,2,11627,151
00000041403,2,16740,151
00000017727,2,18077,151
00000060284,2,18168,151
00000049335,2,18634,151
00000061614,2,19942,151
00000034925,2,10445,150
00000000837,2,10652,150
00000028273,2,11624,150
00000045852,2,13345,150
00000037329,2,16748,150
00000077376,2,20322,150
00000005459,2,20392,150
00000025000,2,11793,149
00000031694,2,14116,149
00000021814,2,19996,149
00000031020,2,20355,149
00000008328,2,3479,148
00000020639,2,10109,148
00000007759,2,10284,148
00000036745,2,11727,148
00000026882,2,11728,148
00000015522,2,13814,148
00000025020,2,20011,148
00000071227,2,20315,148
00000073764,2,20331,148
00000079780,2,20357,148
00000040267,2,10078,147
00000002189,2,10328,147
00000007253,2,10729,147
00000003782,2,12349,147
00000035082,2,17331,147
00000084948,2,20027,147
00000066434,2,20327,147
00000095252,2,20375,147
00000027888,2,6079,146
00000000020,2,10417,146
00000020025,2,10734,146
00000019621,2,10736,146
00000009174,2,12346,146
00000006703,2,12348,146
00000000083,2,13363,146
00000036305,2,16310,146
00000073662,2,17358,146
00000001699,2,18176,146
00000082031,2,19934,146
00000077970,2,20002,146
00000004355,2,20044,146
00000051911,2,20326,146
00000009646,2,3480,145
00000020909,2,6078,145
00000044525,2,10277,145
00000044572,2,10321,145
00000020783,2,10420,145
00000005766,2,10657,145
00000016832,2,10703,145
00000017575,2,10704,145
00000028215,2,11730,145
00000015279,2,11791,145
00000011623,2,20005,145
00000014860,2,20029,145
00000003348,2,3483,144
00000007139,2,10037,144
00000025303,2,10268,144
00000028304,2,10678,144
00000012161,2,10731,144
00000038258,2,10732,144
00000034136,2,11731,144
00000050239,2,13523,144
00000007353,2,14121,144
00000005747,2,14123,144
00000051139,2,15115,144
00000020808,2,16351,144
00000006153,2,16357,144
00000066783,2,16772,144
00000047053,2,18175,144
00000063563,2,18640,144
00000062509,2,18994,144
00000071898,2,20031,144
00000015173,2,20032,144
00000005283,2,8546,143
00000013854,2,9069,143
00000012441,2,10287,143
00000004380,2,10289,143
00000014335,2,10342,143
00000031537,2,10679,143
00000061041,2,13380,143
00000037298,2,13966,143
00000043854,2,15133,143
00000029196,2,15155,143
00000022464,2,16350,143
00000027488,2,17788,143
00000006581,2,10035,142
00000041938,2,10036,142
00000011774,2,10337,142
00000028647,2,10710,142
00000001519,2,10740,142
00000049288,2,11619,142
00000032273,2,15151,142
00000024145,2,16737,142
00000070124,2,19240,142
00000003269,2,4590,141
00000016628,2,4600,141
00000026568,2,9514,141
00000028789,2,10334,141
00000032069,2,10687,141
00000028236,2,14807,141
00000066864,2,19884,141
00000011356,2,19892,141
00000035695,2,20336,141
00000095108,2,20359,141
00000072093,2,20399,141
00000007399,2,2604,140
00000002217,2,4736,140
00000031142,2,8636,140
00000018432,2,10272,140
00000022026,2,10457,140
00000012187,2,15118,140
00000032375,2,15129,140
00000071385,2,15139,140
00000069977,2,16302,140
00000000431,2,366,139
00000011683,2,4597,139
00000030448,2,10428,139
00000022409,2,10452,139
00000007116,2,12354,139
00000014920,2,13531,139
00000009900,2,17791,139
00000028635,2,17792,139
00000080425,2,17793,139
00000000056,1,137,138
00000009779,2,2602,138
00000025410,2,10275,138
00000033792,2,10345,138
00000045461,2,10773,138
00000060522,2,13804,138
00000009465,2,13818,138
00000000730,2,13911,138
00000045152,2,15136,138
00000021530,2,15148,138
00000050672,2,16374,138
00000047931,2,16726,138
00000045616,2,10745,137
00000001987,2,11464,137
00000012603,2,13820,137
00000058554,2,15138,137
00000012655,2,16318,137
00000051629,2,16367,137
00000056614,2,18739,137
00000045652,2,19891,137
00000095301,2,20385,137
00000010552,2,4583,136
00000025633,2,10278,136
00000009383,2,10454,136
00000050068,2,14131,136
00000052921,2,14133,136
00000056540,2,15127,136
00000000218,2,16355,136
00000002943,2,16366,136
00000027244,2,20384,136
00000062029,2,20387,136
00000003965,2,2559,135
00000009274,2,2608,135
00000043099,2,10642,135
00000035993,2,10666,135
00000032794,2,10691,135
00000036049,2,10866,135
00000014153,2,11109,135
00000002577,2,13466,135
00000000734,2,13975,135
00000059780,2,14135,135
00000059373,2,16349,135
00000008306,2,17813,135
00000000513,2,19925,135
00000073464,2,19953,135
00000000110,2,1643,134
00000002264,2,2599,134
00000008415,2,9519,134
00000034258,2,10430,134
00000017308,2,10432,134
00000040242,2,10474,134
00000039491,2,10481,134
00000014861,2,10693,134
00000000511,2,11737,134
00000058745,2,13972,134
00000041946,2,16347,134
00000074834,2,16371,134
00000068153,2,16373,134
00000083508,2,18184,134
00000047102,2,18747,134
00000018663,2,20314,134
00000049545,2,20342,134
00000006164,2,1442,133
00000001338,2,1663,133
00000021584,2,5922,133
00000032259,2,9068,133
00000032941,2,9181,133
00000038278,2,10296,133
00000049263,2,10643,133
00000012591,2,10644,133
00000027001,2,10697,133
00000030648,2,10700,133
00000047077,2,13536,133
00000014646,2,15124,133
00000000744,2,545,132
00000007077,2,2610,132
00000000906,2,10044,132
00000024020,2,10463,132
00000011855,2,14798,132
00000041342,2,15125,132
00000005550,2,15219,132
00000068163,2,17365,132
00000008506,2,18189,132
00000048106,2,18745,132
00000005296,2,19920,132
00000033966,2,20344,132
00000011611,2,4672,131
00000023816,2,10361,131
00000009561,2,10435,131
00000021811,2,10702,131
00000047214,2,10764,131
00000020384,2,16756,131
00000085656,2,18465,131
00000084867,2,19806,131
00000005996,2,20352,131
00000010780,2,7701,130
00000040085,2,9070,130
00000038111,2,9523,130
00000018131,2,9524,130
00000033563,2,10100,130
00000005263,2,10480,130
00000045419,2,10717,130
00000063494,2,16309,130
00000026547,2,16736,130
00000007289,2,18191,130
00000016825,2,19900,130
00000016719,2,20015,130
00000003519,2,20085,130
00000004324,2,1124,129
00000006198,2,1704,129
00000013287,2,4582,129
00000016480,2,6673,129
00000043326,2,10097,129
00000039002,2,10479,129
00000010723,2,10674,129
00000021621,2,10767,129
00000043722,2,11787,129
00000055713,2,13362,129
00000020600,2,13474,129
00000011075,2,17771,129
00000058879,2,18065,129
00000014468,2,18193,129
00000011356,2,2614,128
00000045114,2,10102,128
00000015590,2,10763,128
00000041988,2,10782,128
00000005522,2,10820,128
00000062542,2,13982,128
00000010548,2,15161,128
00000051958,2,15409,128
00000076794,2,18286,128
00000030043,2,20021,128
00000047235,2,20349,128
00000007345,2,1669,127
00000011444,2,10264,127
00000027100,2,10468,127
00000037277,2,10749,127
00000032694,2,13353,127
00000063490,2,13828,127
00000038768,2,13887,127
00000071676,2,15208,127
00000068307,2,16382,127
00000060972,2,19411,127
00000029065,2,19903,127
00000018430,2,19910,127
00000032567,2,20347,127
00000014265,2,20348,127
00000095291,2,20350,127
00000019797,2,20756,127
00000004896,2,1668,126
00000010392,2,2428,126
00000007218,2,2617,126
00000028147,2,8928,126
00000008236,2,10072,126
00000033159,2,10095,126
00000030117,2,10265,126
00000032555,2,10266,126
00000027161,2,10267,126
00000021455,2,10443,126
00000041427,2,11790,126
00000001410,2,15145,126
00000029526,2,16760,126
00000007009,2,16965,126
00000040242,2,17807,126
00000078319,2,17808,126
00000013551,2,19303,126
00000005931,2,4610,125
00000033329,2,10093,125
00000002299,2,10447,125
00000048412,2,10819,125
00000045612,2,13505,125
00000050625,2,14018,125
00000057412,2,15404,125
00000023010,2,16754,125
00000041084,2,16765,125
00000043674,2,18288,125
00000050750,2,20023,125
00000014613,2,5920,124
00000019032,2,10075,124
00000001498,2,10421,124
00000027655,2,10446,124
00000040613,2,13816,124
00000007315,2,15165,124
00000035998,2,15229,124
00000053350,2,15412,124
00000052282,2,17821,124
00000044710,2,18735,124
00000042791,2,20020,124
00000051587,2,20060,124
00000000088,1,123,123
00000010563,2,2593,123
00000009626,2,2620,123
00000000004,2,4574,123
00000007484,2,4609,123
00000009259,2,10069,123
00000046773,2,10071,123
00000010617,2,10441,123
00000034577,2,10753,123
00000030581,2,10818,123
00000058825,2,13357,123
00000066229,2,14143,123
00000023453,2,14144,123
00000052888,2,14145,123
00000043975,2,14399,123
00000065928,2,18651,123
00000028033,2,6088,122
00000012061,2,9060,122
00000022811,2,9078,122
00000039260,2,10440,122
00000022544,2,10822,122
00000048814,2,13351,122
00000002075,2,13352,122
00000006272,2,13361,122
00000007530,2,13458,122
00000003358,2,15168,122
00000069809,2,15183,122
00000053577,2,16330,122
00000006068,2,20761,122
00000000950,2,1132,121
00000017354,2,6688,121
00000004586,2,6690,121
00000014658,2,9058,121
00000046148,2,10068,121
00000019424,2,10771,121
00000003807,2,10791,121
00000029966,2,11230,121
00000052793,2,13360,121
00000057843,2,14024,121
00000057279,2,15170,121
00000020060,2,15429,121
00000082586,2,18064,121
00000001740,2,18820,121
00000012251,2,19300,121
00000064389,2,19803,121
00000042401,2,20065,121
00000005531,2,1441,120
00000007854,2,1678,120
00000011419,2,2626,120
00000020804,2,6700,120
00000030489,2,9056,120
00000004927,2,9067,120
00000026725,2,9081,120
00000006293,2,10085,120
00000031652,2,10395,120
00000015150,2,10525,120
00000034290,2,10789,120
00000051711,2,11786,120
00000056327,2,12020,120
00000029426,2,13366,120
00000054410,2,13990,120
00000013681,2,13991,120
00000052248,2,13993,120
00000005749,2,15111,120
00000051896,2,16343,120
00000068674,2,19307,120
00000051807,2,19308,120
00000082994,2,19918,120
00000066015,2,20064,120
00000008702,2,2627,119
00000031537,2,9055,119
00000003020,2,9059,119
00000046990,2,11752,119
00000049020,2,13365,119
00000062971,2,14035,119
00000020477,2,14574,119
00000019048,2,19310,119
00000009563,2,19312,119
00000002229,2,1455,118
00000001081,2,4571,118
00000021173,2,4572,118
00000014135,2,4573,118
00000013621,2,7516,118
00000022269,2,10530,118
00000008179,2,10531,118
00000035987,2,10809,118
00000023448,2,11229,118
00000041921,2,11764,118
00000020195,2,11765,118
00000001211,2,15234,118
00000082594,2,18235,118
00000013876,2,18763,118
00000091398,2,19917,118
00000050334,2,20119,118
00000003023,2,1452,117
00000013625,2,5931,117
00000014498,2,6694,117
00000009536,2,9062,117
00000013991,2,9064,117
00000039979,2,10088,117
00000011060,2,10529,117
00000008412,2,10811,117
00000006113,2,11232,117
00000006389,2,13520,117
00000016117,2,13996,117
00000040896,2,19788,117
00000000054,1,22,116
00000000082,2,5934,116
00000001772,2,6672,116
00000003597,2,6706,116
00000026501,2,7551,116
00000042042,2,9087,116
00000027933,2,10056,116
00000002299,2,10113,116
00000031334,2,11228,116
00000003875,2,11748,116
00000012658,2,11763,116
00000029867,2,12011,116
00000058918,2,13547,116
00000080430,2,17374,116
00000069171,2,17375,116
00000038064,2,19108,116
00000029717,2,20768,116
00000009872,2,5930,115
00000012282,2,8935,115
00000039267,2,10092,115
00000001521,2,10536,115
00000018808,2,11759,115
00000014212,2,12010,115
00000054118,2,13348,115
00000053545,2,13478,115
00000016054,2,16408,115
00000025501,2,18955,115
00000023825,2,19109,115
00000027899,2,19759,115
00000064758,2,20086,115
00000002157,2,1712,114
00000008635,2,2560,114
00000008944,2,2642,114
00000019789,2,4623,114
00000018458,2,5959,114
00000036754,2,10083,114
00000016637,2,10084,114
00000007528,2,11760,114
00000002811,2,11785,114
00000047867,2,11954,114
00000048185,2,11955,114
00000047607,2,12023,114
00000020934,2,13350,114
00000066242,2,14150,114
00000006147,2,15176,114
00000054060,2,15217,114
00000017353,2,15427,114
00000019204,2,16398,114
00000042808,2,18208,114
00000032895,2,19386,114
00000002401,2,1683,113
00000001589,2,5929,113
00000001136,2,6616,113
00000026781,2,6683,113
00000011619,2,10373,113
00000021132,2,10517,113
00000006181,2,10798,113
00000012825,2,10808,113
00000004673,2,11237,113
00000050042,2,11757,113
00000042036,2,11762,113
00000036333,2,13461,113
00000025960,2,16281,113
00000048754,2,16410,113
00000035279,2,17706,113
00000040050,2,18204,113
00000076248,2,19101,113
00000061619,2,19421,113
00000010773,2,2636,112
00000002328,2,4769,112
00000023575,2,6615,112
00000020804,2,6618,112
00000007101,2,6686,112
00000024578,2,6782,112
00000002420,2,6789,112
00000007350,2,7547,112
00000006957,2,7549,112
00000011850,2,13022,112
00000054816,2,15223,112
00000055436,2,16414,112
00000074397,2,19169,112
00000061241,2,19762,112
00000026100,2,19775,112
00000054482,2,20120,112
00000025084,2,20307,112
00000000060,1,121,111
00000003629,2,1715,111
00000007627,2,1716,111
00000003875,2,2646,111
00000011242,2,2690,111
00000016242,2,5926,111
00000012367,2,6699,111
00000023866,2,10132,111
00000029149,2,10523,111
00000027219,2,10524,111
00000047666,2,10637,111
00000038750,2,10801,111
00000036643,2,11772,111
00000049626,2,13463,111
00000006980,2,13839,111
00000043441,2,14001,111
00000009343,2,14185,111
00000034177,2,15179,111
00000032589,2,16339,111
00000049905,2,16980,111
00000071161,2,18207,111
00000012082,2,18767,111
00000034888,2,18771,111
00000023448,2,19408,111
00000060443,2,19425,111
00000030781,2,19764,111
00000069441,2,20071,111
00000011419,2,2553,110
00000009146,2,2639,110
00000013788,2,5940,110
00000016336,2,6712,110
00000019323,2,6780,110
00000001104,2,8920,110
00000058118,2,13341,110
00000020269,2,13551,110
00000045121,2,13633,110
00000004333,2,13634,110
00000047114,2,15222,110
00000035584,2,16272,110
00000034882,2,16338,110
00000006622,2,16390,110
00000063937,2,16989,110
00000077083,2,17088,110
00000064016,2,19114,110
00000021857,2,19260,110
00000076448,2,20081,110
00000095322,2,20419,110
00000004205,2,1088,109
00000008657,2,2573,109
00000005592,2,2574,109
00000003547,2,2641,109
00000005741,2,4686,109
00000005004,2,5939,109
00000005264,2,7558,109
00000044450,2,10377,109
00000040339,2,10378,109
00000028311,2,10636,109
00000001210,2,10640,109
00000048622,2,11944,109
00000052292,2,11947,109
00000043076,2,12027,109
00000010453,2,14002,109
00000039930,2,14004,109
00000017727,2,14155,109
00000007740,2,15249,109
00000014076,2,15559,109
00000066942,2,17087,109
00000007054,2,19126,109
00000068208,2,19171,109
00000044528,2,19258,109
00000052464,2,19320,109
00000077774,2,19321,109
00000080935,2,19766,109
00000094429,2,20072,109
00000006243,2,20102,109
00000059598,2,20552,109
00000060898,2,20553,109
00000011780,2,2631,108
00000006691,2,2632,108
00000004919,2,2640,108
00000008008,2,4619,108
00000046082,2,10379,108
00000041531,2,10522,108
00000048719,2,10539,108
00000049186,2,11945,108
00000059535,2,13003,108
00000009563,2,13553,108
00000042590,2,15246,108
00000003655,2,16405,108
00000028850,2,16419,108
00000027494,2,16421,108
00000044648,2,16983,108
00000012106,2,18830,108
00000059389,2,19428,108
00000007776,2,19429,108
00000012315,2,19430,108
00000082961,2,19758,108
00000086759,2,19770,108
00000032804,2,20078,108
00000003340,2,1689,107
00000003019,2,2554,107
00000020163,2,4687,107
00000011981,2,5941,107
00000010708,2,7527,107
00000029764,2,10364,107
00000019719,2,11770,107
00000027478,2,11966,107
00000051261,2,13067,107
00000000277,2,13343,107
00000008640,2,13503,107
00000031387,2,14027,107
00000054145,2,14578,107
00000005823,2,16420,107
00000011644,2,16966,107
00000060234,2,16985,107
00000035171,2,16986,107
00000032639,2,17784,107
00000073932,2,18733,107
00000013874,2,18773,107
00000043547,2,19757,107
00000007702,2,19768,107
00000042559,2,20105,107
00000005042,2,1086,106
00000006918,2,1760,106
00000027233,2,5911,106
00000001072,2,5912,106
00000030500,2,7029,106
00000014860,2,7030,106
00000020828,2,9097,106
00000042270,2,9098,106
00000043350,2,10131,106
00000031830,2,10382,106
00000035926,2,10498,106
00000039569,2,11221,106
00000050933,2,11964,106
00000031596,2,11968,106
00000010399,2,13061,106
00000030542,2,13346,106
00000029339,2,13519,106
00000043034,2,14009,106
00000026417,2,16407,106
00000075645,2,17112,106
00000037308,2,17748,106
00000057225,2,18776,106
00000041022,2,19107,106
00000069658,2,20921,106
00000004782,2,1762,105
00000001790,2,2579,105
00000007268,2,2652,105
00000001793,2,2691,105
00000019972,2,4775,105
00000022114,2,5908,105
00000025409,2,6720,105
00000003080,2,7526,105
00000032572,2,8972,105
00000040085,2,10129,105
00000010372,2,10503,105
00000015001,2,10542,105
00000038495,2,12019,105
00000019001,2,13280,105
00000042278,2,13501,105
00000033615,2,14029,105
00000007580,2,14031,105
00000041112,2,15192,105
00000067650,2,15573,105
00000056547,2,16424,105
00000009855,2,18827,105
00000005317,2,19338,105
00000066689,2,19417,105
00000087803,2,19756,105
00000086679,2,19772,105
00000072770,2,20108,105
00000043620,2,20118,105
00000004859,2,1091,104
00000007713,2,2697,104
00000008515,2,2698,104
00000005296,2,4746,104
00000006835,2,5856,104
00000014546,2,5906,104
00000024484,2,5907,104
00000024485,2,5916,104
00000020384,2,7525,104
00000003184,2,7530,104
00000040663,2,8959,104
00000051191,2,11777,104
00000013344,2,11936,104
00000003148,2,11942,104
00000039302,2,11972,104
00000049989,2,13065,104
00000054620,2,13066,104
00000003415,2,13486,104
00000041859,2,16977,104
00000060223,2,17109,104
00000065418,2,17110,104
00000008166,2,18732,104
00000082324,2,19115,104
00000070123,2,19325,104
00000062294,2,19435,104
00000026586,2,19437,104
00000000017,1,21,103
00000007281,2,1794,103
00000010531,2,2688,103
00000009263,2,2694,103
00000021269,2,4753,103
00000015652,2,6717,103
00000038301,2,8926,103
00000027072,2,9109,103
00000004612,2,9110,103
00000054187,2,13071,103
00000003918,2,13286,103
00000027012,2,13312,103
00000055579,2,15015,103
00000049608,2,15230,103
00000016303,2,15241,103
00000027647,2,15306,103
00000070619,2,17002,103
00000012668,2,17003,103
00000031199,2,17711,103
00000077798,2,18060,103
00000026251,2,18255,103
00000072227,2,19130,103
00000082153,2,19817,103
00000077921,2,20117,103
00000060323,2,20305,103
00000055871,2,20556,103
00000018931,2,4545,102
00000017592,2,4690,102
00000025066,2,5864,102
00000003864,2,5872,102
00000004838,2,5945,102
00000024527,2,6604,102
00000012656,2,6610,102
00000017012,2,6628,102
00000030902,2,6801,102
00000023563,2,7540,102
00000001269,2,8966,102
00000016674,2,8969,102
00000034262,2,8971,102
00000028141,2,10217,102
00000053983,2,13064,102
00000026587,2,13314,102
00000066006,2,14014,102
00000039277,2,14174,102
00000034405,2,15200,102
00000011641,2,16400,102
00000069258,2,16401,102
00000012106,2,17703,102
00000064168,2,17704,102
00000064318,2,18216,102
00000059637,2,18217,102
00000049568,2,19137,102
00000046898,2,20913,102
00000007691,2,1703,101
00000009950,2,4341,101
00000002564,2,4544,101
00000027843,2,6606,101
00000018670,2,6799,101
00000018555,2,7564,101
00000035601,2,7723,101
00000035971,2,11941,101
00000052711,2,13073,101
00000004919,2,13285,101
00000049208,2,13485,101
00000027246,2,13491,101
00000002728,2,13916,101
00000025701,2,15237,101
00000017939,2,15304,101
00000008621,2,16278,101
00000066350,2,17753,101
00000026137,2,17910,101
00000082107,2,18779,101
00000038763,2,19133,101
00000067255,2,19134,101
00000050684,2,20425,101
00000000202,1,116,100
00000001721,2,2660,100
00000019315,2,4308,100
00000015763,2,4560,100
00000019124,2,4561,100
00000001622,2,4562,100
00000020651,2,4731,100
00000001433,2,5968,100
00000012238,2,6775,100
00000022298,2,7032,100
00000026966,2,7542,100
00000035969,2,10370,100
00000027534,2,11961,100
00000014594,2,11962,100
00000050090,2,13302,100
00000005832,2,13566,100
00000024902,2,13571,100
00000063494,2,13573,100
00000045170,2,13576,100
00000050438,2,14026,100
00000019546,2,14167,100
00000035418,2,15305,100
00000066417,2,16429,100
00000003418,2,16762,100
00000041185,2,18213,100
00000030862,2,18214,100
00000077394,2,18788,100
00000013432,2,18840,100
00000049842,2,19119,100
00000062218,2,19138,100
00000069818,2,19332,100
00000056855,2,20127,100
00000017020,2,20426,100
00000093011,2,20831,100
00000002686,2,1725,99
00000009862,2,2351,99
00000003667,2,2352,99
00000002484,2,2659,99
00000005349,2,2713,99
00000013952,2,4318,99
00000004040,2,4343,99
00000006581,2,4743,99
00000005777,2,5949,99
00000023318,2,6614,99
00000013964,2,7682,99
00000019204,2,7992,99
00000006942,2,8016,99
00000010641,2,8017,99
00000029664,2,8020,99
00000031628,2,8044,99
00000035022,2,8051,99
00000005269,2,8968,99
00000043571,2,10119,99
00000028312,2,10837,99
00000053118,2,11940,99
00000060917,2,13289,99
00000003505,2,13291,99
00000053292,2,13311,99
00000038288,2,13340,99
00000048540,2,13561,99
00000022758,2,14016,99
00000048597,2,15199,99
00000061384,2,16288,99
00000064129,2,17096,99
00000020674,2,17102,99
00000001242,2,17830,99
00000021941,2,18786,99
00000064529,2,18832,99
00000015696,2,19139,99
00000024743,2,19140,99
00000018093,2,19334,99
00000032699,2,19719,99
00000038384,2,20100,99
00000010898,2,20101,99
00000078405,2,20299,99
00000001939,2,873,98
00000002427,2,1462,98
00000004169,2,1695,98
00000001142,2,1768,98
00000005781,2,1786,98
00000012052,2,4685,98
00000011644,2,4691,98
00000022415,2,4972,98
00000024666,2,6798,98
00000003023,2,6803,98
00000004346,2,7245,98
00000020939,2,7246,98
00000011619,2,7361,98
00000000145,2,8046,98
00000030069,2,9112,98
00000008506,2,10508,98
00000021639,2,10546,98
00000010288,2,10547,98
00000049503,2,10548,98
00000041455,2,10635,98
00000056192,2,13569,98
00000046787,2,13578,98
00000047039,2,14162,98
00000066497,2,14176,98
00000002018,2,16810,98
00000038778,2,17913,98
00000060827,2,18838,98
00000075233,2,18933,98
00000065177,2,19178,98
00000081741,2,19396,98
00000033551,2,19397,98
00000076454,2,20130,98
00000087661,2,20302,98
00000006601,2,1780,97
00000009051,2,2701,97
00000020313,2,4682,97
00000018538,2,4683,97
00000008370,2,4730,97
00000001285,2,5876,97
00000004564,2,5954,97
00000017331,2,6778,97
00000027559,2,7997,97
00000023963,2,8006,97
00000019382,2,10222,97
00000044481,2,10502,97
00000015619,2,11783,97
00000023390,2,11932,97
00000053292,2,11933,97
00000026723,2,13077,97
00000026842,2,13300,97
00000009536,2,13301,97
00000051594,2,13646,97
00000058681,2,13917,97
00000025532,2,14178,97
00000015284,2,16404,97
00000074564,2,17105,97
00000005977,2,17106,97
00000069574,2,17839,97
00000049973,2,18222,97
00000052301,2,19092,97
00000048073,2,19348,97
00000093337,2,20115,97
00000000055,1,7,96
00000000005,1,42,96
00000000129,1,43,96
00000000023,1,46,96
00000003562,2,1509,96
00000005842,2,2550,96
00000012184,2,2585,96
00000006957,2,2664,96
00000012655,2,4681,96
00000005636,2,4935,96
00000003519,2,6990,96
00000005323,2,7362,96
00000023366,2,7572,96
00000007778,2,7574,96
00000029998,2,7996,96
00000017799,2,8011,96
00000009643,2,10065,96
00000043184,2,10980,96
00000001485,2,11923,96
00000019717,2,11935,96
00000000243,2,11977,96
00000050140,2,13377,96
00000023216,2,13420,96
00000037605,2,14038,96
00000024444,2,14042,96
00000006496,2,15317,96
00000004131,2,15387,96
00000070281,2,16433,96
00000072487,2,17098,96
00000052928,2,17747,96
00000038244,2,18246,96
00000006437,2,18717,96
00000081394,2,18784,96
00000079569,2,18837,96
00000053063,2,19795,96
00000071724,2,20135,96
00000042379,2,20304,96
00000002130,2,1484,95
00000009855,2,2417,95
00000005725,2,2448,95
00000000027,2,2586,95
00000009072,2,2589,95
00000008621,2,2725,95
00000011185,2,2733,95
00000007838,2,2945,95
00000015848,2,4695,95
00000004956,2,4724,95
00000014391,2,4779,95
00000001554,2,5737,95
00000006809,2,5870,95
00000004801,2,5871,95
00000015911,2,5880,95
00000013067,2,5903,95
00000006018,2,5904,95
00000009515,2,6959,95
00000028442,2,6962,95
00000016213,2,7039,95
00000000089,2,8008,95
00000016951,2,8953,95
00000036078,2,8980,95
00000018852,2,8982,95
00000037994,2,10514,95
00000008747,2,10915,95
00000040698,2,10916,95
00000017415,2,13307,95
00000022300,2,13406,95
00000062139,2,17100,95
00000000030,2,17118,95
00000027835,2,17692,95
00000077963,2,17758,95
00000080034,2,18253,95
00000087700,2,18672,95
00000027816,2,18792,95
00000062042,2,19329,95
00000000075,2,860,94
00000000053,2,878,94
00000003940,2,1104,94
00000007149,2,1729,94
00000002303,2,4567,94
00000004614,2,5861,94
00000021013,2,6961,94
00000026823,2,7368,94
00000001239,2,8981,94
00000020501,2,10124,94
00000037453,2,10515,94
00000009392,2,11921,94
00000038301,2,11930,94
00000034405,2,13010,94
00000013597,2,13080,94
00000053548,2,13299,94
00000058879,2,13419,94
00000019447,2,13912,94
00000042014,2,14043,94
00000026938,2,15021,94
00000031296,2,15315,94
00000069068,2,15316,94
00000052799,2,15319,94
00000010190,2,15448,94
00000022505,2,17716,94
00000006854,2,18225,94
00000006045,2,18229,94
00000079080,2,19145,94
00000000052,1,39,93
00000000999,2,876,93
00000008187,2,2571,93
00000010570,2,2588,93
00000008271,2,2913,93
00000019834,2,4628,93
00000011209,2,4630,93
00000012044,2,4634,93
00000007175,2,4696,93
00000020554,2,4738,93
00000008702,2,4781,93
00000004139,2,6736,93
00000029851,2,6807,93
00000028077,2,6940,93
00000020259,2,6941,93
00000016610,2,6958,93
00000005888,2,6963,93
00000009756,2,7043,93
00000013751,2,7044,93
00000003719,2,7045,93
00000015095,2,7250,93
00000030162,2,7335,93
00000004955,2,7365,93
00000007350,2,7369,93
00000022786,2,8946,93
00000019829,2,8951,93
00000003710,2,8985,93
00000013857,2,10159,93
00000030087,2,10259,93
00000030164,2,10551,93
00000011041,2,11037,93
00000017599,2,13334,93
00000023659,2,13853,93
00000015434,2,14045,93
00000061747,2,15265,93
00000000410,2,17882,93
00000037292,2,19331,93
00000008548,2,19403,93
00000086013,2,19784,93
00000050072,2,20147,93
00000081159,2,20790,93
00000073235,2,20835,93
00000004188,2,1109,92
00000004278,2,1774,92
00000009679,2,4324,92
00000006241,2,4742,92
00000001704,2,4763,92
00000014820,2,5886,92
00000015532,2,6636,92
00000014429,2,6661,92
00000015370,2,6936,92
00000021341,2,7028,92
00000024986,2,7047,92
00000003855,2,7048,92
00000011151,2,7571,92
00000031748,2,8003,92
00000028163,2,8866,92
00000014171,2,8984,92
00000034625,2,10936,92
00000052390,2,11981,92
00000042764,2,13565,92
00000047217,2,13585,92
00000018278,2,13641,92
00000015556,2,14182,92
00000046048,2,15103,92
00000040487,2,15207,92
00000022917,2,15394,92
00000061027,2,16442,92
00000046779,2,16786,92
00000000626,2,17011,92
00000030001,2,17688,92
00000083959,2,17762,92
00000068294,2,17902,92
00000032466,2,18252,92
00000086831,2,18548,92
00000087469,2,18716,92
00000053428,2,18795,92
00000024280,2,19031,92
00000018226,2,19095,92
00000031891,2,19099,92
00000087156,2,19402,92
00000066916,2,19725,92
00000083886,2,20791,92
00000000010,1,45,91
00000000014,1,135,91
00000003123,2,862,91
00000003107,2,910,91
00000003838,2,1474,91
00000006487,2,1776,91
00000008484,2,2707,91
00000002290,2,2709,91
00000004753,2,2710,91
00000006963,2,2717,91
00000019698,2,4697,91
00000004790,2,4729,91
00000019668,2,4740,91
00000015617,2,4786,91
00000011242,2,4912,91
00000003566,2,5885,91
00000028203,2,6741,91
00000012272,2,6935,91
00000000501,2,7570,91
00000033027,2,8043,91
00000035354,2,9121,91
00000041148,2,10380,91
00000050723,2,10842,91
00000030600,2,10937,91
00000028264,2,10984,91
00000007359,2,12007,91
00000050580,2,13333,91
00000048342,2,13383,91
00000041187,2,13404,91
00000038746,2,13448,91
00000035963,2,13451,91
00000028934,2,13454,91
00000001219,2,13483,91
00000030043,2,14041,91
00000057706,2,14590,91
00000000028,2,14868,91
00000021335,2,17736,91
00000021498,2,17881,91
00000001258,2,17886,91
00000015151,2,17919,91
00000043306,2,18550,91
00000055979,2,18551,91
00000062246,2,18555,91
00000064294,2,19097,91
00000071258,2,19346,91
00000057609,2,19787,91
00000000164,2,1103,90
00000004805,2,1106,90
00000000246,2,1114,90
00000006640,2,1438,90
00000002278,2,1777,90
00000008747,2,2430,90
00000001254,2,2506,90
00000004620,2,2570,90
00000001790,2,2719,90
00000008395,2,2730,90
00000003013,2,2736,90
00000009412,2,2744,90
00000005905,2,4632,90
00000008011,2,4633,90
00000002369,2,4680,90
00000011437,2,4727,90
00000022295,2,4788,90
00000025402,2,5962,90
00000023902,2,6660,90
00000027647,2,6731,90
00000031422,2,7332,90
00000017827,2,7781,90
00000032676,2,7787,90
00000014065,2,8871,90
00000032670,2,9001,90
00000036881,2,9119,90
00000019419,2,10148,90
00000043298,2,10162,90
00000035998,2,10262,90
00000045351,2,10263,90
00000039493,2,10935,90
00000037851,2,11049,90
00000051494,2,11929,90
00000026001,2,13338,90
00000024045,2,13452,90
00000024174,2,14187,90
00000021700,2,16444,90
00000008519,2,17843,90
00000028892,2,17879,90
00000009678,2,17880,90
00000076810,2,17906,90
00000000998,2,17921,90
00000037428,2,18228,90
00000046404,2,18260,90
00000022527,2,18853,90
00000073619,2,19100,90
00000070724,2,19152,90
00000065418,2,20460,90
00000001576,2,884,89
00000003440,2,885,89
00000005840,2,1440,89
00000002470,2,1471,89
00000006234,2,2356,89
00000003309,2,2416,89
00000009691,2,2569,89
00000010453,2,2576,89
00000009062,2,2577,89
00000010922,2,2578,89
00000001450,2,2721,89
00000003379,2,4327,89
00000010906,2,4328,89
00000002595,2,4350,89
00000020877,2,4555,89
00000014143,2,4765,89
00000008004,2,4941,89
00000004139,2,4977,89
00000024321,2,6641,89
00000014356,2,6746,89
00000012786,2,6976,89
00000000902,2,7661,89
00000003381,2,7662,89
00000018996,2,7757,89
00000042087,2,9123,89
00000040905,2,10633,89
00000041173,2,10924,89
00000044403,2,11051,89
00000012900,2,11920,89
00000046256,2,11928,89
00000020904,2,11983,89
00000043588,2,12009,89
00000026131,2,13321,89
00000013767,2,13396,89
00000062246,2,13587,89
00000061959,2,14189,89
00000000389,2,14409,89
00000002211,2,14525,89
00000057304,2,14526,89
00000031293,2,14587,89
00000013355,2,14589,89
00000023155,2,15301,89
00000039612,2,15397,89
00000037502,2,16441,89
00000045544,2,16974,89
00000053311,2,17678,89
00000070233,2,17845,89
00000059850,2,17904,89
00000067714,2,17905,89
00000046784,2,18245,89
00000083909,2,18723,89
00000015270,2,19149,89
00000005678,2,19476,89
00000003611,2,866,88
00000002686,2,1437,88
00000000431,2,2722,88
00000002761,2,4926,88
00000009196,2,5890,88
00000001068,2,6666,88
00000013519,2,6743,88
00000029072,2,6939,88
00000021551,2,6968,88
00000011200,2,7010,88
00000008832,2,7254,88
00000012977,2,7339,88
00000003022,2,8868,88
00000039125,2,10142,88
00000023191,2,10844,88
00000046658,2,13500,88
00000030838,2,13590,88
00000044509,2,13851,88
00000005000,2,15057,88
00000003570,2,16044,88
00000043430,2,16976,88
00000070193,2,17725,88
00000004994,2,17768,88
00000067299,2,17846,88
00000071236,2,17903,88
00000068881,2,17924,88
00000082398,2,18057,88
00000081597,2,18058,88
00000013545,2,18251,88
00000040900,2,18311,88
00000082677,2,18678,88
00000047679,2,18679,88
00000000057,1,19,87
00000001865,2,888,87
00000006644,2,1782,87
00000007368,2,1784,87
00000003757,2,2359,87
00000007431,2,2434,87
00000007625,2,4315,87
00000006021,2,4352,87
00000009993,2,4353,87
00000022019,2,4700,87
00000016845,2,6139,87
00000009507,2,6948,87
00000030092,2,7279,87
00000016776,2,7282,87
00000021077,2,8073,87
00000036896,2,8870,87
00000027263,2,9128,87
00000003322,2,10212,87
00000041573,2,10235,87
00000048031,2,10930,87
00000040182,2,13085,87
00000020808,2,13086,87
00000028660,2,13412,87
00000047400,2,13424,87
00000001410,2,13908,87
00000029966,2,13910,87
00000006549,2,15453,87
00000064528,2,16046,87
00000034611,2,16803,87
00000075068,2,17722,87
00000006750,2,17723,87
00000005592,2,17738,87
00000043674,2,18055,87
00000034505,2,18263,87
00000054903,2,18698,87
00000073136,2,18847,87
00000070474,2,19182,87
00000055619,2,19447,87
00000081799,2,19730,87
00000042608,2,19783,87
00000003889,2,19807,87
00000021365,2,20093,87
00000000033,2,576,86
00000003855,2,897,86
00000001397,2,1079,86
00000000663,2,1507,86
00000004564,2,1739,86
00000008537,2,2114,86
00000002884,2,2137,86
00000003879,2,2358,86
00000009302,2,2455,86
00000013082,2,4679,86
00000013397,2,4980,86
00000003782,2,5673,86
00000007916,2,5684,86
00000017914,2,5891,86
00000028876,2,6947,86
00000018111,2,7344,86
00000005883,2,7785,86
00000022044,2,8949,86
00000001211,2,8950,86
00000001123,2,9628,86
00000039823,2,10214,86
00000003125,2,10228,86
00000035725,2,10555,86
00000045158,2,10941,86
00000050896,2,13278,86
00000032440,2,13279,86
00000029558,2,13331,86
00000014159,2,13414,86
00000033891,2,14878,86
00000048341,2,15275,86
00000039691,2,15281,86
00000024360,2,15284,86
00000068567,2,16447,86
00000065751,2,17718,86
00000059968,2,17719,86
00000013674,2,17735,86
00000006150,2,18682,86
00000048836,2,18730,86
00000031126,2,18817,86
00000066484,2,19872,86
00000013259,2,20139,86
00000027890,2,20153,86
00000000345,2,20747,86
00000055278,2,20917,86
00000000093,1,6,85
00000001422,2,2429,85
00000008893,2,2740,85
00000003868,2,2742,85
00000020344,2,4642,85
00000008664,2,4643,85
00000005992,2,4644,85
00000019112,2,4918,85
00000015181,2,7668,85
00000000902,2,8069,85
00000001854,2,10556,85
00000040469,2,11256,85
00000031929,2,13323,85
00000040429,2,13388,85
00000027981,2,14537,85
00000042022,2,14943,85
00000024074,2,15403,85
00000039085,2,15454,85
00000054801,2,16041,85
00000073514,2,16892,85
00000054557,2,17366,85
00000000745,2,17681,85
00000047838,2,17734,85
00000078971,2,17856,85
00000075508,2,18727,85
00000049533,2,18728,85
00000072422,2,18849,85
00000062624,2,19185,85
00000067567,2,19731,85
00000035980,2,20144,85
00000091576,2,20275,85
00000069929,2,20748,85
00000002913,2,21151,85
00000004178,2,1082,84
00000005180,2,2135,84
00000009632,2,2494,84
00000007154,2,2496,84
00000003905,2,2739,84
00000017193,2,4558,84
00000004980,2,4703,84
00000019686,2,5687,84
00000004801,2,6949,84
00000030018,2,7275,84
00000002698,2,7276,84
00000007895,2,8031,84
00000008299,2,8032,84
00000006169,2,11048,84
00000030608,2,13427,84
00000016214,2,14619,84
00000006646,2,14972,84
00000038838,2,15324,84
00000028712,2,15439,84
00000034381,2,16475,84
00000067161,2,16896,84
00000071947,2,17683,84
00000022179,2,17702,84
00000029060,2,17893,84
00000073146,2,18684,84
00000084833,2,18845,84
00000030058,2,19878,84
00000045754,2,20798,84
00000040552,2,20799,84
00000000100,1,49,83
00000000246,1,54,83
00000000004,2,434,83
00000001282,2,435,83
00000002690,2,796,83
00000006979,2,2131,83
00000000017,2,2439,83
00000007986,2,2476,83
00000002086,2,2947,83
00000003066,2,4332,83
00000008648,2,4358,83
00000021219,2,4641,83
00000008066,2,4704,83
00000012470,2,4923,83
00000010732,2,5686,83
00000008306,2,5690,83
00000031252,2,6650,83
00000025081,2,6856,83
00000003654,2,7075,83
00000011842,2,7098,83
00000002958,2,7258,83
00000022179,2,7259,83
00000020293,2,7343,83
00000000953,2,7347,83
00000000875,2,7376,83
00000024675,2,7381,83
00000016704,2,7388,83
00000036556,2,8034,83
00000042615,2,11439,83
00000014056,2,13393,83
00000052969,2,13416,83
00000061188,2,14397,83
00000063095,2,14540,83
00000002113,2,14607,83
00000036745,2,14610,83
00000010855,2,15248,83
00000002116,2,16449,83
00000002970,2,16451,83
00000045879,2,16845,83
00000012534,2,17123,83
00000046404,2,17742,83
00000082031,2,18824,83
00000027770,2,19189,83
00000005211,2,20142,83
00000002353,2,583,82
00000003459,2,799,82
00000002335,2,903,82
00000007588,2,1747,82
00000007500,2,1748,82
00000007580,2,2459,82
00000007887,2,2462,82
00000002018,2,2463,82
00000009818,2,2689,82
00000000147,2,4299,82
00000007377,2,4678,82
00000016630,2,5900,82
00000010220,2,6072,82
00000007066,2,6646,82
00000012566,2,6753,82
00000005084,2,6972,82
00000031956,2,7340,82
00000020304,2,9217,82
00000017927,2,9641,82
00000015023,2,9644,82
00000035040,2,9646,82
00000017119,2,9655,82
00000022882,2,9688,82
00000042505,2,10216,82
00000032635,2,10232,82
00000016637,2,11101,82
00000005061,2,11106,82
00000008345,2,11107,82
00000026609,2,11988,82
00000046331,2,12077,82
00000047366,2,12352,82
00000040614,2,13861,82
00000038740,2,14224,82
00000049477,2,14597,82
00000043335,2,14598,82
00000028350,2,15026,82
00000034206,2,15108,82
00000003738,2,15402,82
00000029061,2,16474,82
00000023072,2,16791,82
00000034630,2,17874,82
00000021903,2,18269,82
00000053913,2,18708,82
00000038460,2,18821,82
00000069472,2,19188,82
00000059323,2,19468,82
00000007897,2,19717,82
00000065389,2,19876,82
00000006423,2,20143,82
00000086407,2,20145,82
00000092882,2,21147,82
00000028789,2,21155,82
00000001533,2,871,81
00000004538,2,1492,81
00000008892,2,2111,81
00000001452,2,2112,81
00000006835,2,2364,81
00000000977,2,2424,81
00000010183,2,2461,81
00000010178,2,2475,81
00000003576,2,2499,81
00000006715,2,2920,81
00000007783,2,4159,81
00000010041,2,4947,81
00000001728,2,5693,81
00000026386,2,6145,81
00000000345,2,7262,81
00000015034,2,7263,81
00000033744,2,7391,81
00000029021,2,7671,81
00000015164,2,8036,81
00000024110,2,8061,81
00000027219,2,8082,81
00000034359,2,9645,81
00000004182,2,10201,81
00000050933,2,11104,81
00000000035,2,11108,81
00000020150,2,11305,81
00000052710,2,11306,81
00000033295,2,11449,81
00000000060,2,13325,81
00000035387,2,13390,81
00000053122,2,13395,81
00000031001,2,14532,81
00000044097,2,14625,81
00000015891,2,14973,81
00000029339,2,15251,81
00000071514,2,16466,81
00000043238,2,16472,81
00000031336,2,16473,81
00000028411,2,16898,81
00000072481,2,17127,81
00000004836,2,17732,81
00000060382,2,17869,81
00000017891,2,17876,81
00000032350,2,17930,81
00000051362,2,18054,81
00000069993,2,18236,81
00000006414,2,18546,81
00000069725,2,19716,81
00000054849,2,19736,81
00000013957,2,19868,81
00000046483,2,20803,81
00000027263,2,21146,81
00000000019,1,53,80
00000000027,1,72,80
00000001026,2,591,80
00000002174,2,600,80
00000004040,2,895,80
00000004068,2,1119,80
00000000146,2,1123,80
00000004684,2,1563,80
00000011093,2,2466,80
00000004976,2,4363,80
00000003929,2,4971,80
00000020632,2,5897,80
00000014039,2,6986,80
00000019789,2,6991,80
00000023126,2,7350,80
00000023350,2,7733,80
00000037254,2,8083,80
00000017179,2,9553,80
00000043774,2,9651,80
00000030217,2,10569,80
00000022240,2,11062,80
00000003807,2,11217,80
00000042906,2,11448,80
00000052653,2,11451,80
00000032208,2,11453,80
00000007097,2,13271,80
00000058568,2,13277,80
00000034611,2,13401,80
00000052471,2,14226,80
00000019780,2,14231,80
00000017772,2,14533,80
00000059888,2,14623,80
00000046186,2,14947,80
00000001485,2,14966,80
00000025708,2,14970,80
00000063272,2,15761,80
00000043031,2,16453,80
00000064558,2,17016,80
00000075463,2,17125,80
00000082633,2,17731,80
00000070274,2,17733,80
00000056751,2,17746,80
00000013528,2,18811,80
00000045583,2,18862,80
00000037793,2,19192,80
00000071206,2,19454,80
00000078620,2,19737,80
00000072595,2,19866,80
00000085840,2,20183,80
00000056863,2,20184,80
00000085204,2,20826,80
00000000009,1,1,79
00000000069,1,74,79
00000003158,2,894,79
00000000100,2,908,79
00000003923,2,2427,79
00000009735,2,2488,79
00000005432,2,4157,79
00000012648,2,4365,79
00000010377,2,4721,79
00000013193,2,4950,79
00000021132,2,4964,79
00000007466,2,5677,79
00000001343,2,5681,79
00000011680,2,6814,79
00000021488,2,6977,79
00000022588,2,6992,79
00000033107,2,7219,79
00000026047,2,7265,79
00000025047,2,7352,79
00000022481,2,7588,79
00000031813,2,8039,79
00000038501,2,9132,79
00000025149,2,9133,79
00000023343,2,9643,79
00000039197,2,10393,79
00000048307,2,10631,79
00000027029,2,11918,79
00000029157,2,11996,79
00000048559,2,13274,79
00000032901,2,13432,79
00000027515,2,13622,79
00000049416,2,14227,79
00000062559,2,14620,79
00000026753,2,14672,79
00000025067,2,15272,79
00000056668,2,15460,79
00000000359,2,16480,79
00000034502,2,16806,79
00000052448,2,16849,79
00000068761,2,17662,79
00000024903,2,17663,79
00000059161,2,17664,79
00000073375,2,17667,79
00000052438,2,17668,79
00000012911,2,18266,79
00000017262,2,18267,79
00000059868,2,18268,79
00000028556,2,18711,79
00000040587,2,19193,79
00000017178,2,19821,79
00000080880,2,19871,79
00000006148,2,20097,79
00000035199,2,20295,79
00000009735,2,20296,79
00000050727,2,20438,79
00000002127,2,872,78
00000005293,2,1490,78
00000003738,2,2467,78
00000003322,2,2470,78
00000011505,2,2487,78
00000007968,2,2503,78
00000003036,2,4720,78
00000000081,2,4799,78
00000009298,2,4800,78
00000014965,2,4936,78
00000025557,2,5678,78
00000006848,2,5679,78
00000027724,2,6867,78
00000005781,2,6985,78
00000020674,2,7380,78
00000009465,2,7730,78
00000006433,2,8064,78
00000031422,2,8066,78
00000030362,2,8067,78
00000008032,2,10978,78
00000025847,2,11903,78
00000038995,2,13039,78
00000006307,2,13093,78
00000049821,2,13329,78
00000040647,2,13330,78
00000037633,2,14229,78
00000032226,2,14628,78
00000028366,2,14876,78
00000069440,2,14975,78
00000041022,2,15110,78
00000016157,2,15278,78
00000071849,2,15292,78
00000050587,2,16054,78
00000054403,2,16809,78
00000046687,2,16902,78
00000075694,2,17371,78
00000001740,2,17666,78
00000073974,2,18805,78
00000014701,2,19215,78
00000083764,2,20159,78
00000046652,2,21150,78
00000000004,1,3,77
00000000024,1,59,77
00000002417,2,588,77
00000002749,2,1120,77
00000007423,2,1744,77
00000004919,2,1751,77
00000001576,2,2144,77
00000000146,2,2469,77
00000005693,2,2951,77
00000004720,2,4368,77
00000027704,2,6129,77
00000004736,2,6146,77
00000004855,2,6751,77
00000016271,2,6767,77
00000006695,2,6863,77
00000001295,2,7081,77
00000001967,2,7221,77
00000019823,2,7235,77
00000029359,2,7236,77
00000028455,2,7387,77
00000000751,2,9658,77
00000009478,2,9659,77
00000036376,2,9682,77
00000004258,2,9687,77
00000041626,2,11991,77
00000028124,2,11998,77
00000042813,2,12084,77
00000033000,2,13096,77
00000051095,2,13276,77
00000010909,2,13328,77
00000055018,2,13431,77
00000063346,2,13613,77
00000010438,2,13619,77
00000041173,2,14221,77
00000011762,2,14230,77
00000029675,2,15030,77
00000022983,2,15280,77
00000052248,2,15299,77
00000066914,2,15463,77
00000018922,2,16775,77
00000037061,2,17021,77
00000074929,2,17136,77
00000057843,2,17372,77
00000008020,2,17854,77
00000021833,2,17865,77
00000012614,2,17899,77
00000001938,2,17900,77
00000065502,2,17901,77
00000015254,2,18704,77
00000034219,2,18705,77
00000052299,2,18706,77
00000060190,2,18707,77
00000069214,2,19371,77
00000069608,2,19584,77
00000092004,2,20099,77
00000036119,2,20187,77
00000062309,2,20755,77
00000085548,2,20815,77
00000007154,2,1566,76
00000005948,2,1567,76
00000003094,2,2305,76
00000007000,2,2474,76
00000000519,2,2481,76
00000011281,2,2484,76
00000001213,2,2485,76
00000003514,2,2511,76
00000001920,2,4373,76
00000015950,2,4385,76
00000000241,2,5754,76
00000013114,2,5971,76
00000022118,2,6086,76
00000019885,2,6862,76
00000028928,2,6864,76
00000007051,2,7268,76
00000014991,2,7298,76
00000012243,2,7857,76
00000013169,2,8524,76
00000012912,2,9009,76
00000041600,2,9684,76
00000031445,2,10158,76
00000022373,2,10587,76
00000023768,2,11066,76
00000027418,2,11113,76
00000024207,2,11444,76
00000000019,2,12004,76
00000051518,2,12006,76
00000025655,2,12086,76
00000026147,2,13600,76
00000005489,2,13620,76
00000062365,2,14233,76
00000014224,2,14416,76
00000028473,2,14676,76
00000059408,2,15291,76
00000071620,2,15842,76
00000054263,2,16456,76
00000028869,2,16820,76
00000043774,2,16823,76
00000058520,2,16838,76
00000067176,2,16842,76
00000007165,2,16844,76
00000023844,2,17020,76
00000053329,2,17855,76
00000031220,2,18027,76
00000047450,2,18034,76
00000003455,2,18583,76
00000065883,2,19199,76
00000087952,2,19583,76
00000072118,2,19715,76
00000014265,2,19748,76
00000003375,2,858,75
00000003192,2,1571,75
00000003891,2,2412,75
00000008542,2,2490,75
00000008339,2,2509,75
00000008237,2,2510,75
00000017415,2,4302,75
00000006967,2,4338,75
00000002128,2,4370,75
00000005003,2,4709,75
00000011540,2,5730,75
00000005888,2,6854,75
00000019281,2,6934,75
00000031918,2,7295,75
00000028241,2,7990,75
00000020266,2,9634,75
00000031929,2,9662,75
00000007359,2,10238,75
00000048737,2,10580,75
00000007399,2,10910,75
00000032066,2,10911,75
00000007097,2,10913,75
00000026143,2,10952,75
00000030237,2,10991,75
00000041797,2,10992,75
00000000007,2,10995,75
00000012587,2,11036,75
00000037167,2,11067,75
00000042747,2,11446,75
00000018659,2,12085,75
00000000092,2,12088,75
00000042353,2,13060,75
00000051191,2,13433,75
00000056286,2,13434,75
00000026187,2,14680,75
00000019007,2,15114,75
00000062036,2,15330,75
00000068564,2,15467,75
00000023500,2,16244,75
00000024982,2,16840,75
00000050648,2,16852,75
00000053118,2,16904,75
00000059629,2,18867,75
00000085295,2,19363,75
00000035187,2,19472,75
00000003519,2,928,74
00000002158,2,933,74
00000005394,2,1569,74
00000002029,2,1757,74
00000007862,2,2124,74
00000010479,2,4712,74
00000020618,2,5716,74
00000002758,2,5719,74
00000013067,2,5723,74
00000021215,2,5727,74
00000015993,2,5728,74
00000007426,2,5760,74
00000003635,2,6150,74
00000001711,2,6849,74
00000011802,2,6925,74
00000024732,2,6926,74
00000026647,2,7234,74
00000029065,2,7273,74
00000028431,2,7394,74
00000011395,2,7677,74
00000030763,2,9013,74
00000038171,2,9455,74
00000000833,2,9596,74
00000011391,2,10177,74
00000029625,2,11071,74
00000029654,2,11457,74
00000035054,2,11992,74
00000040047,2,12082,74
00000024749,2,12090,74
00000026033,2,12091,74
00000026784,2,13617,74
00000029382,2,13866,74
00000007012,2,14214,74
00000030351,2,14234,74
00000001498,2,14618,74
00000020369,2,14962,74
00000046256,2,15297,74
00000001330,2,15408,74
00000046801,2,15480,74
00000009377,2,15481,74
00000004105,2,17270,74
00000012371,2,17868,74
00000009244,2,18809,74
00000078506,2,19161,74
00000088111,2,19162,74
00000048145,2,19373,74
00000064075,2,19848,74
00000065142,2,19856,74
00000060339,2,19860,74
00000016062,2,20176,74
00000086060,2,20178,74
00000026278,2,20179,74
00000035428,2,20182,74
00000059125,2,20263,74
00000075625,2,20264,74
00000087330,2,20810,74
00000027899,2,20854,74
00000066731,2,21145,74
00000000053,1,80,73
00000002937,2,921,73
00000003294,2,923,73
00000003036,2,932,73
00000003613,2,2147,73
00000002176,2,2686,73
00000005124,2,2929,73
00000017059,2,4156,73
00000001239,2,4339,73
00000006178,2,4340,73
00000018564,2,4989,73
00000006018,2,5751,73
00000007627,2,5753,73
00000025410,2,6110,73
00000009289,2,6136,73
00000019406,2,6657,73
00000023325,2,6924,73
00000004958,2,7316,73
00000005912,2,7319,73
00000027791,2,7396,73
00000027521,2,7859,73
00000035057,2,7865,73
00000023505,2,7867,73
00000002149,2,9012,73
00000021025,2,10211,73
00000009098,2,10241,73
00000034684,2,10576,73
00000036453,2,10856,73
00000010794,2,10956,73
00000041826,2,11069,73
00000013432,2,11905,73
00000032759,2,11906,73
00000054592,2,11907,73
00000017953,2,11913,73
00000017503,2,12394,73
00000037622,2,13435,73
00000057052,2,13601,73
00000011598,2,14321,73
00000024280,2,14679,73
00000017270,2,14980,73
00000035632,2,15828,73
00000052991,2,15989,73
00000027254,2,15990,73
00000038105,2,16860,73
00000051638,2,16862,73
00000077332,2,19164,73
00000051698,2,19165,73
00000084726,2,19197,73
00000023069,2,19220,73
00000089557,2,19221,73
00000057397,2,19746,73
00000024588,2,20240,73
00000028642,2,20274,73
00000036032,2,20444,73
00000032915,2,20446,73
00000002195,2,597,72
00000000414,2,735,72
00000004727,2,1754,72
00000007007,2,1755,72
00000003505,2,2930,72
00000004887,2,2932,72
00000006414,2,5715,72
00000017802,2,5725,72
00000028048,2,6114,72
00000000314,2,6658,72
00000019895,2,7679,72
00000012906,2,7761,72
00000001576,2,7987,72
00000000620,2,9676,72
00000002106,2,10577,72
00000002370,2,10951,72
00000051115,2,11119,72
00000049891,2,11915,72
00000026285,2,13603,72
00000031688,2,14481,72
00000061274,2,14496,72
00000038669,2,14606,72
00000030126,2,16460,72
00000069684,2,17383,72
00000021128,2,17677,72
00000075190,2,18320,72
00000069162,2,18469,72
00000081625,2,18479,72
00000050008,2,18695,72
00000038674,2,19213,72
00000047873,2,19219,72
00000008363,2,19224,72
00000010768,2,19810,72
00000011130,2,19865,72
00000009307,2,20181,72
00000094637,2,20283,72
00000000975,2,206,71
00000003351,2,926,71
00000000953,2,927,71
00000004709,2,1128,71
00000002629,2,1800,71
00000006509,2,2157,71
00000000081,2,2309,71
00000014612,2,4304,71
00000002976,2,4377,71
00000008865,2,4805,71
00000006509,2,4997,71
00000012932,2,5714,71
00000002218,2,5807,71
00000000732,2,5846,71
00000018270,2,6113,71
00000012760,2,6770,71
00000025800,2,6836,71
00000016259,2,6838,71
00000017542,2,6839,71
00000003379,2,7004,71
00000043658,2,10593,71
00000000699,2,10595,71
00000009435,2,10864,71
00000034630,2,11909,71
00000005969,2,11916,71
00000031262,2,12002,71
00000018967,2,12073,71
00000055551,2,12075,71
00000004101,2,13268,71
00000022166,2,13273,71
00000067418,2,14482,71
00000006738,2,14637,71
00000068298,2,16015,71
00000077963,2,17142,71
00000068398,2,17676,71
00000074359,2,18029,71
00000008932,2,18039,71
00000083750,2,18040,71
00000081912,2,19214,71
00000035141,2,19368,71
00000033792,2,19753,71
00000011996,2,20491,71
00000001908,2,730,70
00000002769,2,1517,70
00000007656,2,1801,70
00000004046,2,2415,70
00000000615,2,2956,70
00000010024,2,4166,70
00000004472,2,4169,70
00000009822,2,4170,70
00000017513,2,4809,70
00000005948,2,4811,70
00000009938,2,4992,70
00000005387,2,4993,70
00000017025,2,5763,70
00000003123,2,6771,70
00000006679,2,6831,70
00000027110,2,7093,70
00000013693,2,7272,70
00000017636,2,7594,70
00000022699,2,7605,70
00000007445,2,7606,70
00000026105,2,7860,70
00000005962,2,7862,70
00000006530,2,7863,70
00000004360,2,8570,70
00000011699,2,10600,70
00000036645,2,11096,70
00000053433,2,13270,70
00000001627,2,13628,70
00000001159,2,13629,70
00000065920,2,14211,70
00000004622,2,14219,70
00000053550,2,14240,70
00000019068,2,14452,70
00000038979,2,14519,70
00000063764,2,14910,70
00000038278,2,15993,70
00000069171,2,16857,70
00000063825,2,17078,70
00000078396,2,17079,70
00000017868,2,17143,70
00000005805,2,17267,70
00000031863,2,17390,70
00000009515,2,17627,70
00000057121,2,18855,70
00000039178,2,18859,70
00000042353,2,19203,70
00000048523,2,19281,70
00000008794,2,19370,70
00000063020,2,19385,70
00000021688,2,19457,70
00000084100,2,19864,70
00000095059,2,20266,70
00000055621,2,20272,70
00000001721,2,443,69
00000001871,2,444,69
00000000090,2,446,69
00000002569,2,670,69
00000004507,2,1078,69
00000000974,2,1759,69
00000000049,2,2082,69
00000003612,2,2516,69
00000010183,2,2919,69
00000015763,2,4168,69
00000015121,2,4301,69
00000019435,2,4379,69
00000013597,2,4384,69
00000007943,2,4813,69
00000001576,2,6824,69
00000031270,2,6921,69
00000029446,2,7091,69
00000032455,2,7322,69
00000008148,2,7325,69
00000032275,2,7874,69
00000034972,2,8568,69
00000011102,2,9017,69
00000003351,2,9495,69
00000013017,2,9638,69
00000041703,2,10255,69
00000028059,2,10872,69
00000046117,2,10873,69
00000032381,2,10975,69
00000024527,2,10989,69
00000028313,2,11900,69
00000047652,2,13107,69
00000031536,2,13272,69
00000010024,2,13445,69
00000043844,2,14952,69
00000059280,2,15832,69
00000002738,2,16797,69
00000003148,2,16827,69
00000006287,2,16856,69
00000023678,2,17077,69
00000056158,2,17381,69
00000073935,2,17776,69
00000079184,2,18322,69
00000053496,2,19217,69
00000081653,2,19377,69
00000010636,2,19379,69
00000088283,2,19381,69
00000050926,2,19714,69
00000089699,2,19744,69
00000037217,2,19755,69
00000014339,2,19847,69
00000051095,2,19863,69
00000002327,2,731,68
00000000938,2,1127,68
00000003237,2,1454,68
00000005725,2,1763,68
00000010043,2,2155,68
00000008056,2,2393,68
00000004584,2,2410,68
00000011320,2,2901,68
00000000025,2,2912,68
00000010369,2,2937,68
00000013031,2,4194,68
00000017169,2,4300,68
00000020978,2,4659,68
00000016652,2,5982,68
00000010780,2,5983,68
00000006783,2,6847,68
00000019528,2,7024,68
00000033086,2,7229,68
00000008893,2,7304,68
00000028950,2,7305,68
00000026379,2,7596,68
00000014046,2,8547,68
00000037462,2,9019,68
00000005025,2,9293,68
00000019315,2,9639,68
00000035344,2,9673,68
00000018197,2,9681,68
00000048626,2,10977,68
00000000940,2,11118,68
00000045437,2,11894,68
00000021420,2,12094,68
00000014650,2,13446,68
00000014070,2,13873,68
00000062026,2,14200,68
00000056223,2,14209,68
00000056077,2,14210,68
00000050719,2,14237,68
00000058596,2,14487,68
00000044915,2,14521,68
00000049055,2,14660,68
00000010600,2,14670,68
00000034156,2,14912,68
00000065250,2,14953,68
00000023840,2,15367,68
00000002403,2,15838,68
00000021257,2,15847,68
00000058554,2,16912,68
00000048529,2,17944,68
00000083467,2,18031,68
00000063622,2,18032,68
00000050609,2,20239,68
00000026105,2,21172,68
00000001948,2,733,67
00000002142,2,738,67
00000007356,2,2142,67
00000001815,2,2373,67
00000007525,2,2523,67
00000008506,2,2685,67
00000007010,2,2909,67
00000016597,2,4195,67
00000018461,2,4382,67
00000020775,2,5000,67
00000015383,2,5767,67
00000016157,2,5770,67
00000003918,2,5981,67
00000005522,2,6117,67
00000016481,2,6765,67
00000004014,2,6766,67
00000004472,2,6826,67
00000010251,2,6827,67
00000022585,2,6832,67
00000030978,2,6833,67
00000001889,2,7023,67
00000010640,2,7328,67
00000024611,2,7329,67
00000017495,2,7330,67
00000008153,2,8530,67
00000011839,2,9021,67
00000037289,2,9576,67
00000001820,2,9675,67
00000005683,2,9679,67
00000046855,2,10868,67
00000022415,2,10869,67
00000011196,2,10876,67
00000016971,2,10879,67
00000019552,2,10889,67
00000044121,2,10961,67
00000012996,2,10963,67
00000025169,2,11077,67
00000050358,2,11099,67
00000015009,2,11121,67
00000051193,2,11911,67
00000053031,2,13104,67
00000056416,2,13440,67
00000061811,2,13443,67
00000021498,2,13605,67
00000036372,2,13631,67
00000023602,2,13669,67
00000017868,2,13870,67
00000044144,2,14201,67
00000062625,2,14220,67
00000013804,2,14495,67
00000042416,2,14643,67
00000048538,2,15380,67
00000013814,2,15822,67
00000015754,2,16463,67
00000020976,2,16465,67
00000039263,2,16867,67
00000007063,2,17139,67
00000084007,2,18010,67
00000034202,2,18044,67
00000082123,2,18277,67
00000046092,2,19696,67
00000092572,2,19816,67
00000093518,2,20294,67
00000005142,2,2088,66
00000008610,2,2106,66
00000008944,2,2903,66
00000006201,2,2935,66
00000008833,2,3093,66
00000009171,2,4196,66
00000008728,2,4383,66
00000017505,2,5986,66
00000023351,2,6152,66
00000012873,2,6906,66
00000007697,2,6933,66
00000021185,2,7021,66
00000025310,2,7603,66
00000008154,2,8506,66
00000030902,2,8532,66
00000001781,2,8742,66
00000015298,2,9468,66
00000015195,2,9670,66
00000009618,2,10180,66
00000033508,2,11314,66
00000049351,2,11463,66
00000017484,2,13267,66
00000015826,2,13442,66
00000003432,2,13606,66
00000017210,2,13632,66
00000063654,2,13860,66
00000009736,2,14203,66
00000063553,2,14204,66
00000036093,2,14207,66
00000040538,2,14208,66
00000061015,2,14661,66
00000007633,2,15491,66
00000024110,2,15824,66
00000011060,2,15836,66
00000033508,2,16021,66
00000035021,2,16247,66
00000068224,2,16836,66
00000064166,2,16869,66
00000077701,2,17028,66
00000039534,2,17641,66
00000076277,2,19384,66
00000010804,2,20166,66
00000057711,2,20167,66
00000016584,2,20243,66
00000085545,2,21167,66
00000000018,1,93,65
00000000345,1,111,65
00000000057,1,114,65
00000000077,2,937,65
00000001772,2,1118,65
00000002040,2,2086,65
00000003113,2,2515,65
00000007025,2,2870,65
00000014497,2,4655,65
00000013071,2,4677,65
00000001318,2,5003,65
00000019509,2,5008,65
00000000786,2,5734,65
00000001576,2,5768,65
00000006465,2,6154,65
00000027827,2,7233,65
00000005859,2,7314,65
00000014685,2,7324,65
00000013461,2,7481,65
00000007260,2,9024,65
00000027515,2,9142,65
00000030282,2,9208,65
00000024962,2,9211,65
00000002195,2,9297,65
00000006726,2,9463,65
00000010486,2,9579,65
00000002867,2,9591,65
00000031013,2,9592,65
00000036475,2,10859,65
00000032570,2,10884,65
00000001550,2,10891,65
00000021637,2,10906,65
00000032467,2,11465,65
00000046246,2,11864,65
00000016053,2,12053,65
00000042398,2,14206,65
00000042376,2,14499,65
00000062226,2,14646,65
00000069287,2,14756,65
00000026753,2,14902,65
00000035168,2,14905,65
00000053875,2,14987,65
00000048480,2,15262,65
00000060417,2,15913,65
00000025642,2,16020,65
00000056096,2,16486,65
00000080548,2,17083,65
00000030618,2,17565,65
00000029323,2,17639,65
00000060186,2,17640,65
00000026284,2,18003,65
00000034621,2,18014,65
00000031000,2,18050,65
00000003174,2,20824,65
00000013262,2,20930,65
00000001803,2,940,64
00000005348,2,2897,64
00000006923,2,2962,64
00000009679,2,4394,64
00000006556,2,4395,64
00000006433,2,4537,64
00000013071,2,5018,64
00000008669,2,5706,64
00000008535,2,5748,64
00000003023,2,6122,64
00000007492,2,6846,64
00000027575,2,6905,64
00000002698,2,7090,64
00000021370,2,7197,64
00000008046,2,8182,64
00000035854,2,9148,64
00000036432,2,9578,64
00000039324,2,9594,64
00000002381,2,10251,64
00000037588,2,10861,64
00000004002,2,10893,64
00000029215,2,10905,64
00000043563,2,11268,64
00000041305,2,11466,64
00000063128,2,14402,64
00000028844,2,14664,64
00000055658,2,15455,64
00000049607,2,15813,64
00000071141,2,15820,64
00000032010,2,16870,64
00000077440,2,17085,64
00000075526,2,17563,64
00000020629,2,17948,64
00000066006,2,18016,64
00000047328,2,18020,64
00000083513,2,18052,64
00000039207,2,19208,64
00000019032,2,19570,64
00000040727,2,19573,64
00000024250,2,19587,64
00000028197,2,19846,64
00000089728,2,20174,64
00000015891,2,20287,64
00000000014,2,725,63
00000001533,2,939,63
00000002464,2,1428,63
00000005675,2,2091,63
00000004736,2,2095,63
00000011622,2,2906,63
00000009093,2,2908,63
00000007315,2,2914,63
00000011437,2,2946,63
00000013432,2,4181,63
00000014137,2,4403,63
00000003423,2,4541,63
00000009248,2,5006,63
00000013023,2,5736,63
00000023072,2,6084,63
00000007833,2,6208,63
00000009960,2,6909,63
00000001619,2,7609,63
00000015139,2,8507,63
00000027686,2,8540,63
00000006452,2,9465,63
00000015542,2,9581,63
00000016597,2,10210,63
00000010794,2,10871,63
00000032625,2,10888,63
00000009657,2,11858,63
00000018990,2,12057,63
00000011941,2,12058,63
00000017135,2,12407,63
00000037396,2,13056,63
00000053190,2,13683,63
00000034774,2,14283,63
00000053535,2,14448,63
00000041304,2,14500,63
00000030149,2,14515,63
00000035443,2,14517,63
00000010524,2,14518,63
00000048897,2,14645,63
00000028473,2,14999,63
00000046215,2,15040,63
00000053428,2,15451,63
00000064829,2,15488,63
00000023155,2,15489,63
00000020108,2,15819,63
00000024588,2,15821,63
00000049010,2,15998,63
00000054849,2,16781,63
00000001963,2,17262,63
00000059548,2,17278,63
00000041518,2,17279,63
00000021814,2,17571,63
00000034913,2,17575,63
00000075354,2,18046,63
00000065423,2,19210,63
00000050804,2,19289,63
00000023559,2,19571,63
00000018372,2,19699,63
00000088251,2,20169,63
00000036643,2,20175,63
00000087227,2,21178,63
00000001840,2,450,62
00000002080,2,1023,62
00000001849,2,1137,62
00000002759,2,1430,62
00000001911,2,1431,62
00000007884,2,2104,62
00000007772,2,2868,62
00000010420,2,2965,62
00000004530,2,2967,62
00000017644,2,4392,62
00000007764,2,4996,62
00000011473,2,5016,62
00000022290,2,5750,62
00000024816,2,5853,62
00000021302,2,6157,62
00000027515,2,6910,62
00000010750,2,7199,62
00000007423,2,7309,62
00000007664,2,7465,62
00000021414,2,7608,62
00000010470,2,7708,62
00000019762,2,8184,62
00000004934,2,8561,62
00000019912,2,8808,62
00000020532,2,8812,62
00000005324,2,8876,62
00000022556,2,9236,62
00000006370,2,9269,62
00000006065,2,10254,62
00000030486,2,10863,62
00000024663,2,10880,62
00000024726,2,11002,62
00000030921,2,11013,62
00000054854,2,11888,62
00000007799,2,13711,62
00000003609,2,14909,62
00000029697,2,14998,62
00000028270,2,16065,62
00000033497,2,16488,62
00000049380,2,16805,62
00000079565,2,17251,62
00000047768,2,17264,62
00000018860,2,17280,62
00000014241,2,17939,62
00000068836,2,19287,62
00000055095,2,19290,62
00000066756,2,19558,62
00000000349,2,19565,62
00000046563,2,19566,62
00000034530,2,20582,62
00000061760,2,21177,62
00000036791,2,21180,62
00000004131,2,951,61
00000004188,2,2165,61
00000001279,2,2315,61
00000005397,2,2337,61
00000010392,2,2521,61
00000010482,2,2528,61
00000002101,2,2759,61
00000012335,2,2869,61
00000016988,2,4294,61
00000000956,2,5708,61
00000023306,2,5774,61
00000004346,2,6913,61
00000011460,2,7107,61
00000019196,2,7470,61
00000021857,2,7472,61
00000023743,2,7600,61
00000006427,2,7616,61
00000016531,2,8185,61
00000019219,2,8539,61
00000022225,2,9147,61
00000023908,2,9229,61
00000037811,2,10248,61
00000042660,2,10249,61
00000020651,2,10865,61
00000019404,2,11014,61
00000034136,2,11081,61
00000022407,2,11320,61
00000043310,2,12059,61
00000028027,2,12099,61
00000014351,2,13059,61
00000014408,2,13113,61
00000042007,2,13117,61
00000032462,2,13120,61
00000049042,2,13233,61
00000001119,2,13673,61
00000025907,2,13674,61
00000059598,2,13689,61
00000019652,2,13854,61
00000036154,2,14243,61
00000014937,2,14494,61
00000062042,2,14702,61
00000066580,2,14993,61
00000063597,2,15342,61
00000006832,2,15599,61
00000019385,2,16832,61
00000082031,2,17569,61
00000003570,2,17573,61
00000074930,2,17646,61
00000005234,2,17988,61
00000035932,2,18573,61
00000084688,2,19293,61
00000054656,2,19295,61
00000001908,2,454,60
00000000987,2,724,60
00000000174,2,728,60
00000004068,2,952,60
00000003002,2,1077,60
00000003780,2,1593,60
00000005777,2,2130,60
00000001453,2,2317,60
00000010369,2,2765,60
00000001903,2,4027,60
00000001503,2,4028,60
00000014554,2,5712,60
00000023247,2,5740,60
00000021204,2,6128,60
00000026794,2,6143,60
00000010916,2,6912,60
00000017234,2,6915,60
00000002341,2,7071,60
00000022412,2,7310,60
00000021654,2,7504,60
00000030739,2,7689,60
00000014937,2,7690,60
00000018173,2,8541,60
00000034943,2,8814,60
00000035638,2,9152,60
00000023709,2,10897,60
00000025390,2,10908,60
00000011590,2,11043,60
00000004922,2,12098,60
00000037171,2,12405,60
00000054939,2,13237,60
00000032058,2,13680,60
00000021608,2,14493,60
00000050098,2,14648,60
00000068065,2,14778,60
00000060114,2,14992,60
00000061164,2,15104,60
00000040205,2,15492,60
00000072876,2,15817,60
00000012786,2,16784,60
00000032512,2,16923,60
00000041883,2,17154,60
00000057979,2,17156,60
00000006134,2,17160,60
00000057697,2,17231,60
00000067116,2,17989,60
00000018532,2,19297,60
00000086098,2,19591,60
00000086421,2,20466,60
00000028054,2,20467,60
00000001450,2,365,59
00000002369,2,948,59
00000003612,2,949,59
00000003807,2,950,59
00000001749,2,1530,59
00000001881,2,1858,59
00000006389,2,2381,59
00000004522,2,2527,59
00000008628,2,3092,59
00000017245,2,4666,59
00000018303,2,5010,59
00000004230,2,5014,59
00000003859,2,5046,59
00000006333,2,6159,59
00000003566,2,6897,59
00000021196,2,7066,59
00000011699,2,7104,59
00000032628,2,7109,59
00000014910,2,7468,59
00000024113,2,7475,59
00000006769,2,7692,59
00000016874,2,8192,59
00000018540,2,8548,59
00000034953,2,9154,59
00000018201,2,9231,59
00000000899,2,9270,59
00000032682,2,9508,59
00000033933,2,9604,59
00000005089,2,10184,59
00000019538,2,10882,59
00000001622,2,11016,59
00000050592,2,11870,59
00000009965,2,13679,59
00000005397,2,13699,59
00000000078,2,13701,59
00000018451,2,13856,59
00000067457,2,14901,59
00000068258,2,14997,59
00000069927,2,15013,59
00000060695,2,15340,59
00000060592,2,15890,59
00000049196,2,16835,59
00000074034,2,16917,59
00000071423,2,17157,59
00000072496,2,17386,59
00000017632,2,18921,59
00000073925,2,18922,59
00000077064,2,19238,59
00000061505,2,19556,59
00000030808,2,20456,59
00000000269,1,90,58
00000001089,2,456,58
00000000045,2,1068,58
00000008869,2,2171,58
00000009016,2,2894,58
00000007367,2,2895,58
00000010263,2,2927,58
00000009107,2,3088,58
00000009705,2,4676,58
00000013246,2,6121,58
00000025871,2,6879,58
00000010054,2,6902,58
00000031813,2,7204,58
00000018749,2,7479,58
00000024772,2,7507,58
00000020780,2,7612,58
00000022086,2,8538,58
00000036124,2,8580,58
00000015783,2,9233,58
00000018102,2,9273,58
00000026757,2,9605,58
00000014022,2,9606,58
00000009584,2,9607,58
00000033602,2,9612,58
00000028670,2,10588,58
00000017583,2,11030,58
00000039337,2,11032,58
00000011075,2,11878,58
00000031283,2,13128,58
00000021841,2,13232,58
00000041272,2,13687,58
00000062287,2,15042,58
00000014037,2,15109,58
00000053816,2,15290,58
00000056576,2,15346,58
00000057984,2,15855,58
00000005888,2,16319,58
00000003351,2,16494,58
00000001162,2,16834,58
00000035826,2,16880,58
00000015522,2,16886,58
00000053691,2,17159,58
00000020828,2,17234,58
00000070383,2,17953,58
00000056068,2,17954,58
00000083710,2,17955,58
00000080550,2,17956,58
00000054968,2,18968,58
00000068491,2,18969,58
00000059479,2,19492,58
00000061610,2,19562,58
00000014997,2,19563,58
00000053621,2,19564,58
00000072060,2,20251,58
00000001963,2,20563,58
00000050139,2,21107,58
00000097899,2,21111,58
00000001790,2,392,57
00000000011,2,485,57
00000000018,2,620,57
00000002555,2,1067,57
00000001903,2,1419,57
00000003657,2,1427,57
00000003292,2,1595,57
00000003773,2,1809,57
00000008066,2,1862,57
00000004889,2,1866,57
00000002146,2,2893,57
00000018048,2,4186,57
00000013756,2,4297,57
00000018474,2,4668,57
00000004124,2,4675,57
00000004028,2,5012,57
00000003664,2,5013,57
00000031498,2,6885,57
00000014823,2,6904,57
00000020493,2,7615,57
00000000226,2,7705,57
00000024749,2,7706,57
00000035660,2,7752,57
00000030634,2,7985,57
00000024553,2,8190,57
00000024824,2,8196,57
00000028890,2,8579,57
00000029454,2,8807,57
00000045735,2,10971,57
00000032005,2,11022,57
00000007252,2,11027,57
00000032807,2,11488,57
00000022664,2,11499,57
00000006430,2,11501,57
00000051528,2,11592,57
00000047325,2,11863,57
00000012817,2,13123,57
00000038064,2,13612,57
00000040907,2,13713,57
00000056758,2,14505,57
00000006245,2,14557,57
00000064249,2,15006,57
00000030722,2,15007,57
00000067931,2,15341,57
00000067088,2,15348,57
00000058673,2,15818,57
00000027831,2,17158,57
00000024588,2,17195,57
00000031045,2,17233,57
00000010392,2,17235,57
00000061319,2,17580,57
00000004086,2,17626,57
00000074532,2,17650,57
00000078510,2,17957,57
00000042076,2,17991,57
00000067555,2,18009,57
00000013896,2,18333,57
00000015139,2,18927,57
00000036814,2,20204,57
00000059452,2,20461,57
00000039138,2,20470,57
00000039030,2,20499,57
00000090824,2,20548,57
00000061505,2,21113,57
00000085571,2,21114,57
00000001840,2,1140,56
00000005142,2,1414,56
00000000139,2,1416,56
00000001123,2,1585,56
00000003091,2,1857,56
00000007417,2,1861,56
00000002814,2,2333,56
00000004842,2,2776,56
00000007410,2,3079,56
00000002168,2,3101,56
00000009227,2,3105,56
00000003815,2,3520,56
00000004943,2,4024,56
00000001566,2,5446,56
00000014194,2,5743,56
00000002872,2,5746,56
00000024766,2,6120,56
00000003870,2,6899,56
00000006749,2,6922,56
00000002962,2,7207,56
00000033783,2,7477,56
00000011774,2,7696,56
00000027888,2,7984,56
00000036387,2,8514,56
00000038762,2,8581,56
00000029096,2,8583,56
00000026729,2,8780,56
00000036823,2,8813,56
00000028964,2,9448,56
00000034008,2,11085,56
00000007218,2,11498,56
00000013142,2,11502,56
00000053780,2,13266,56
00000053843,2,13697,56
00000019816,2,13703,56
00000041671,2,13704,56
00000045274,2,13705,56
00000001400,2,14253,56
00000059111,2,14254,56
00000067278,2,14713,56
00000050545,2,15098,56
00000035780,2,16164,56
00000060691,2,16874,56
00000014076,2,16877,56
00000046596,2,16887,56
00000072293,2,16888,56
00000076466,2,17194,56
00000031536,2,17248,56
00000043297,2,18331,56
00000010563,2,20465,56
00000006173,2,20502,56
00000041043,2,20547,56
00000076489,2,20560,56
00000045263,2,20569,56
00000066973,2,20853,56
00000082465,2,21115,56
00000001969,2,628,55
00000001104,2,1418,55
00000001663,2,1423,55
00000001644,2,1424,55
00000006236,2,1589,55
00000001942,2,1599,55
00000006047,2,2100,55
00000005229,2,2102,55
00000000739,2,2324,55
00000000095,2,2762,55
00000011209,2,3109,55
00000012312,2,4190,55
00000009205,2,4406,55
00000009486,2,5744,55
00000006799,2,5745,55
00000000420,2,5747,55
00000019566,2,6222,55
00000023010,2,7103,55
00000032153,2,7698,55
00000035650,2,7816,55
00000009206,2,7882,55
00000009358,2,8100,55
00000001546,2,8455,55
00000004727,2,8560,55
00000013802,2,8578,55
00000014563,2,9575,55
00000013246,2,10188,55
00000016868,2,10497,55
00000001018,2,11009,55
00000008535,2,11024,55
00000037330,2,11500,55
00000026961,2,11877,55
00000002060,2,13141,55
00000037965,2,13241,55
00000017053,2,14658,55
00000011281,2,14692,55
00000050942,2,15350,55
00000068891,2,15378,55
00000064773,2,16069,55
00000022494,2,16885,55
00000002770,2,17237,55
00000022758,2,17250,55
00000049177,2,17285,55
00000042747,2,17635,55
00000047063,2,17783,55
00000014611,2,18889,55
00000048873,2,20464,55
00000004286,2,20471,55
00000056589,2,20550,55
00000030778,2,20866,55
00000062974,2,20942,55
00000001438,2,706,54
00000002403,2,1591,54
00000001210,2,1865,54
00000007725,2,2174,54
00000002268,2,2175,54
00000009379,2,2321,54
00000005938,2,2384,54
00000000072,2,3086,54
00000013287,2,3107,54
00000007589,2,3204,54
00000003203,2,4191,54
00000011250,2,4192,54
00000000915,2,4407,54
00000002987,2,5449,54
00000014453,2,5450,54
00000014861,2,6161,54
00000012481,2,6888,54
00000015558,2,6901,54
00000000471,2,7714,54
00000003340,2,7854,54
00000034596,2,7881,54
00000006496,2,7888,54
00000015599,2,7889,54
00000029778,2,8464,54
00000031967,2,8517,54
00000009911,2,9586,54
00000011102,2,10190,54
00000033366,2,10591,54
00000048083,2,10973,54
00000016135,2,11088,54
00000052464,2,11430,54
00000000139,2,11487,54
00000040550,2,11497,54
00000054831,2,11882,54
00000017300,2,12068,54
00000023329,2,12613,54
00000000089,2,12919,54
00000039424,2,12921,54
00000000757,2,13136,54
00000060790,2,13884,54
00000048406,2,14250,54
00000064926,2,14271,54
00000023033,2,14272,54
00000060737,2,14562,54
00000028941,2,14657,54
00000010002,2,14715,54
00000051893,2,14716,54
00000065826,2,15011,54
00000069762,2,15012,54
00000036791,2,15097,54
00000029690,2,15379,54
00000025146,2,16005,54
00000017690,2,16026,54
00000072248,2,17196,54
00000074949,2,17242,54
00000080463,2,17243,54
00000055447,2,17247,54
00000009735,2,17992,54
00000080758,2,18926,54
00000056437,2,18963,54
00000020775,2,18967,54
00000026651,2,19233,54
00000055919,2,19241,54
00000072760,2,19489,54
00000079894,2,20505,54
00000020600,2,20551,54
00000000040,2,20567,54
00000005862,2,2202,53
00000003537,2,2323,53
00000003229,2,2327,53
00000005905,2,3465,53
00000016893,2,4204,53
00000001194,2,4263,53
00000001779,2,4264,53
00000003084,2,4408,53
00000005080,2,4409,53
00000014054,2,7078,53
00000004439,2,7106,53
00000002305,2,7491,53
00000000103,2,7809,53
00000000202,2,7891,53
00000005888,2,8098,53
00000009071,2,8099,53
00000009661,2,8783,53
00000033556,2,9035,53
00000020978,2,9158,53
00000001323,2,9242,53
00000033158,2,9303,53
00000017361,2,11011,53
00000029929,2,13132,53
00000052248,2,13229,53
00000059267,2,13256,53
00000043825,2,14560,53
00000067312,2,14695,53
00000069286,2,15054,53
00000011737,2,15080,53
00000014919,2,15498,53
00000052579,2,15755,53
00000058018,2,16004,53
00000061431,2,16072,53
00000006811,2,17637,53
00000082465,2,17961,53
00000063197,2,17995,53
00000027587,2,19487,53
00000017721,2,20500,53
00000078491,2,21124,53
00000000526,2,468,52
00000000202,2,748,52
00000006433,2,2195,52
00000000342,2,2197,52
00000003127,2,2200,52
00000008037,2,2201,52
00000003113,2,2926,52
00000015617,2,4151,52
00000016483,2,4674,52
00000025458,2,5511,52
00000017513,2,5512,52
00000021293,2,6890,52
00000007310,2,6999,52
00000002080,2,7494,52
00000031895,2,7495,52
00000000741,2,7887,52
00000036003,2,8559,52
00000011282,2,8804,52
00000006154,2,9032,52
00000026087,2,9038,52
00000013996,2,9222,52
00000026124,2,9616,52
00000042807,2,10192,52
00000021784,2,10902,52
00000001314,2,11091,52
00000026838,2,11095,52
00000035907,2,11433,52
00000033910,2,11595,52
00000006741,2,11596,52
00000050147,2,11875,52
00000007119,2,13140,52
00000023592,2,14257,52
00000044657,2,14919,52
00000081190,2,17229,52
00000065690,2,17287,52
00000013350,2,17290,52
00000039663,2,17582,52
00000018828,2,17997,52
00000049309,2,18026,52
00000060327,2,18028,52
00000008271,2,18339,52
00000006649,2,18943,52
00000068730,2,18961,52
00000093703,2,20200,52
00000057464,2,20201,52
00000070615,2,20481,52
00000002468,2,708,51
00000003427,2,963,51
00000004792,2,1410,51
00000002071,2,1562,51
00000008576,2,1875,51
00000007557,2,1876,51
00000001920,2,2533,51
00000011336,2,2767,51
00000014224,2,4043,51
00000015696,2,5028,51
00000020827,2,5453,51
00000007155,2,5463,51
00000004967,2,5994,51
00000000435,2,5995,51
00000017463,2,6219,51
00000023649,2,7082,51
00000017495,2,7210,51
00000028828,2,7493,51
00000002268,2,8171,51
00000035756,2,8521,51
00000006567,2,9159,51
00000032313,2,9244,51
00000027233,2,9572,51
00000036003,2,11094,51
00000032985,2,11131,51
00000000069,2,11504,51
00000023269,2,13134,51
00000026427,2,13135,51
00000005823,2,14513,51
00000065682,2,14698,51
00000014827,2,14719,51
00000042022,2,14720,51
00000012854,2,14921,51
00000039786,2,15354,51
00000003598,2,15503,51
00000058890,2,15757,51
00000025643,2,15996,51
00000036138,2,16030,51
00000042559,2,16705,51
00000051525,2,17039,51
00000080357,2,17199,51
00000041878,2,17202,51
00000035052,2,17240,51
00000066550,2,17289,51
00000023943,2,17292,51
00000006384,2,17606,51
00000061648,2,18966,51
00000016341,2,19694,51
00000007680,2,20208,51
00000000268,2,461,50
00000003335,2,2867,50
00000006303,2,2925,50
00000008257,2,4103,50
00000004980,2,4207,50
00000016776,2,6165,50
00000033128,2,7085,50
00000024782,2,7181,50
00000000014,2,7630,50
00000028876,2,8467,50
00000022562,2,8802,50
00000032521,2,9034,50
00000039838,2,9040,50
00000011418,2,9405,50
00000040277,2,10194,50
00000005004,2,11435,50
00000012614,2,11436,50
00000047504,2,11437,50
00000053249,2,11474,50
00000045066,2,11476,50
00000022946,2,12066,50
00000005473,2,12072,50
00000024095,2,12927,50
00000047145,2,12929,50
00000058879,2,13246,50
00000004113,2,13834,50
00000064466,2,14444,50
00000033014,2,16891,50
00000002146,2,17204,50
00000033891,2,17661,50
00000072277,2,18962,50
00000001576,2,20254,50
00000061216,2,20257,50
00000071908,2,20684,50
00000064149,2,20847,50
00000074656,2,20940,50
00000058135,2,21119,50
00000097627,2,21120,50
00000000050,1,100,49
00000001036,2,382,49
00000001972,2,425,49
00000000345,2,427,49
00000001849,2,472,49
00000002086,2,2394,49
00000006742,2,2396,49
00000001360,2,2537,49
00000006307,2,2887,49
00000004577,2,3158,49
00000014598,2,3208,49
00000006766,2,3846,49
00000015897,2,4017,49
00000017822,2,4154,49
00000017661,2,4673,49
00000018934,2,5467,49
00000013469,2,5469,49
00000011559,2,6093,49
00000003686,2,6202,49
00000004166,2,7086,49
00000022773,2,7191,49
00000023496,2,7700,49
00000008288,2,7912,49
00000015599,2,8214,49
00000039517,2,8460,49
00000028478,2,8567,49
00000012671,2,9313,49
00000017573,2,9432,49
00000014950,2,10607,49
00000049417,2,11041,49
00000039153,2,11133,49
00000016397,2,13767,49
00000008921,2,14269,49
00000004439,2,14467,49
00000034608,2,14710,49
00000044702,2,15053,49
00000004222,2,15107,49
00000015268,2,15953,49
00000022171,2,15958,49
00000034394,2,16181,49
00000025529,2,16932,49
00000030934,2,17168,49
00000046493,2,17258,49
00000034361,2,19082,49
00000076273,2,19581,49
00000062900,2,19695,49
00000061675,2,20211,49
00000002627,2,20262,49
00000001652,2,384,48
00000000414,2,433,48
00000001862,2,473,48
00000001615,2,841,48
00000003696,2,1816,48
00000004147,2,2331,48
00000007725,2,2390,48
00000010149,2,2392,48
00000006433,2,2861,48
00000008995,2,2862,48
00000001282,2,3083,48
00000006423,2,3464,48
00000007778,2,4019,48
00000016158,2,4411,48
00000007050,2,4412,48
00000016130,2,5030,48
00000023668,2,5998,48
00000005234,2,6045,48
00000005998,2,6051,48
00000025633,2,6052,48
00000002690,2,6054,48
00000009862,2,6168,48
00000024309,2,7136,48
00000010935,2,7625,48
00000020874,2,7813,48
00000028635,2,7903,48
00000029264,2,7904,48
00000033413,2,7914,48
00000032429,2,8173,48
00000033932,2,8175,48
00000013246,2,8200,48
00000023922,2,8372,48
00000022622,2,8469,48
00000013395,2,9412,48
00000027204,2,9452,48
00000011617,2,9619,48
00000036720,2,10209,48
00000039056,2,10608,48
00000016657,2,10609,48
00000001320,2,11276,48
00000029717,2,13144,48
00000018840,2,13145,48
00000004895,2,13179,48
00000043977,2,14470,48
00000053448,2,14712,48
00000049588,2,15507,48
00000060370,2,16076,48
00000029830,2,16211,48
00000046702,2,16499,48
00000011699,2,16731,48
00000043519,2,17206,48
00000070935,2,17301,48
00000046185,2,17306,48
00000018657,2,17608,48
00000068054,2,17611,48
00000041602,2,17965,48
00000016024,2,18000,48
00000065084,2,18001,48
00000052119,2,18503,48
00000014453,2,19038,48
00000020114,2,19043,48
00000041665,2,19084,48
00000024695,2,19085,48
00000065921,2,20215,48
00000006844,2,20497,48
00000001463,2,712,47
00000003351,2,1409,47
00000003561,2,1817,47
00000000739,2,2186,47
00000014910,2,3203,47
00000015101,2,3471,47
00000002005,2,3513,47
00000021646,2,5458,47
00000014410,2,7020,47
00000014533,2,7766,47
00000036551,2,8203,47
00000034399,2,8204,47
00000035053,2,9305,47
00000040663,2,9404,47
00000032005,2,9481,47
00000018967,2,10205,47
00000017567,2,11494,47
00000041201,2,11887,47
00000026008,2,13143,47
00000060432,2,13720,47
00000051550,2,14263,47
00000004792,2,14265,47
00000013911,2,14270,47
00000002130,2,14473,47
00000043282,2,14931,47
00000060928,2,14933,47
00000000376,2,15106,47
00000044940,2,15650,47
00000057714,2,15970,47
00000057412,2,16500,47
00000076445,2,16503,47
00000041700,2,17049,47
00000000420,2,17297,47
00000066442,2,17298,47
00000022907,2,17592,47
00000034336,2,17593,47
00000070535,2,17610,47
00000064783,2,18002,47
00000040583,2,18511,47
00000079827,2,18904,47
00000052615,2,18977,47
00000042913,2,19245,47
00000066593,2,19594,47
00000088893,2,21122,47
00000000040,2,154,46
00000000547,2,400,46
00000001132,2,431,46
00000002071,2,618,46
00000003459,2,1149,46
00000003891,2,2184,46
00000010306,2,3163,46
00000010799,2,3461,46
00000009993,2,3472,46
00000011589,2,3515,46
00000016414,2,3857,46
00000020217,2,4291,46
00000003229,2,4827,46
00000004577,2,4834,46
00000004507,2,4837,46
00000013729,2,4838,46
00000011727,2,5459,46
00000019204,2,5472,46
00000007630,2,6056,46
00000004124,2,6172,46
00000030685,2,7186,46
00000008797,2,7503,46
00000035044,2,7624,46
00000008764,2,7633,46
00000005905,2,7634,46
00000015826,2,8106,46
00000016512,2,8117,46
00000019725,2,8119,46
00000038313,2,8202,46
00000014212,2,8820,46
00000023711,2,8909,46
00000043034,2,9454,46
00000005161,2,10613,46
00000020713,2,10614,46
00000046108,2,11496,46
00000020168,2,14268,46
00000064631,2,14469,46
00000002391,2,15051,46
00000051627,2,15060,46
00000047754,2,16652,46
00000038460,2,17047,46
00000053139,2,17309,46
00000063353,2,17404,46
00000087150,2,18476,46
00000051429,2,18582,46
00000064198,2,19078,46
00000080585,2,19088,46
00000053206,2,19692,46
00000084861,2,20581,46
00000094059,2,21162,46
00000000006,2,15,45
00000000218,2,246,45
00000002629,2,634,45
00000001063,2,1250,45
00000001698,2,1819,45
00000001119,2,1836,45
00000002750,2,1837,45
00000005015,2,2181,45
00000000002,2,2182,45
00000004298,2,2188,45
00000011229,2,2864,45
00000002565,2,2885,45
00000002676,2,2886,45
00000011994,2,3117,45
00000015097,2,3463,45
00000006364,2,3854,45
00000014099,2,4004,45
00000017638,2,4021,45
00000010631,2,4230,45
00000007246,2,4233,45
00000015155,2,4829,45
00000024053,2,5508,45
00000020651,2,6050,45
00000023789,2,6206,45
00000027874,2,7414,45
00000024726,2,7770,45
00000029736,2,7916,45
00000001450,2,8164,45
00000001977,2,8165,45
00000021097,2,8824,45
00000025288,2,9164,45
00000030892,2,9191,45
00000012347,2,9395,45
00000033484,2,10612,45
00000045076,2,11138,45
00000013712,2,11242,45
00000001644,2,11245,45
00000048482,2,11426,45
00000026645,2,11493,45
00000050984,2,12936,45
00000026889,2,13647,45
00000044121,2,13893,45
00000031227,2,14475,45
00000039204,2,15062,45
00000040622,2,15095,45
00000045359,2,15358,45
00000032567,2,15361,45
00000046256,2,15366,45
00000053601,2,15511,45
00000027877,2,15796,45
00000004183,2,15883,45
00000009244,2,15885,45
00000051270,2,15900,45
00000060785,2,15957,45
00000013481,2,16936,45
00000007441,2,17052,45
00000020508,2,17213,45
00000019112,2,17226,45
00000005209,2,17589,45
00000022216,2,17615,45
00000088084,2,18886,45
00000024687,2,19046,45
00000086543,2,19711,45
00000038624,2,20238,45
00000054704,2,20485,45
00000042436,2,20578,45
00000064563,2,20697,45
00000000767,2,247,44
00000000512,2,630,44
00000002304,2,844,44
00000001752,2,1171,44
00000004124,2,1249,44
00000001242,2,1258,44
00000000386,2,1524,44
00000002018,2,1616,44
00000002586,2,1839,44
00000000503,2,2183,44
00000002811,2,2401,44
00000010223,2,2839,44
00000004297,2,2843,44
00000008768,2,3119,44
00000009643,2,3837,44
00000003007,2,3838,44
00000015761,2,3856,44
00000018345,2,4012,44
00000008291,2,4832,44
00000010668,2,5033,44
00000025402,2,5509,44
00000018538,2,5543,44
00000025047,2,5784,44
00000027333,2,7635,44
00000001967,2,7831,44
00000023315,2,7832,44
00000029196,2,7900,44
00000032599,2,7902,44
00000008098,2,8107,44
00000034082,2,8166,44
00000019621,2,8178,44
00000031966,2,8179,44
00000039096,2,8374,44
00000011674,2,8826,44
00000012229,2,8886,44
00000029894,2,9166,44
00000008087,2,9279,44
00000016271,2,10616,44
00000037060,2,11149,44
00000002407,2,11280,44
00000040038,2,11428,44
00000022902,2,12599,44
00000006750,2,13813,44
00000047581,2,14863,44
00000004825,2,15510,44
00000046766,2,15876,44
00000008875,2,15880,44
00000068896,2,15888,44
00000039116,2,15952,44
00000027165,2,17051,44
00000028618,2,17063,44
00000022907,2,17302,44
00000081172,2,17376,44
00000058585,2,17420,44
00000058534,2,18619,44
00000031956,2,19042,44
00000027661,2,19052,44
00000015589,2,19081,44
00000065563,2,19089,44
00000013892,2,19548,44
00000033159,2,20480,44
00000036264,2,20484,44
00000073901,2,20596,44
00000037061,2,20688,44
00000036796,2,20693,44
00000002787,2,769,43
00000005211,2,1145,43
00000005183,2,1821,43
00000000112,2,1881,43
00000003157,2,2400,43
00000006979,2,2403,43
00000010773,2,3211,43
00000003967,2,3474,43
00000001459,2,3848,43
00000012647,2,4007,43
00000017475,2,4038,43
00000014858,2,4232,43
00000015554,2,4272,43
00000014210,2,4840,43
00000010979,2,5785,43
00000032832,2,7909,43
00000033194,2,8453,43
00000029838,2,8792,43
00000002303,2,8907,43
00000023602,2,9280,43
00000017648,2,9624,43
00000045991,2,10617,43
00000033163,2,11425,43
00000020962,2,12306,43
00000058306,2,12536,43
00000004101,2,12601,43
00000049263,2,12612,43
00000039925,2,13254,43
00000049236,2,13255,43
00000059497,2,14458,43
00000016288,2,14478,43
00000049761,2,14573,43
00000033159,2,14725,43
00000010862,2,14771,43
00000033004,2,15364,43
00000053648,2,16794,43
00000012972,2,17044,43
00000051710,2,17045,43
00000022160,2,17211,43
00000036267,2,17228,43
00000043782,2,17616,43
00000004477,2,18510,43
00000016591,2,18557,43
00000085019,2,18915,43
00000065620,2,18916,43
00000037227,2,19080,43
00000077122,2,19249,43
00000018343,2,19505,43
00000052048,2,19555,43
00000001230,2,20510,43
00000084555,2,20598,43
00000007154,2,20708,43
00000000619,2,216,42
00000002878,2,790,42
00000000562,2,1036,42
00000003000,2,1057,42
00000000045,2,1151,42
00000000002,2,2841,42
00000009822,2,3844,42
00000002112,2,5075,42
00000009916,2,5538,42
00000023866,2,5545,42
00000003923,2,6049,42
00000017317,2,6496,42
00000004727,2,7102,42
00000033744,2,7196,42
00000001116,2,7828,42
00000026540,2,8111,42
00000028059,2,8113,42
00000008832,2,8130,42
00000006125,2,8452,42
00000009093,2,9053,42
00000033091,2,9251,42
00000004956,2,9396,42
00000026793,2,9429,42
00000030424,2,11511,42
00000014177,2,12111,42
00000016264,2,12675,42
00000054196,2,14726,42
00000007985,2,14727,42
00000050856,2,14938,42
00000023488,2,15066,42
00000041859,2,15791,42
00000025472,2,15902,42
00000063260,2,15962,42
00000061014,2,15975,42
00000080053,2,17009,42
00000049675,2,17305,42
00000001716,2,17621,42
00000012080,2,17980,42
00000079570,2,18360,42
00000067879,2,18981,42
00000029044,2,19504,42
00000000888,2,237,41
00000000020,2,249,41
00000000142,2,250,41
00000000371,2,683,41
00000000575,2,760,41
00000005512,2,2847,41
00000011727,2,3213,41
00000016185,2,4010,41
00000013504,2,4049,41
00000017182,2,4145,41
00000010556,2,4276,41
00000013469,2,5506,41
00000006669,2,5537,41
00000003428,2,5546,41
00000018769,2,5824,41
00000016338,2,5825,41
00000027651,2,6175,41
00000002687,2,6179,41
00000023691,2,7216,41
00000019485,2,7217,41
00000024819,2,7836,41
00000027100,2,7920,41
00000019511,2,8115,41
00000014962,2,8122,41
00000029906,2,8642,41
00000016528,2,9048,41
00000011998,2,11516,41
00000040776,2,12527,41
00000030078,2,12623,41
00000036903,2,12624,41
00000010370,2,13265,41
00000055139,2,14443,41
00000065001,2,14572,41
00000068185,2,14930,41
00000049315,2,15513,41
00000031897,2,15887,41
00000037102,2,15903,41
00000027909,2,15966,41
00000059469,2,15976,41
00000034931,2,16654,41
00000019468,2,16962,41
00000023802,2,17057,41
00000032108,2,17062,41
00000009521,2,17212,41
00000029037,2,17218,41
00000030752,2,17225,41
00000067913,2,17230,41
00000014356,2,17403,41
00000050167,2,17605,41
00000031252,2,17979,41
00000055267,2,18350,41
00000010129,2,18623,41
00000061709,2,19501,41
00000005228,2,19502,41
00000038621,2,20488,41
00000003780,2,20707,41
00000044310,2,20711,41
00000000009,2,260,40
00000000636,2,480,40
00000003440,2,792,40
00000002388,2,965,40
00000004593,2,1540,40
00000001233,2,1610,40
00000004896,2,2846,40
00000000044,2,3391,40
00000013771,2,3392,40
00000005409,2,3957,40
00000005082,2,4275,40
00000019617,2,4477,40
00000016273,2,5541,40
00000016554,2,6001,40
00000001903,2,6002,40
00000017039,2,6232,40
00000018753,2,6495,40
00000027565,2,7918,40
00000006549,2,7919,40
00000024556,2,7981,40
00000002419,2,8159,40
00000029389,2,8399,40
00000037551,2,8448,40
00000000349,2,8825,40
00000011875,2,11513,40
00000003113,2,12514,40
00000058462,2,14942,40
00000038436,2,15696,40
00000055112,2,15789,40
00000046905,2,15964,40
00000007241,2,17221,40
00000060428,2,17523,40
00000055650,2,18364,40
00000008706,2,18624,40
00000041908,2,18909,40
00000068529,2,18920,40
00000070662,2,19074,40
00000065870,2,19253,40
00000054854,2,19839,40
00000002665,2,20229,40
00000089630,2,20601,40
00000049998,2,20875,40
00000000064,2,391,39
00000001643,2,412,39
00000002349,2,848,39
00000002482,2,1021,39
00000001620,2,1158,39
00000004331,2,1630,39
00000012586,2,2775,39
00000006741,2,3168,39
00000002005,2,3202,39
00000011460,2,3218,39
00000016628,2,3538,39
00000009214,2,4016,39
00000010479,2,5037,39
00000015069,2,5041,39
00000015132,2,5072,39
00000023281,2,5542,39
00000009911,2,5793,39
00000006581,2,5827,39
00000014023,2,6499,39
00000015768,2,6502,39
00000026418,2,7420,39
00000014751,2,7923,39
00000006731,2,8594,39
00000035294,2,9401,39
00000001103,2,9428,39
00000032318,2,9441,39
00000013614,2,11484,39
00000011285,2,11587,39
00000052964,2,12113,39
00000052964,2,12132,39
00000009093,2,12276,39
00000043297,2,12277,39
00000048658,2,12279,39
00000031566,2,12282,39
00000016028,2,12292,39
00000052246,2,13899,39
00000029844,2,14421,39
00000066370,2,14422,39
00000069196,2,15580,39
00000067036,2,15690,39
00000010223,2,15691,39
00000068987,2,15797,39
00000046185,2,16195,39
00000012112,2,16506,39
00000045247,2,17048,39
00000069013,2,17073,39
00000051045,2,17173,39
00000071279,2,17619,39
00000025255,2,17978,39
00000009479,2,17983,39
00000070160,2,18296,39
00000077654,2,18939,39
00000040797,2,18984,39
00000054947,2,19544,39
00000037826,2,20513,39
00000060480,2,20519,39
00000000699,2,240,38
00000000552,2,254,38
00000003066,2,772,38
00000000371,2,1154,38
00000003664,2,1155,38
00000004128,2,1174,38
00000002137,2,1264,38
00000005119,2,2788,38
00000001143,2,3122,38
00000011148,2,3390,38
00000012106,2,3413,38
00000005623,2,3415,38
00000015066,2,3843,38
00000012222,2,3888,38
00000012886,2,3960,38
00000007833,2,3995,38
00000009343,2,4042,38
00000004789,2,4051,38
00000016607,2,4053,38
00000001698,2,4110,38
00000002738,2,4286,38
00000013738,2,4290,38
00000021216,2,4844,38
00000003889,2,5035,38
00000008066,2,5062,38
00000011134,2,6075,38
00000017513,2,6233,38
00000017423,2,6235,38
00000011842,2,6500,38
00000019762,2,6501,38
00000015457,2,7421,38
00000015871,2,8451,38
00000004487,2,9259,38
00000025473,2,9311,38
00000030469,2,9419,38
00000036556,2,9427,38
00000023948,2,11145,38
00000050291,2,11253,38
00000000253,2,11586,38
00000050372,2,12284,38
00000012057,2,12510,38
00000037405,2,13657,38
00000034589,2,13842,38
00000035075,2,14774,38
00000043923,2,15070,38
00000028522,2,15091,38
00000064295,2,15371,38
00000068298,2,15372,38
00000017212,2,15517,38
00000060380,2,15693,38
00000003829,2,15694,38
00000069280,2,15795,38
00000051095,2,15801,38
00000021785,2,17982,38
00000025107,2,18913,38
00000061631,2,19075,38
00000029314,2,19077,38
00000066856,2,19511,38
00000043923,2,19540,38
00000086798,2,21026,38
00000054665,2,21169,38
00000000437,1,107,37
00000001275,2,642,37
00000002341,2,648,37
00000001362,2,768,37
00000004491,2,1022,37
00000001925,2,1268,37
00000001650,2,1619,37
00000004470,2,1620,37
00000005229,2,1626,37
00000001772,2,3068,37
00000013693,2,3070,37
00000005948,2,3676,37
00000009491,2,3677,37
00000014845,2,5525,37
00000001258,2,5551,37
00000000025,2,5833,37
00000015511,2,6076,37
00000007064,2,6094,37
00000016980,2,6237,37
00000010196,2,6243,37
00000010641,2,6479,37
00000022693,2,6480,37
00000001219,2,6504,37
00000004645,2,7841,37
00000004122,2,8133,37
00000037562,2,8156,37
00000003765,2,9257,37
00000002738,2,12422,37
00000047557,2,12511,37
00000027100,2,12512,37
00000008293,2,12531,37
00000004034,2,12535,37
00000048172,2,12541,37
00000031159,2,12679,37
00000051525,2,13152,37
00000044525,2,13161,37
00000066828,2,14342,37
00000059285,2,14464,37
00000072153,2,15910,37
00000020803,2,16096,37
00000008901,2,16098,37
00000012773,2,17400,37
00000034156,2,17525,37
00000079598,2,17985,37
00000003441,2,18358,37
00000080680,2,18359,37
00000003807,2,18363,37
00000048028,2,18618,37
00000046327,2,18952,37
00000041658,2,19537,37
00000085422,2,20233,37
00000000519,2,424,36
00000001576,2,759,36
00000002599,2,1277,36
00000001176,2,1825,36
00000003002,2,2217,36
00000008442,2,2345,36
00000009568,2,2851,36
00000011189,2,2892,36
00000003100,2,2979,36
00000015016,2,3222,36
00000001733,2,3389,36
00000002413,2,3678,36
00000010399,2,3942,36
00000016180,2,3997,36
00000013968,2,4280,36
00000019863,2,4846,36
00000020953,2,5070,36
00000008542,2,5071,36
00000020962,2,5501,36
00000021606,2,5834,36
00000008281,2,5835,36
00000018496,2,6476,36
00000032539,2,7838,36
00000025760,2,7839,36
00000026032,2,8126,36
00000027704,2,8128,36
00000033316,2,8158,36
00000003798,2,8477,36
00000027969,2,8728,36
00000022494,2,8830,36
00000026482,2,8915,36
00000020431,2,9052,36
00000038273,2,9290,36
00000021537,3,11653,36
00000041026,2,12116,36
00000030730,2,12301,36
00000048358,2,12302,36
00000043464,2,12420,36
00000031433,2,12424,36
00000052119,2,12430,36
00000011829,2,12630,36
00000049752,2,12942,36
00000038316,2,13654,36
00000007778,2,14841,36
00000050047,2,15699,36
00000002932,2,15705,36
00000044915,2,15784,36
00000028379,2,15907,36
00000010710,2,15930,36
00000007367,2,16513,36
00000025760,2,16659,36
00000003780,2,17179,36
00000025183,2,17319,36
00000007244,2,17971,36
00000067793,2,17973,36
00000025267,2,18362,36
00000056117,2,18901,36
00000030206,2,18903,36
00000049608,2,19255,36
00000011356,2,19257,36
00000062868,2,19606,36
00000090446,2,19613,36
00000074669,2,20222,36
00000002071,2,20516,36
00000001260,2,383,35
00000002811,2,1014,35
00000001554,2,1015,35
00000011366,2,3189,35
00000008940,2,3399,35
00000001258,2,3864,35
00000019324,2,5502,35
00000007945,2,5556,35
00000003765,2,5792,35
00000009071,2,5815,35
00000001453,2,6214,35
00000008865,2,7125,35
00000021538,2,7454,35
00000031751,2,7843,35
00000006853,2,8387,35
00000015837,2,8798,35
00000040506,2,10625,35
00000032561,3,11659,35
00000038017,2,12298,35
00000038843,2,12425,35
00000005867,2,12489,35
00000047209,2,12609,35
00000004056,2,12681,35
00000036582,2,13900,35
00000026526,2,15399,35
00000009855,2,15595,35
00000016874,2,15871,35
00000045708,2,15931,35
00000073114,2,16512,35
00000057606,2,17320,35
00000031126,2,17604,35
00000033045,2,18361,35
00000057765,2,18626,35
00000008088,2,18956,35
00000011970,2,19533,35
00000000560,2,417,34
00000000024,2,484,34
00000001377,2,767,34
00000003502,2,776,34
00000001149,2,777,34
00000003027,2,839,34
00000003340,2,2065,34
00000001554,2,3129,34
00000012667,2,3190,34
00000000070,2,3343,34
00000016482,2,4057,34
00000013388,2,4217,34
00000001459,2,4219,34
00000020133,2,4289,34
00000018044,2,4429,34
00000003116,2,4430,34
00000013101,2,4471,34
00000012817,2,4475,34
00000006800,2,4531,34
00000017531,2,4533,34
00000017607,2,5524,34
00000020647,2,5799,34
00000026598,2,6448,34
00000018601,2,6471,34
00000006496,2,6475,34
00000003113,2,6506,34
00000015294,2,6510,34
00000024171,2,6520,34
00000013476,2,8404,34
00000013929,2,9255,34
00000015630,2,9265,34
00000036313,2,9287,34
00000008940,2,11286,34
00000052477,2,11591,34
00000013991,2,12296,34
00000001011,2,12611,34
00000014693,2,12691,34
00000023010,2,12952,34
00000032309,2,13154,34
00000025726,2,14298,34
00000052365,2,15554,34
00000002005,2,15778,34
00000028072,2,15909,34
00000046898,2,16038,34
00000023069,2,16942,34
00000037664,2,17176,34
00000052857,2,17178,34
00000052374,2,17317,34
00000008923,2,17318,34
00000076682,2,17405,34
00000010470,2,17598,34
00000020828,2,17987,34
00000085626,2,18630,34
00000029958,2,19535,34
00000011937,2,19687,34
00000071331,2,20496,34
00000014573,2,20536,34
00000053138,2,20855,34
00000085957,2,21042,34
00000003652,2,840,33
00000004387,2,1269,33
00000000562,2,1279,33
00000003975,2,2067,33
00000007895,2,2211,33
00000002420,2,2343,33
00000015296,2,3344,33
00000013814,2,3490,33
00000006567,2,3493,33
00000003158,2,3682,33
00000000146,2,4058,33
00000004430,2,4141,33
00000015828,2,4216,33
00000002872,2,4432,33
00000006640,2,4481,33
00000015482,2,4482,33
00000004767,2,4483,33
00000010241,2,4534,33
00000004880,2,5484,33
00000001730,2,5486,33
00000016945,2,6522,33
00000027393,2,8237,33
00000014886,2,8238,33
00000015624,2,8405,33
00000031142,2,9264,33
00000028184,2,9323,33
00000035817,2,9325,33
00000004879,2,11155,33
00000049704,2,11546,33
00000032313,2,12119,33
00000052364,2,12273,33
00000010021,2,12288,33
00000044310,2,12426,33
00000045300,2,12519,33
00000036351,2,12523,33
00000043276,2,12569,33
00000057047,2,12683,33
00000004333,2,12797,33
00000021008,2,12980,33
00000001920,2,13160,33
00000030857,2,13649,33
00000055169,2,15708,33
00000000977,2,15716,33
00000061694,2,15768,33
00000002218,2,16039,33
00000067418,2,16650,33
00000072757,2,17316,33
00000079334,2,18528,33
00000045806,2,20524,33
00000050365,2,20537,33
00000000030,2,20706,33
00000064576,2,20981,33
00000000238,2,505,32
00000002867,2,656,32
00000002325,2,657,32
00000000093,2,658,32
00000000164,2,1638,32
00000008430,2,2072,32
00000006482,2,3177,32
00000010696,2,3456,32
00000013598,2,3685,32
00000001956,2,3879,32
00000015069,2,4285,32
00000017541,2,4427,32
00000009527,2,4433,32
00000015911,2,5482,32
00000020304,2,6516,32
00000029475,2,7797,32
00000017842,2,7931,32
00000015978,2,8129,32
00000016893,2,8244,32
00000007884,2,8245,32
00000024665,2,8248,32
00000002468,2,8385,32
00000020239,2,8391,32
00000015949,2,8392,32
00000036503,2,9268,32
00000031678,2,12289,32
00000008641,2,12300,32
00000045903,2,12428,32
00000018001,2,12429,32
00000020344,2,12689,32
00000043881,2,12791,32
00000059054,2,12793,32
00000041676,2,12798,32
00000031753,2,13157,32
00000015579,2,13651,32
00000051035,2,14747,32
00000020613,2,15587,32
00000084522,2,18633,32
00000056076,2,19838,32
00000007616,2,20494,32
00000059134,2,21044,32
00000067714,2,21142,32
00000002015,2,653,31
00000000969,2,660,31
00000000745,2,778,31
00000000814,2,783,31
00000002118,2,1042,31
00000004888,2,1044,31
00000002686,2,1633,31
00000005323,2,1918,31
00000009543,2,3076,31
00000012648,2,3128,31
00000000359,2,3178,31
00000008420,2,3179,31
00000003478,2,3192,31
00000000877,2,3402,31
00000009151,2,3484,31
00000008973,2,4423,31
00000020553,2,4465,31
00000018174,2,4466,31
00000010306,2,4467,31
00000008821,2,4852,31
00000020099,2,5523,31
00000026166,2,5559,31
00000012918,2,6067,31
00000001123,2,6098,31
00000006835,2,6198,31
00000003366,2,7126,31
00000033081,2,8138,31
00000030510,2,8504,31
00000023126,2,8841,31
00000002464,2,9390,31
00000016008,2,9391,31
00000005279,2,10627,31
00000019386,2,11341,31
00000009107,3,11645,31
00000021566,2,12313,31
00000055328,2,12521,31
00000038830,2,12792,31
00000051386,2,14735,31
00000056478,2,14873,31
00000042756,2,15551,31
00000054188,2,15944,31
00000040143,2,16087,31
00000063656,2,16091,31
00000075899,2,16221,31
00000027946,2,16517,31
00000071392,2,16663,31
00000024396,2,16944,31
00000031433,2,18368,31
00000062560,2,18513,31
00000044864,2,18960,31
00000029471,2,19063,31
00000076761,2,19261,31
00000028109,2,19264,31
00000080758,2,19530,31
00000004793,2,20535,31
00000003525,2,20993,31
00000042615,2,21045,31
00000061300,2,21048,31
00000089699,2,21050,31
00000000969,2,198,30
00000002189,2,780,30
00000000038,2,781,30
00000000912,2,1003,30
00000002101,2,1005,30
00000003075,2,3066,30
00000011327,2,3184,30
00000000645,2,3460,30
00000011839,2,3495,30
00000015891,2,3684,30
00000018828,2,4426,30
00000004166,2,4468,30
00000017779,2,4469,30
00000004775,2,4536,30
00000019407,2,5489,30
00000013796,2,5801,30
00000017822,2,6433,30
00000016741,2,7135,30
00000014750,2,7143,30
00000001552,2,7947,30
00000027547,2,8240,30
00000000987,2,8394,30
00000038717,2,8407,30
00000001869,2,8408,30
00000015249,2,9172,30
00000016957,2,9207,30
00000016942,2,12688,30
00000068526,2,14849,30
00000024971,2,14861,30
00000065765,2,15075,30
00000023032,2,15915,30
00000037700,2,15937,30
00000070965,2,17377,30
00000042406,2,17470,30
00000030987,2,17539,30
00000021710,2,18481,30
00000009657,2,18530,30
00000028764,2,19039,30
00000082736,2,19060,30
00000050309,2,19062,30
00000035656,2,19680,30
00000053714,2,20236,30
00000003950,2,20237,30
00000005678,2,20719,30
00000094294,2,20954,30
00000063573,2,21047,30
00000000237,2,423,29
00000001698,2,856,29
00000002391,2,1272,29
00000000065,2,1919,29
00000007007,2,1921,29
00000007315,2,2027,29
00000009107,2,2255,29
00000003226,2,2547,29
00000009489,2,2794,29
00000000075,2,3181,29
00000004955,2,3195,29
00000007281,2,3197,29
00000014750,2,3404,29
00000017025,2,3870,29
00000015181,2,3871,29
00000013814,2,3977,29
00000009703,2,4436,29
00000009130,2,4439,29
00000017039,2,4502,29
00000012017,2,4858,29
00000006227,2,5113,29
00000017891,2,5266,29
00000020691,2,5843,29
00000000556,2,6068,29
00000006222,2,7936,29
00000010855,2,8140,29
00000007372,2,8141,29
00000034198,2,8726,29
00000045809,2,11342,29
00000013384,2,11549,29
00000037549,2,11550,29
00000036453,2,12144,29
00000033274,2,12634,29
00000055309,2,12789,29
00000047146,2,13159,29
00000023345,2,13663,29
00000036246,2,13730,29
00000039614,2,15077,29
00000042590,2,15540,29
00000012040,2,15588,29
00000012586,2,15724,29
00000051153,2,15936,29
00000074396,2,16666,29
00000035115,2,17537,29
00000081191,2,17541,29
00000078277,2,18500,29
00000026032,2,18607,29
00000067782,2,18635,29
00000024733,2,19265,29
00000000526,2,20226,29
00000048405,2,21039,29
00000000050,2,14,28
00000000083,2,233,28
00000001603,2,518,28
00000003530,2,786,28
00000002094,2,1273,28
00000002942,2,1552,28
00000003397,2,1615,28
00000007770,2,1851,28
00000004910,2,1916,28
00000007437,2,2549,28
00000008546,2,3134,28
00000000347,2,3187,28
00000001498,2,3578,28
00000002442,2,3828,28
00000001330,2,3894,28
00000018901,2,4068,28
00000005234,2,4442,28
00000000060,2,4447,28
00000017300,2,5111,28
00000018931,2,5656,28
00000017776,2,6082,28
00000021725,2,6101,28
00000018663,2,6201,28
00000019834,2,6451,28
00000028626,2,6577,28
00000016104,2,7743,28
00000022948,2,7940,28
00000030498,2,8243,28
00000035138,2,8395,28
00000020852,2,8397,28
00000000757,2,8603,28
00000025062,2,8843,28
00000020042,2,8844,28
00000029137,2,9298,28
00000041086,2,9425,28
00000041176,2,9426,28
00000015487,2,10629,28
00000024228,2,11159,28
00000030174,2,11160,28
00000026753,2,11522,28
00000024280,3,11651,28
00000025633,2,12315,28
00000017134,2,12959,28
00000054020,2,13196,28
00000015906,2,15538,28
00000037863,2,15718,28
00000030963,2,15772,28
00000033525,2,15781,28
00000051139,2,15935,28
00000071160,2,16094,28
00000050414,2,16249,28
00000041829,2,16519,28
00000009803,2,16597,28
00000001119,2,16635,28
00000054392,2,16683,28
00000055380,2,17435,28
00000067598,2,17602,28
00000033606,2,18377,28
00000016062,2,18515,28
00000054339,2,18532,28
00000004516,2,19006,28
00000070030,2,19011,28
00000084662,2,19683,28
00000037078,2,20227,28
00000000835,2,202,27
00000000415,2,268,27
00000000437,2,800,27
00000001158,2,1007,27
00000002211,2,1010,27
00000005229,2,1194,27
00000006414,2,2214,27
00000004927,2,2796,27
00000011998,2,2800,27
00000014107,2,3226,27
00000007468,2,3228,27
00000005060,2,3579,27
00000014796,2,3701,27
00000000552,2,4425,27
00000017262,2,4444,27
00000003066,2,4851,27
00000022908,2,6035,27
00000013842,2,6036,27
00000015114,2,6252,27
00000024782,2,6435,27
00000028464,2,6487,27
00000011534,2,7160,27
00000013674,2,7461,27
00000033011,2,7851,27
00000024272,2,8142,27
00000014000,2,9302,27
00000047324,2,11583,27
00000005324,3,11669,27
00000035341,2,12321,27
00000002415,2,12788,27
00000010438,2,12958,27
00000020257,2,13800,27
00000056635,2,15722,27
00000004402,2,15773,27
00000067262,2,15777,27
00000031090,2,15875,27
00000053796,2,15946,27
00000033033,2,15947,27
00000040367,2,15986,27
00000014399,2,16604,27
00000073755,2,17071,27
00000074279,2,17323,27
00000060822,2,17414,27
00000075051,2,17432,27
00000063855,2,17535,27
00000065775,2,18516,27
00000065730,2,18592,27
00000024403,2,19612,27
00000030059,2,20608,27
00000053472,2,20957,27
00000002403,2,697,26
00000003576,2,830,26
00000000606,2,1050,26
00000002497,2,1192,26
00000005042,2,1535,26
00000002107,2,1915,26
00000009756,2,3702,26
00000012609,2,3831,26
00000006958,2,3885,26
00000007050,2,4077,26
00000011392,2,4505,26
00000012652,2,5084,26
00000012908,2,5228,26
00000024280,2,5258,26
00000019753,2,6015,26
00000000608,2,6027,26
00000003403,2,6041,26
00000029123,2,6519,26
00000019573,2,7801,26
00000004049,2,8143,26
00000018397,2,8254,26
00000016177,2,8751,26
00000003655,2,8922,26
00000041132,2,9301,26
00000033357,2,9330,26
00000018577,2,11572,26
00000042235,2,11576,26
00000045424,3,11637,26
00000004842,3,11643,26
00000010002,2,12139,26
00000021250,2,12208,26
00000035782,2,12651,26
00000016717,2,12868,26
00000050227,2,12948,26
00000033152,2,12962,26
00000023838,2,15712,26
00000057381,2,15919,26
00000027977,2,16011,26
00000075709,2,16093,26
00000062826,2,16251,26
00000064418,2,16949,26
00000008518,2,17184,26
00000059057,2,17603,26
00000008859,2,18375,26
00000067142,2,19013,26
00000077946,2,19073,26
00000070247,2,19622,26
00000002040,2,19685,26
00000088339,2,20533,26
00000064594,2,20616,26
00000096961,2,21054,26
00000073342,2,21071,26
00000000553,2,232,25
00000000277,2,236,25
00000000031,2,351,25
00000001591,2,510,25
00000001781,2,1165,25
00000001956,2,1182,25
00000001865,2,1292,25
00000001318,2,1901,25
00000000084,2,2078,25
00000004012,2,2257,25
00000005777,2,2258,25
00000000956,2,2296,25
00000006952,2,2989,25
00000009033,2,3352,25
00000013892,2,3353,25
00000015682,2,3561,25
00000008565,2,3887,25
00000009872,2,4063,25
00000016372,2,4486,25
00000006783,2,5230,25
00000018171,2,5260,25
00000021252,2,6017,25
00000001088,2,6251,25
00000007484,2,6419,25
00000022089,2,6441,25
00000019274,2,6454,25
00000000314,2,6525,25
00000030730,3,6627,25
00000015195,2,7930,25
00000038127,2,8253,25
00000022064,2,8838,25
00000017302,2,8840,25
00000004278,2,8845,25
00000027588,2,9175,25
00000036581,2,9358,25
00000010592,2,11526,25
00000027890,2,11585,25
00000024527,3,11636,25
00000048302,3,11667,25
00000041590,2,12867,25
00000027204,2,12957,25
00000060886,2,12961,25
00000039905,2,13200,25
00000062040,2,13905,25
00000067398,2,14288,25
00000055602,2,14739,25
00000035911,2,15405,25
00000009358,2,15560,25
00000009626,2,15941,25
00000000100,2,15949,25
00000014614,2,16601,25
00000061628,2,16602,25
00000032677,2,17185,25
00000070333,2,20617,25
00000093415,2,20885,25
00000071885,2,20891,25
00000010467,2,20987,25
00000073294,2,21069,25
00000000127,2,32,24
00000000019,2,363,24
00000001961,2,512,24
00000004430,2,1201,24
00000005025,2,1204,24
00000001820,2,1894,24
00000005658,2,2006,24
00000008237,2,2041,24
00000012077,2,3410,24
00000005269,2,3667,24
00000008382,2,3698,24
00000006958,2,3824,24
00000013472,2,3834,24
00000008573,2,3884,24
00000013834,2,3973,24
00000010357,2,4075,24
00000017384,2,4088,24
00000011945,2,4089,24
00000018174,2,4090,24
00000001589,2,4455,24
00000020676,2,4863,24
00000020904,2,4873,24
00000008338,2,5087,24
00000012918,2,5176,24
00000020986,2,5261,24
00000021976,2,5530,24
00000005161,2,5564,24
00000003870,2,6033,24
00000011666,2,6187,24
00000027203,2,6320,24
00000001548,2,6528,24
00000005577,2,7148,24
00000019337,2,7179,24
00000032292,2,7180,24
00000002905,2,7438,24
00000038782,2,8487,24
00000011276,2,8745,24
00000023453,2,8756,24
00000023575,2,9502,24
00000011945,2,10166,24
00000031281,2,10174,24
00000028650,3,11635,24
00000015822,3,11678,24
00000002988,2,12326,24
00000014614,2,12440,24
00000046784,2,12474,24
00000026267,2,12575,24
00000003358,2,12805,24
00000043862,2,12871,24
00000011423,2,13658,24
00000005577,2,14287,24
00000019633,2,14307,24
00000064811,2,15714,24
00000020338,2,15715,24
00000000459,2,15951,24
00000055649,2,16634,24
00000045899,2,16674,24
00000059552,2,16680,24
00000027457,2,16951,24
00000055488,2,18306,24
00000017220,2,19020,24
00000041028,2,19270,24
00000069462,2,20532,24
00000059722,2,20557,24
00000070287,2,20960,24
00000030657,2,21090,24
00000049174,2,21091,24
00000027750,2,21205,24
00000081102,2,21206,24
00000002178,2,21216,24
00000000295,2,211,23
00000001495,2,344,23
00000001068,2,350,23
00000000494,2,803,23
00000003962,2,1054,23
00000001295,2,1055,23
00000004943,2,1193,23
00000008065,2,1899,23
00000009206,2,2007,23
00000000926,2,2224,23
00000007630,2,2831,23
00000003996,2,3669,23
00000016644,2,3696,23
00000000862,2,4066,23
00000018183,2,4451,23
00000005905,2,4452,23
00000002273,2,4454,23
00000010963,2,4496,23
00000012355,2,4498,23
00000011920,2,5124,23
00000010229,2,5257,23
00000020338,2,5563,23
00000005648,2,5566,23
00000015156,2,6029,23
00000011327,2,6030,23
00000007716,2,6074,23
00000008546,2,6399,23
00000021498,2,7130,23
00000018525,2,7439,23
00000025221,2,7644,23
00000037466,2,8145,23
00000028659,2,8410,23
00000013309,2,8611,23
00000011617,2,8849,23
00000045721,2,10168,23
00000044294,2,11172,23
00000013067,2,11344,23
00000021545,3,11686,23
00000048665,2,12271,23
00000057816,2,12804,23
00000006526,2,12809,23
00000048933,2,12865,23
00000056718,2,12873,23
00000000556,2,13202,23
00000014506,2,13666,23
00000000549,2,13671,23
00000035076,2,13850,23
00000018256,2,13913,23
00000006272,2,14306,23
00000069830,2,15807,23
00000068224,2,16608,23
00000010372,2,16677,23
00000075749,2,17413,23
00000041921,2,17430,23
00000050742,2,18373,23
00000067637,2,18520,23
00000070171,2,18534,23
00000049201,2,19010,23
00000088308,2,19069,23
00000082153,2,19272,23
00000073663,2,19519,23
00000017542,2,20884,23
00000000337,2,212,22
00000001622,2,346,22
00000001362,2,347,22
00000001513,2,687,22
00000002649,2,1196,22
00000006951,2,1538,22
00000000022,2,1631,22
00000008871,2,1897,22
00000008706,2,2299,22
00000003351,2,3412,22
00000007518,2,3574,22
00000015027,2,3693,22
00000007050,2,3699,22
00000007155,2,3875,22
00000002555,2,3976,22
00000016238,2,4080,22
00000013756,2,4449,22
00000011836,2,4508,22
00000021277,2,4856,22
00000013411,2,4864,22
00000010869,2,4961,22
00000020962,2,5110,22
00000016690,2,5529,22
00000025968,2,6032,22
00000019270,2,6256,22
00000010794,2,6400,22
00000006006,3,6623,22
00000018968,3,6626,22
00000023628,2,7132,22
00000025026,2,7134,22
00000029245,2,7441,22
00000009715,2,7443,22
00000025846,2,7748,22
00000022298,2,8356,22
00000015664,2,8359,22
00000027888,2,8360,22
00000035911,2,8361,22
00000027710,2,8608,22
00000037187,2,8609,22
00000007053,2,8610,22
00000040660,2,9178,22
00000038659,2,9332,22
00000010750,2,9371,22
00000026568,2,11173,22
00000048821,2,11309,22
00000018063,2,11347,22
00000010898,2,11580,22
00000008466,2,12193,22
00000036929,2,12210,22
00000017776,2,12320,22
00000054448,2,12328,22
00000056562,2,12438,22
00000028070,2,12446,22
00000019059,2,12447,22
00000004612,2,12551,22
00000067142,2,15924,22
00000062781,2,16105,22
00000021688,2,16594,22
00000055879,2,16595,22
00000047833,2,16672,22
00000048164,2,16682,22
00000067091,2,18438,22
00000072253,2,18535,22
00000016591,2,19070,22
00000002116,2,19271,22
00000005550,2,20963,22
00000031173,2,20967,22
00000000041,2,272,21
00000001521,2,353,21
00000002071,2,488,21
00000001330,2,527,21
00000002533,2,815,21
00000001183,2,1200,21
00000003089,2,1203,21
00000003965,2,1900,21
00000004472,2,1905,21
00000003566,2,2032,21
00000006644,2,2226,21
00000010220,2,2555,21
00000013473,2,3138,21
00000012951,2,3240,21
00000007910,2,3593,21
00000007955,2,3836,21
00000014046,2,3954,21
00000017772,2,3956,21
00000004709,2,4073,21
00000015647,2,4493,21
00000020315,2,5186,21
00000000312,2,5273,21
00000004360,2,5493,21
00000025307,2,5570,21
00000013453,2,5591,21
00000006712,2,5631,21
00000018384,2,5633,21
00000020883,2,5634,21
00000026194,2,6359,21
00000027827,2,6422,21
00000024222,2,6493,21
00000008450,2,7019,21
00000016465,2,7175,21
00000008326,2,7659,21
00000029385,3,8383,21
00000035205,2,8413,21
00000040377,2,9388,21
00000022229,3,11677,21
00000053888,3,11683,21
00000042508,3,11684,21
00000039492,2,12218,21
00000013651,2,12578,21
00000018228,2,12580,21
00000012977,2,12640,21
00000059562,2,12658,21
00000046654,2,12700,21
00000014042,2,12701,21
00000011060,2,12785,21
00000040071,2,12786,21
00000044463,2,12965,21
00000021686,2,13225,21
00000012385,2,13668,21
00000055658,3,14118,21
00000048660,2,14297,21
00000027421,2,14310,21
00000000906,2,15548,21
00000034607,2,15549,21
00000023040,2,15732,21
00000036190,2,15790,21
00000011054,2,16239,21
00000046490,2,17325,21
00000047328,2,17550,21
00000010562,2,17551,21
00000077206,2,18451,21
00000020975,2,18597,21
00000005282,2,18612,21
00000057050,2,19609,21
00000072128,2,20619,21
00000032794,2,20620,21
00000084526,2,20890,21
00000033740,2,20897,21
00000000896,2,208,20
00000000253,2,210,20
00000001138,2,349,20
00000000835,2,357,20
00000004541,2,981,20
00000003490,2,1058,20
00000003005,2,1280,20
00000004564,2,1295,20
00000008114,2,1913,20
00000001711,2,1914,20
00000000127,2,2009,20
00000001261,2,2044,20
00000009440,2,2834,20
00000004297,2,3019,20
00000015279,2,3444,20
00000000085,2,3549,20
00000009756,2,3610,20
00000000664,2,3700,20
00000003534,2,3878,20
00000006147,2,4086,20
00000011620,2,4092,20
00000011392,2,4140,20
00000000786,3,4281,20
00000019447,2,4438,20
00000000269,2,4459,20
00000017882,2,4509,20
00000003290,2,5281,20
00000009700,2,5282,20
00000009969,2,5630,20
00000023549,2,5632,20
00000022584,2,6352,20
00000012052,2,6447,20
00000023155,2,6492,20
00000029382,3,6625,20
00000006113,3,6631,20
00000033361,2,7429,20
00000001113,2,8640,20
00000025501,2,8852,20
00000022523,2,9333,20
00000021076,2,9351,20
00000005511,2,9352,20
00000033254,2,9353,20
00000035963,2,9365,20
00000029096,3,9782,20
00000031701,2,10919,20
00000047001,2,11175,20
00000011451,2,11536,20
00000047102,2,11537,20
00000001377,2,12213,20
00000049186,2,12657,20
00000040972,2,12661,20
00000032467,2,12863,20
00000007445,2,12986,20
00000060226,2,13206,20
00000039204,2,15547,20
00000011915,2,15728,20
00000035610,2,15733,20
00000026647,2,16955,20
00000067443,2,18614,20
00000005448,2,19625,20
00000034953,2,19626,20
00000080120,2,20615,20
00000063487,2,20658,20
00000031053,2,20660,20
00000069975,2,20935,20
00000017789,2,21059,20
00000057670,2,21076,20
00000050537,2,21215,20
00000000010,2,173,19
00000001591,2,355,19
00000001550,2,526,19
00000001716,2,669,19
00000007550,2,2004,19
00000008926,2,2997,19
00000004068,2,3140,19
00000013549,2,3141,19
00000000092,2,3560,19
00000008236,2,3671,19
00000006974,2,3981,19
00000018601,2,4096,19
00000017483,2,4123,19
00000005164,2,4128,19
00000014049,2,4460,19
00000017599,3,4595,19
00000015822,3,4596,19
00000021355,2,5180,19
00000004848,2,5184,19
00000005925,2,5236,19
00000022893,2,5271,19
00000022197,2,5636,19
00000002512,2,6013,19
00000012690,2,6325,19
00000027838,2,6326,19
00000006854,2,6387,19
00000014121,2,6414,19
00000024795,2,6417,19
00000016547,2,6424,19
00000009996,2,6427,19
00000002738,2,6533,19
00000025156,2,7167,19
00000018699,2,7176,19
00000031958,2,7654,19
00000014865,2,8260,19
00000002814,3,8380,19
00000026124,3,8381,19
00000035820,3,8382,19
00000029037,2,8416,19
00000034964,3,9195,19
00000017137,2,9356,19
00000013908,2,9567,19
00000004312,3,9784,19
00000047232,2,11265,19
00000001167,3,11676,19
00000026482,2,12128,19
00000056009,2,12150,19
00000021455,2,12191,19
00000055806,2,12197,19
00000027914,2,12582,19
00000000048,2,12583,19
00000007940,2,12706,19
00000051996,2,12862,19
00000032063,2,12979,19
00000043586,3,14617,19
00000023602,2,15669,19
00000011327,2,15731,19
00000050913,2,16124,19
00000017020,2,16256,19
00000071765,2,18617,19
00000001880,2,18998,19
00000017020,2,19647,19
00000079855,2,20999,19
00000055521,2,21087,19
00000000080,2,35,18
00000000420,2,134,18
00000000495,2,163,18
00000000241,2,275,18
00000000857,2,340,18
00000001550,2,341,18
00000001142,2,358,18
00000000017,2,494,18
00000002086,2,530,18
00000001715,2,1190,18
00000001681,2,1929,18
00000003389,2,2052,18
00000001258,2,2227,18
00000008166,2,2237,18
00000006059,2,2239,18
00000006471,2,3022,18
00000008442,3,3157,18
00000012842,2,3239,18
00000007404,2,3446,18
00000005052,2,3532,18
00000016832,2,3585,18
00000001318,2,3611,18
00000003950,2,3612,18
00000013833,2,3644,18
00000004797,2,3706,18
00000016735,2,3728,18
00000000352,2,3729,18
00000009271,2,3730,18
00000003625,2,3986,18
00000019151,2,4125,18
00000001871,2,4871,18
00000014276,3,4922,18
00000012603,3,4944,18
00000017212,2,5194,18
00000011962,2,5238,18
00000003766,2,5277,18
00000021088,2,5280,18
00000007444,2,5434,18
00000004258,2,5594,18
00000021007,2,6108,18
00000023695,2,6330,18
00000029096,2,6355,18
00000009289,2,6425,18
00000024816,3,6634,18
00000007049,3,6640,18
00000001088,3,6642,18
00000013384,2,8263,18
00000003173,2,8353,18
00000020877,2,8355,18
00000037695,3,8379,18
00000005846,2,8759,18
00000009486,2,8776,18
00000009911,2,8855,18
00000018412,2,8856,18
00000016847,3,9761,18
00000031836,3,9786,18
00000028046,3,10471,18
00000051549,2,11298,18
00000048627,2,11383,18
00000030069,2,11384,18
00000038328,2,11538,18
00000040646,2,11545,18
00000045121,2,12151,18
00000051044,2,12196,18
00000042455,2,12207,18
00000042327,2,12508,18
00000025904,2,12554,18
00000001419,2,12707,18
00000052894,2,12812,18
00000043960,3,13511,18
00000056413,2,13808,18
00000032775,2,13833,18
00000013461,2,14856,18
00000004160,3,15776,18
00000066006,2,16111,18
00000018655,2,16112,18
00000055413,2,16647,18
00000042189,2,17188,18
00000071492,2,17419,18
00000054463,2,18383,18
00000016185,2,18499,18
00000078556,2,19019,18
00000084358,2,19275,18
00000044047,2,19627,18
00000086890,2,19646,18
00000052000,3,20788,18
00000021335,2,20896,18
00000087959,2,20964,18
00000036844,2,21038,18
00000070383,2,21097,18
00000000058,2,34,17
00000002128,3,602,17
00000004122,2,1184,17
00000002360,2,1284,17
00000002211,2,1305,17
00000001865,2,1856,17
00000000387,2,1907,17
00000005084,2,2243,17
00000009376,2,2264,17
00000006741,2,2791,17
00000005448,2,3142,17
00000008515,3,3159,17
00000003529,2,3503,17
00000009954,2,3571,17
00000004222,2,3587,17
00000016372,2,3672,17
00000004679,2,3903,17
00000005193,2,3906,17
00000012473,2,4085,17
00000008542,2,4102,17
00000007940,2,4134,17
00000011055,3,4270,17
00000014572,3,4274,17
00000006823,3,4278,17
00000009033,3,4284,17
00000018122,2,4462,17
00000001538,2,4492,17
00000008354,2,4500,17
00000010231,3,4598,17
00000015821,2,4889,17
00000001698,2,4891,17
00000016893,3,4928,17
00000012886,3,4929,17
00000020263,2,5183,17
00000001271,2,5189,17
00000011699,2,5276,17
00000022156,2,5436,17
00000017296,2,5624,17
00000024307,2,5654,17
00000020171,2,5668,17
00000000147,3,5704,17
00000022290,3,5710,17
00000013101,3,5898,17
00000022574,2,6260,17
00000019476,2,6429,17
00000013833,3,6612,17
00000029465,2,7154,17
00000008489,2,7449,17
00000025040,3,7685,17
00000018131,3,7686,17
00000010550,2,7956,17
00000000700,2,8150,17
00000027447,2,8229,17
00000010732,3,8388,17
00000014850,3,8389,17
00000029082,2,8491,17
00000007484,2,8492,17
00000018901,2,8501,17
00000033335,2,8615,17
00000033744,2,8740,17
00000018768,2,8763,17
00000000548,2,8877,17
00000026889,2,8882,17
00000029997,2,9368,17
00000017119,3,9759,17
00000044790,3,9760,17
00000032262,3,9781,17
00000020328,3,9788,17
00000031818,2,11301,17
00000041600,2,11302,17
00000019311,2,11535,17
00000042408,2,11540,17
00000046779,2,12188,17
00000043563,2,12199,17
00000011304,2,12215,17
00000017220,2,12445,17
00000057659,2,12557,17
00000058106,2,12645,17
00000040679,2,12647,17
00000034399,2,12775,17
00000033014,3,12934,17
00000022669,3,12935,17
00000020715,2,13169,17
00000060252,2,13172,17
00000026897,3,13250,17
00000042294,3,13251,17
00000002445,2,13257,17
00000017618,2,14311,17
00000044964,3,14510,17
00000062571,2,14882,17
00000071943,2,15533,17
00000017365,2,15534,17
00000049844,2,15536,17
00000054832,3,15689,17
00000053969,2,16117,17
00000009594,2,16238,17
00000012481,2,16300,17
00000049752,2,16642,17
00000077921,2,17549,17
00000064583,3,17700,17
00000020828,3,18198,17
00000028054,2,18440,17
00000065494,2,18558,17
00000053079,3,18661,17
00000016512,3,18683,17
00000006091,2,19000,17
00000069982,2,20614,17
00000093555,2,20627,17
00000090564,2,21062,17
00000000007,2,11,16
00000000215,2,132,16
00000000078,2,165,16
00000002484,3,603,16
00000002001,2,1210,16
00000003710,3,1253,16
00000000606,2,1545,16
00000003734,2,1546,16
00000001226,2,2013,16
00000007489,2,2048,16
00000002130,2,2236,16
00000009298,2,2295,16
00000009672,2,2996,16
00000000902,2,3245,16
00000002296,2,3433,16
00000016766,2,3588,16
00000009862,2,3820,16
00000000223,2,3983,16
00000010486,2,4138,16
00000020367,2,4514,16
00000005397,3,4587,16
00000018925,3,4589,16
00000009919,3,4925,16
00000021387,2,5143,16
00000008090,2,5239,16
00000001239,2,5284,16
00000003815,2,5440,16
00000017831,2,5496,16
00000001938,2,5626,16
00000022846,2,5665,16
00000020312,2,6025,16
00000011367,2,6226,16
00000012424,2,6402,16
00000014159,2,6470,16
00000028760,3,6622,16
00000001329,3,6638,16
00000009558,3,6639,16
00000004716,3,7293,16
00000010479,2,7949,16
00000024173,2,8366,16
00000015245,2,8880,16
00000012347,3,9767,16
00000043091,3,9776,16
00000038265,3,9779,16
00000021655,3,9780,16
00000045076,3,9792,16
00000010696,3,9995,16
00000048254,2,11168,16
00000051318,2,11299,16
00000003431,2,11355,16
00000026448,2,12187,16
00000039804,2,12217,16
00000054980,2,12268,16
00000043804,2,12587,16
00000006389,3,12615,16
00000035532,2,12656,16
00000050359,2,12673,16
00000044055,2,12989,16
00000036154,2,13211,16
00000026068,2,13218,16
00000012367,3,13514,16
00000007252,3,14028,16
00000024323,3,14102,16
00000029254,3,14514,16
00000024446,3,14604,16
00000068430,3,14605,16
00000062541,3,14616,16
00000004838,2,14776,16
00000008466,2,14839,16
00000060558,2,14855,16
00000042099,3,15190,16
00000051875,3,15193,16
00000028139,3,15194,16
00000061304,3,15684,16
00000069500,2,15736,16
00000010605,2,16122,16
00000001619,2,16245,16
00000041658,2,16959,16
00000056505,2,18385,16
00000031358,2,18387,16
00000014527,2,18562,16
00000058611,3,18680,16
00000043110,3,18681,16
00000090680,3,19960,16
00000016402,2,20626,16
00000060403,2,20733,16
00000026145,2,21098,16
00000072232,2,21211,16
00000000084,2,23,15
00000000408,2,149,15
00000000064,2,280,15
00000001104,2,496,15
00000001942,3,595,15
00000000417,3,596,15
00000001434,3,605,15
00000001716,2,1191,15
00000002258,2,1229,15
00000006509,2,1561,15
00000006362,2,1932,15
00000000082,3,2113,15
00000004627,2,2727,15
00000010733,2,2729,15
00000006164,3,3162,15
00000006089,2,3334,15
00000009298,2,3336,15
00000003907,3,3347,15
00000002291,2,3443,15
00000002687,2,3641,15
00000016816,2,3661,15
00000000509,2,3662,15
00000008798,2,3909,15
00000018222,2,3911,15
00000012541,2,3989,15
00000003996,3,3999,15
00000007437,2,4100,15
00000000560,2,4516,15
00000020146,3,4593,15
00000008475,2,4879,15
00000002497,3,4919,15
00000004623,2,5093,15
00000021258,2,5094,15
00000011226,2,5105,15
00000022151,2,5386,15
00000017505,3,5457,15
00000020252,3,5460,15
00000009011,2,5621,15
00000022342,2,5622,15
00000007692,2,5644,15
00000022626,3,5709,15
00000027072,2,5811,15
00000013982,3,5896,15
00000024433,2,6308,15
00000022515,2,6357,15
00000017949,2,6404,15
00000029954,3,6645,15
00000004075,3,6647,15
00000027764,2,7166,15
00000015552,2,7173,15
00000008745,3,7488,15
00000024151,2,7658,15
00000020715,3,7683,15
00000027789,3,7684,15
00000032167,2,7721,15
00000000103,2,8262,15
00000038993,2,8367,15
00000035950,3,8450,15
00000026275,2,8495,15
00000001643,2,9184,15
00000001419,2,9374,15
00000027877,2,9537,15
00000007887,3,9757,15
00000030991,3,9758,15
00000020150,3,9791,15
00000017032,3,9793,15
00000014589,3,9835,15
00000032508,3,10473,15
00000024158,3,10475,15
00000011425,3,10796,15
00000030206,3,10797,15
00000027698,2,11532,15
00000025811,2,12270,15
00000000036,2,12387,15
00000056779,3,13047,15
00000005763,3,13052,15
00000049932,2,13213,15
00000061543,2,13765,15
00000024183,3,14025,15
00000056230,3,14104,15
00000056531,2,14314,15
00000005003,2,14315,15
00000049608,3,14508,15
00000019426,3,14512,15
00000001925,3,14516,15
00000058018,2,14745,15
00000040703,3,15059,15
00000045225,2,15093,15
00000025339,2,15421,15
00000060852,3,15471,15
00000053405,2,15606,15
00000017511,3,15680,15
00000049279,3,15695,15
00000000345,2,16019,15
00000019509,3,16068,15
00000052131,2,16155,15
00000043464,2,16763,15
00000000179,2,16992,15
00000031469,2,18386,15
00000047494,2,18645,15
00000042020,3,18676,15
00000059393,3,18688,15
00000008075,2,19636,15
00000027559,3,19966,15
00000048683,2,20622,15
00000083462,2,20727,15
00000005180,2,20732,15
00000086174,3,20765,15
00000095637,2,21005,15
00000046152,2,21082,15
00000001961,3,549,14
00000000560,3,555,14
00000002758,3,593,14
00000002085,3,594,14
00000002879,3,722,14
00000002913,2,813,14
00000002148,2,817,14
00000002597,2,1651,14
00000000342,2,1961,14
00000001577,3,2105,14
00000002093,3,2107,14
00000008688,3,2109,14
00000000057,3,2115,14
00000002879,2,2241,14
00000011862,2,2808,14
00000005862,2,3026,14
00000009752,3,3103,14
00000002854,3,3156,14
00000012255,3,3170,14
00000007947,3,3350,14
00000007249,3,3351,14
00000010687,3,3388,14
00000015850,2,3451,14
00000012385,2,3553,14
00000007441,2,3647,14
00000004803,2,3648,14
00000017022,2,3663,14
00000010384,2,3664,14
00000002749,2,3727,14
00000003975,2,3788,14
00000003289,2,3932,14
00000003502,2,3933,14
00000008164,2,4133,14
00000008369,2,4136,14
00000017234,3,4277,14
00000016610,3,4592,14
00000019635,3,4594,14
00000016742,2,4878,14
00000004511,2,4900,14
00000022834,3,4942,14
00000008154,3,4943,14
00000011966,2,5384,14
00000022087,3,5471,14
00000010047,2,5575,14
00000011425,2,5813,14
00000003415,3,5894,14
00000007009,2,6391,14
00000010170,2,6590,14
00000002716,3,6611,14
00000030275,3,6821,14
00000022491,3,6822,14
00000023538,3,7294,14
00000002272,2,7435,14
00000028139,3,7691,14
00000017505,3,7695,14
00000015510,3,7994,14
00000017415,2,8282,14
00000001168,2,8331,14
00000008516,3,8447,14
00000024476,2,8639,14
00000039341,2,9183,14
00000001276,3,9193,14
00000031385,2,9339,14
00000000018,2,9376,14
00000027701,3,9766,14
00000038171,3,9769,14
00000039648,3,9770,14
00000015245,3,9797,14
00000000010,3,9827,14
00000045161,3,9834,14
00000013996,3,9985,14
00000027758,3,10122,14
00000039912,2,11178,14
00000022622,2,11378,14
00000005667,2,11562,14
00000007940,2,11563,14
00000050288,3,11694,14
00000036099,2,12506,14
00000000940,2,12779,14
00000007833,3,13050,14
00000040727,3,13051,14
00000054169,2,13220,14
00000056652,3,13515,14
00000056098,3,13516,14
00000000117,3,13517,14
00000022407,2,13837,14
00000040981,3,14023,14
00000047947,3,14030,14
00000021643,3,14033,14
00000059676,3,14034,14
00000013453,3,14114,14
00000062857,3,14504,14
00000025886,3,15187,14
00000021374,2,15418,14
00000005862,3,15472,14
00000010071,2,15667,14
00000039566,3,15687,14
00000004297,3,15769,14
00000010524,3,15770,14
00000024493,3,15771,14
00000061515,3,15775,14
00000018934,2,16116,14
00000002629,2,16260,14
00000062823,2,16645,14
00000025232,3,16975,14
00000027764,3,17130,14
00000032095,2,17334,14
00000079321,3,17533,14
00000003598,3,17698,14
00000002178,3,18186,14
00000029977,3,18187,14
00000008921,3,18188,14
00000076115,3,18199,14
00000017095,2,18433,14
00000075694,3,18675,14
00000060134,3,18687,14
00000088598,3,19360,14
00000086734,3,19944,14
00000034685,3,19945,14
00000007583,3,20779,14
00000084787,3,20782,14
00000000035,2,27,13
00000000351,2,128,13
00000000173,2,288,13
00000002077,3,592,13
00000001690,3,598,13
00000003274,3,720,13
00000002128,3,723,13
00000003293,3,727,13
00000002396,2,812,13
00000004086,2,985,13
00000003839,2,986,13
00000000202,2,1061,13
00000003537,2,1062,13
00000003599,2,1224,13
00000005421,2,1323,13
00000005279,2,1390,13
00000004792,2,1391,13
00000000425,3,1607,13
00000001603,3,1694,13
00000009584,3,2119,13
00000006398,2,2995,13
00000001072,2,3008,13
00000013199,3,3102,13
00000007947,2,3144,13
00000007691,3,3154,13
00000005867,3,3155,13
00000003019,3,3169,13
00000011512,2,3263,13
00000001210,2,3264,13
00000001797,2,3308,13
00000003397,2,3309,13
00000001781,2,3310,13
00000004128,2,3311,13
00000009234,3,3401,13
00000010256,2,3636,13
00000004112,2,3654,13
00000008447,2,3723,13
00000012184,2,3935,13
00000017335,3,4001,13
00000006742,2,4250,13
00000009052,3,4391,13
00000015367,2,4885,13
00000016318,2,4896,13
00000015254,3,4939,13
00000021686,3,4940,13
00000000248,2,5049,13
00000013500,3,5061,13
00000006644,2,5132,13
00000017891,2,5241,13
00000008882,2,5286,13
00000024094,2,5344,13
00000005855,2,5433,13
00000017713,3,5468,13
00000020824,2,5574,13
00000022104,3,5721,13
00000004165,2,6194,13
00000022216,2,6336,13
00000026343,2,6350,13
00000027866,2,6393,13
00000016840,2,6463,13
00000013591,3,6584,13
00000024337,3,6585,13
00000013142,3,6586,13
00000028163,3,6649,13
00000022574,3,6655,13
00000021393,2,7121,13
00000015650,2,7451,13
00000033070,3,7693,13
00000000831,2,7951,13
00000027442,3,7993,13
00000032129,3,7998,13
00000026187,2,8295,13
00000025982,2,8735,13
00000039701,2,8743,13
00000016160,3,9102,13
00000036083,3,9294,13
00000002988,3,9295,13
00000018405,2,9341,13
00000043901,3,9751,13
00000003804,3,9756,13
00000025667,3,9778,13
00000040061,3,9795,13
00000010983,3,9997,13
00000037526,3,10000,13
00000007664,3,10450,13
00000038254,3,10451,13
00000040101,3,10482,13
00000044710,2,10492,13
00000022624,2,11193,13
00000009213,2,11202,13
00000012656,2,11203,13
00000016397,2,11204,13
00000028624,2,11205,13
00000008097,2,11206,13
00000015123,2,11271,13
00000045406,2,11424,13
00000032667,2,11534,13
00000013027,2,11543,13
00000044405,3,11700,13
00000009938,2,12152,13
00000041086,2,12452,13
00000028733,2,12484,13
00000053693,3,12579,13
00000036645,3,12685,13
00000046433,3,12686,13
00000023828,2,12763,13
00000003667,3,12946,13
00000059198,2,12992,13
00000039883,3,13054,13
00000033838,3,13058,13
00000061458,3,13247,13
00000035532,3,13248,13
00000056058,3,13522,13
00000013756,3,14022,13
00000020293,3,14032,13
00000065186,3,14113,13
00000065736,3,14125,13
00000049153,3,14352,13
00000020338,2,14413,13
00000029691,2,14436,13
00000021785,3,14506,13
00000023201,3,14609,13
00000066568,3,14622,13
00000004969,3,15068,13
00000041750,3,15175,13
00000013595,3,15469,13
00000000238,3,15475,13
00000070477,3,15683,13
00000072121,2,15738,13
00000049774,3,15831,13
00000010045,3,16071,13
00000020074,3,16081,13
00000000002,2,16121,13
00000040481,2,16262,13
00000043786,2,16542,13
00000060827,3,17140,13
00000028195,3,17531,13
00000074228,3,17540,13
00000060094,3,17697,13
00000067577,3,17707,13
00000040802,3,18008,13
00000084094,3,18011,13
00000075222,3,18200,13
00000033779,2,18603,13
00000035994,3,18673,13
00000021989,3,18674,13
00000036642,3,18677,13
00000000556,3,18802,13
00000010699,3,18804,13
00000028576,3,19128,13
00000023555,2,19278,13
00000013744,2,19632,13
00000045926,2,19635,13
00000053147,3,19939,13
00000079130,3,19947,13
00000027822,3,19959,13
00000004346,3,19969,13
00000094127,2,20735,13
00000029270,3,20777,13
00000094853,2,21214,13
00000000001,2,41,12
00000000078,2,118,12
00000000993,2,362,12
00000000032,3,557,12
00000002538,3,719,12
00000002218,3,726,12
00000003303,2,818,12
00000002565,3,1012,12
00000004383,2,1065,12
00000004858,2,1213,12
00000003719,2,1217,12
00000003601,3,1433,12
00000000615,3,1500,12
00000003007,3,1501,12
00000005577,3,1502,12
00000007004,3,1504,12
00000006201,3,1673,12
00000007025,2,1912,12
00000009280,2,2000,12
00000000437,2,2003,12
00000009423,2,2016,12
00000004410,3,2117,12
00000009769,3,2122,12
00000004998,3,2123,12
00000005118,2,2269,12
00000010486,2,2287,12
00000010178,3,2389,12
00000009473,3,2860,12
00000012896,3,2924,12
00000011083,2,3009,12
00000010600,3,3073,12
00000004284,3,3074,12
00000006766,3,3096,12
00000014054,3,3153,12
00000004919,3,3394,12
00000006301,2,3430,12
00000016177,2,3555,12
00000015987,2,3602,12
00000015023,2,3603,12
00000014796,2,3604,12
00000008184,2,3736,12
00000015128,2,3790,12
00000012106,3,3948,12
00000017759,3,4121,12
00000008650,3,4185,12
00000014058,3,4262,12
00000008299,3,4267,12
00000001690,3,4390,12
00000004934,3,4586,12
00000015890,3,4938,12
00000018808,3,4952,12
00000000173,2,5104,12
00000000126,2,5142,12
00000020456,2,5146,12
00000018261,2,5243,12
00000007910,2,5421,12
00000010140,2,5425,12
00000002341,3,5470,12
00000000237,3,5478,12
00000011075,3,5505,12
00000023875,3,5515,12
00000023409,2,5576,12
00000018755,2,6192,12
00000029137,2,6193,12
00000004994,2,6276,12
00000020026,2,6279,12
00000025531,3,6588,12
00000023720,2,6593,12
00000011191,3,6620,12
00000009914,3,6621,12
00000004893,3,6651,12
00000029040,3,6815,12
00000009934,3,6825,12
00000017042,3,7153,12
00000022583,2,7159,12
00000034773,3,7498,12
00000017137,3,7499,12
00000004299,3,7697,12
00000007155,2,7737,12
00000001619,3,7897,12
00000032613,3,7899,12
00000036645,3,8446,12
00000012473,2,8706,12
00000034760,2,8940,12
00000015390,3,9092,12
00000036930,3,9093,12
00000038972,2,9342,12
00000016926,3,9387,12
00000030921,3,9773,12
00000018856,3,9994,12
00000041305,3,9999,12
00000040931,3,10002,12
00000029699,3,10005,12
00000010519,3,10126,12
00000016819,3,10453,12
00000052390,3,11227,12
00000037365,2,11379,12
00000032555,2,11416,12
00000017916,2,12235,12
00000021052,2,12237,12
00000011666,2,12248,12
00000007685,3,12377,12
00000027839,3,12378,12
00000014037,3,12501,12
00000012303,3,12577,12
00000000080,3,12617,12
00000006336,3,12684,12
00000044848,2,12736,12
00000045215,3,12926,12
00000055752,3,12944,12
00000031619,2,12974,12
00000041117,2,13171,12
00000014047,3,13521,12
00000035233,2,13766,12
00000019780,3,14036,12
00000000751,3,14106,12
00000027526,3,14110,12
00000041026,3,14396,12
00000056721,3,14611,12
00000047314,2,14842,12
00000017956,3,15058,12
00000043367,3,15063,12
00000016669,3,15064,12
00000048318,2,15084,12
00000025288,3,15267,12
00000005488,2,15422,12
00000071059,3,15459,12
00000028237,3,15763,12
00000046653,3,15764,12
00000032015,3,15830,12
00000035053,3,16070,12
00000049666,3,16083,12
00000008293,3,16328,12
00000047092,3,16368,12
00000059368,2,16576,12
00000034460,3,16930,12
00000053697,3,16979,12
00000023428,3,17210,12
00000013432,3,17530,12
00000081670,3,18201,12
00000074325,2,18570,12
00000012231,2,18574,12
00000035471,3,18803,12
00000041429,2,19003,12
00000063155,3,19048,12
00000046291,3,19129,12
00000062785,3,19160,12
00000041606,3,19288,12
00000016214,2,19631,12
00000080664,2,19634,12
00000089541,2,19652,12
00000074600,2,19653,12
00000030642,3,19936,12
00000016380,3,19955,12
00000002884,3,20759,12
00000054633,3,20775,12
00000038616,3,20785,12
00000082986,3,20822,12
00000094302,2,20997,12
00000000013,3,28,11
00000000079,2,155,11
00000000036,2,160,11
00000000153,2,333,11
00000001168,2,334,11
00000001550,3,548,11
00000001162,3,559,11
00000002482,3,587,11
00000001323,3,589,11
00000001552,2,674,11
00000002290,3,729,11
00000003702,3,925,11
00000003537,2,998,11
00000003613,3,1013,11
00000003237,2,1066,11
00000002769,2,1232,11
00000000048,2,1233,11
00000002166,2,1235,11
00000001672,3,1261,11
00000005823,3,1263,11
00000004043,3,1266,11
00000002533,3,1499,11
00000003420,2,1549,11
00000001617,3,1582,11
00000007012,3,1583,11
00000001314,3,1598,11
00000005397,3,1600,11
00000003116,3,1602,11
00000006969,3,1606,11
00000001766,3,1680,11
00000003374,3,1681,11
00000004721,3,1686,11
00000003393,3,1698,11
00000007058,3,1699,11
00000000466,3,1733,11
00000001323,3,1735,11
00000006926,3,1736,11
00000007702,3,2062,11
00000001589,3,2098,11
00000002839,3,2099,11
00000001908,3,2118,11
00000003967,3,2121,11
00000002533,2,2246,11
00000002667,2,2247,11
00000006091,3,2387,11
00000010824,3,2456,11
00000009664,3,2457,11
00000005253,3,2923,11
00000011967,2,3007,11
00000014110,3,3075,11
00000005183,3,3097,11
00000012423,3,3099,11
00000000552,3,3100,11
00000013908,3,3216,11
00000002126,3,3217,11
00000011087,2,3332,11
00000009977,2,3363,11
00000014365,2,3365,11
00000014026,3,3393,11
00000012529,3,3398,11
00000004043,3,3400,11
00000014240,3,3459,11
00000012739,2,3607,11
00000014323,2,3609,11
00000015429,2,3617,11
00000009377,2,3651,11
00000017290,3,3689,11
00000010144,2,3823,11
00000007623,3,3952,11
00000013397,3,3955,11
00000015343,3,3969,11
00000004819,3,4009,11
00000001269,3,4011,11
00000014563,3,4188,11
00000011023,3,4269,11
00000010071,3,4389,11
00000003020,3,4602,11
00000008904,3,4607,11
00000018709,2,4903,11
00000018309,3,4953,11
00000011391,2,5097,11
00000001699,2,5098,11
00000023969,2,5164,11
00000009168,3,5256,11
00000000860,3,5466,11
00000013446,3,5476,11
00000022226,2,5642,11
00000010674,2,6275,11
00000014506,3,6323,11
00000025333,3,6324,11
00000007377,2,6343,11
00000000987,3,6583,11
00000012331,2,6594,11
00000008618,3,6652,11
00000015601,3,6820,11
00000013595,3,7155,11
00000018532,3,7296,11
00000034446,3,7500,11
00000009750,3,7541,11
00000008846,3,7543,11
00000025535,3,7991,11
00000007453,3,8002,11
00000011546,2,8342,11
00000033497,2,8370,11
00000000127,3,8456,11
00000009435,3,8513,11
00000006129,3,8533,11
00000030339,2,8734,11
00000034446,2,8884,11
00000021621,3,9203,11
00000000059,3,9204,11
00000042697,3,9288,11
00000031628,3,9291,11
00000030481,3,9389,11
00000024776,3,9490,11
00000042697,3,9491,11
00000012876,2,9529,11
00000029491,2,9538,11
00000011444,3,9754,11
00000007794,3,9801,11
00000023925,3,9824,11
00000006370,3,9825,11
00000045464,3,9833,11
00000007894,3,10332,11
00000014506,3,10335,11
00000042557,3,10847,11
00000040703,3,10849,11
00000008338,2,11198,11
00000016845,2,11200,11
00000031559,3,11252,11
00000011388,2,11270,11
00000025268,2,11387,11
00000037754,3,11702,11
00000039386,3,11927,11
00000040976,2,12179,11
00000007453,3,12398,11
00000035556,3,12402,11
00000035650,3,12403,11
00000052319,3,12404,11
00000019885,2,12454,11
00000021561,3,12503,11
00000015137,3,12607,11
00000038941,3,12690,11
00000040264,2,12729,11
00000029930,2,12774,11
00000059979,2,12830,11
00000016177,2,12833,11
00000035052,2,12834,11
00000041801,3,12939,11
00000059566,3,12940,11
00000022374,3,13934,11
00000021293,3,14020,11
00000055344,3,14109,11
00000065395,3,14112,11
00000061041,3,14117,11
00000008454,3,14351,11
00000004748,3,14353,11
00000061025,3,14596,11
00000018374,3,14613,11
00000063936,3,14630,11
00000024903,3,14976,11
00000041011,3,14977,11
00000034634,3,15067,11
00000000987,3,15271,11
00000025224,3,15393,11
00000036239,3,15458,11
00000003027,3,15462,11
00000045114,2,15611,11
00000013344,3,15700,11
00000022203,3,15703,11
00000038301,3,15707,11
00000070789,3,15767,11
00000029132,3,16066,11
00000038913,3,16078,11
00000018793,3,16084,11
00000024631,2,16266,11
00000067177,3,16295,11
00000006911,3,16327,11
00000062704,2,16614,11
00000015562,3,16972,11
00000007021,2,17506,11
00000081316,2,17507,11
00000022798,3,17695,11
00000062139,3,18036,11
00000046044,3,18197,11
00000079988,3,18283,11
00000085078,2,18605,11
00000058629,3,18667,11
00000052897,3,18670,11
00000013513,2,19004,11
00000078378,2,19005,11
00000015824,3,19049,11
00000041227,3,19050,11
00000043906,3,19211,11
00000070847,3,19216,11
00000029674,3,19218,11
00000031202,2,19655,11
00000086119,2,19658,11
00000025026,3,19682,11
00000049826,3,19949,11
00000054250,3,19965,11
00000003428,2,20730,11
00000041189,3,20820,11
00000072496,3,21171,11
00000001160,2,331,10
00000000403,3,339,10
00000001092,3,342,10
00000000028,2,377,10
00000001453,3,389,10
00000000408,2,499,10
00000000826,3,579,10
00000000017,3,582,10
00000000114,3,608,10
00000000386,3,609,10
00000002772,3,713,10
00000001849,3,808,10
00000001576,2,835,10
00000003021,2,836,10
00000002913,3,922,10
00000003715,2,1236,10
00000000857,2,1238,10
00000003907,3,1251,10
00000005109,3,1260,10
00000004709,3,1385,10
00000006497,3,1588,10
00000001134,3,1603,10
00000005728,3,1609,10
00000002335,3,1672,10
00000004165,3,1679,10
00000001591,3,1685,10
00000001279,3,1701,10
00000006257,3,1702,10
00000003362,3,1706,10
00000001295,3,1737,10
00000004654,3,1775,10
00000007514,3,1874,10
00000000100,3,2036,10
00000002623,3,2069,10
00000009033,3,2070,10
00000001718,3,2918,10
00000003929,3,2921,10
00000010783,2,3030,10
00000005636,2,3039,10
00000009372,3,3072,10
00000000503,3,3172,10
00000007315,3,3176,10
00000000431,3,3219,10
00000010219,2,3256,10
00000004821,2,3266,10
00000006432,2,3273,10
00000013823,2,3505,10
00000010319,2,3620,10
00000000060,3,3947,10
00000015978,3,3951,10
00000018261,3,4126,10
00000011974,3,4193,10
00000010170,3,4714,10
00000018840,3,4806,10
00000010305,3,4807,10
00000017814,2,4905,10
00000022368,3,4917,10
00000012222,3,4951,10
00000012363,3,4968,10
00000007218,3,4969,10
00000010837,3,5068,10
00000005253,2,5101,10
00000019207,2,5140,10
00000004230,2,5171,10
00000007601,2,5199,10
00000016265,3,5259,10
00000008415,3,5480,10
00000019566,3,5517,10
00000010449,3,5518,10
00000014156,3,5698,10
00000019088,3,5718,10
00000018430,3,5724,10
00000015761,3,5842,10
00000024971,3,5879,10
00000014879,3,5979,10
00000016776,3,6138,10
00000005283,3,6310,10
00000006721,2,6313,10
00000013462,2,6342,10
00000003321,3,6575,10
00000001233,3,6818,10
00000018775,3,7288,10
00000002370,3,7292,10
00000028077,3,7404,10
00000030058,3,7405,10
00000007946,3,7407,10
00000020939,2,7453,10
00000020600,3,7467,10
00000005866,3,7492,10
00000001339,3,7699,10
00000025638,3,8001,10
00000011540,3,8042,10
00000033626,3,8252,10
00000031421,2,8300,10
00000030578,3,8457,10
00000032512,2,8752,10
00000036599,2,8861,10
00000005917,2,8892,10
00000013783,3,8961,10
00000025183,3,8964,10
00000034154,3,9101,10
00000014686,3,9192,10
00000034271,3,9214,10
00000030714,3,9215,10
00000014933,3,9216,10
00000002416,3,9382,10
00000021915,3,9383,10
00000043866,3,9489,10
00000031929,3,9522,10
00000022948,3,9648,10
00000040089,3,9666,10
00000024099,3,9668,10
00000018637,3,9669,10
00000031792,3,9672,10
00000024304,3,9772,10
00000046714,3,10004,10
00000032737,3,10033,10
00000031279,3,10394,10
00000034913,3,10650,10
00000033800,3,10738,10
00000007218,3,11235,10
00000046133,2,11354,10
00000004767,2,11389,10
00000004736,2,11400,10
00000049596,3,11699,10
00000055364,2,12267,10
00000053717,3,12381,10
00000040935,3,12400,10
00000017175,3,12608,10
00000056584,3,12619,10
00000006845,3,12692,10
00000055804,3,12693,10
00000041905,2,12766,10
00000030830,2,12782,10
00000050927,2,12816,10
00000018583,2,12821,10
00000004754,3,13099,10
00000028949,2,13189,10
00000027547,2,13216,10
00000050853,2,13221,10
00000049010,3,13526,10
00000002678,3,13594,10
00000053534,3,13595,10
00000006854,3,13930,10
00000056144,3,13933,10
00000053443,3,13989,10
00000029816,3,14183,10
00000034258,2,14429,10
00000050750,2,14439,10
00000062733,2,14440,10
00000006854,3,14603,10
00000054319,3,14615,10
00000023709,3,14626,10
00000065804,3,14633,10
00000006487,3,14903,10
00000027477,3,14968,10
00000031303,3,15266,10
00000048557,3,15270,10
00000030162,3,15277,10
00000012879,3,15391,10
00000072227,3,15461,10
00000060765,3,15466,10
00000050749,2,15647,10
00000041878,3,15706,10
00000066199,3,15709,10
00000063725,2,15739,10
00000014650,3,15774,10
00000026431,3,15837,10
00000014920,3,16067,10
00000000431,3,16074,10
00000008618,3,16326,10
00000062209,3,16333,10
00000039380,3,16372,10
00000049989,3,16600,10
00000020978,3,16675,10
00000032044,3,16721,10
00000000487,2,16814,10
00000003574,3,16924,10
00000033372,3,16928,10
00000051825,3,16929,10
00000040659,2,16990,10
00000063548,3,17018,10
00000064051,2,17472,10
00000015585,2,17522,10
00000015358,3,17538,10
00000013397,3,17857,10
00000055305,3,18015,10
00000012786,3,18135,10
00000024455,3,18136,10
00000039241,2,18327,10
00000081830,2,18396,10
00000013095,2,18410,10
00000023409,2,18446,10
00000043075,3,18552,10
00000043464,3,18554,10
00000022382,3,18696,10
00000006433,3,18872,10
00000071359,3,18873,10
00000079576,3,18874,10
00000070574,3,18917,10
00000086359,2,19055,10
00000042835,3,19136,10
00000075608,3,19359,10
00000062087,3,19364,10
00000056863,3,19684,10
00000092692,3,19932,10
00000091298,3,20457,10
00000073408,2,20631,10
00000019457,2,20652,10
00000043499,3,20819,10
00000041455,3,21028,10
00000095744,3,21030,10
00000036355,3,21033,10
00000069801,2,21065,10
00000084248,3,21075,10
00000001453,3,21089,10
00000035082,3,21164,10
00000001138,3,21175,10
00000000081,3,26,9
00000000052,2,31,9
00000000739,2,180,9
00000000915,3,228,9
00000000027,3,266,9
00000001862,3,546,9
00000001168,3,619,9
00000002069,3,625,9
00000003245,3,718,9
00000002594,2,992,9
00000002353,3,1009,9
00000002137,3,1016,9
00000000530,3,1051,9
00000002189,3,1052,9
00000000890,2,1388,9
00000006417,3,1478,9
00000004178,3,1483,9
00000006693,3,1508,9
00000002268,3,1586,9
00000004043,3,1587,9
00000004673,3,1605,9
00000006307,2,1657,9
00000006643,2,1658,9
00000003017,3,1670,9
00000006572,3,1688,9
00000004729,3,1808,9
00000006277,3,1812,9
00000000374,2,1945,9
00000001628,3,1960,9
00000008573,2,1988,9
00000002246,3,2025,9
00000002268,3,2026,9
00000008354,3,2068,9
00000006471,3,2077,9
00000004516,3,2460,9
00000006113,3,2504,9
00000011055,3,2613,9
00000000389,3,2658,9
00000003063,3,2837,9
00000004371,3,2838,9
00000002391,3,2856,9
00000012070,3,2884,9
00000003215,3,2985,9
00000002326,2,3045,9
00000000044,2,3056,9
00000010303,2,3058,9
00000014046,2,3059,9
00000002846,2,3061,9
00000013393,3,3078,9
00000014178,3,3166,9
00000012329,2,3237,9
00000000241,2,3319,9
00000010562,3,3346,9
00000001892,3,3356,9
00000006963,3,3387,9
00000007336,3,3409,9
00000004508,3,3462,9
00000002846,2,3557,9
00000008869,2,3652,9
00000012140,2,3819,9
00000005626,3,3946,9
00000012215,3,3950,9
00000008454,3,3972,9
00000018397,3,4006,9
00000013371,3,4184,9
00000005170,3,4359,9
00000015123,3,4399,9
00000007377,3,4400,9
00000017643,3,4448,9
00000012502,3,4585,9
00000016101,3,4606,9
00000017263,3,4615,9
00000014065,3,4772,9
00000003483,3,4773,9
00000003514,3,4774,9
00000000147,2,4884,9
00000004481,2,5141,9
00000002326,2,5246,9
00000023271,3,5263,9
00000021656,3,5275,9
00000016685,2,5295,9
00000015465,2,5392,9
00000023319,2,5428,9
00000020968,2,5500,9
00000019203,3,5514,9
00000020163,3,5547,9
00000013775,2,5601,9
00000018330,2,5620,9
00000018301,2,5650,9
00000022294,3,5699,9
00000013874,3,5700,9
00000017592,3,5841,9
00000015620,3,5976,9
00000008442,3,5978,9
00000021393,3,6134,9
00000022089,3,6140,9
00000023368,3,6141,9
00000015647,3,6144,9
00000028879,2,6286,9
00000020711,2,6287,9
00000022753,3,6327,9
00000015001,2,6367,9
00000019447,2,6396,9
00000021012,2,6398,9
00000006002,3,6474,9
00000020309,3,6509,9
00000020424,3,6654,9
00000004984,3,6984,9
00000013364,3,7038,9
00000000833,3,7202,9
00000018303,3,7256,9
00000003219,3,7286,9
00000031725,3,7287,9
00000033278,3,7290,9
00000007580,3,7291,9
00000008871,3,7466,9
00000021425,3,7497,9
00000035233,3,7704,9
00000004616,2,7793,9
00000024036,2,7969,9
00000014490,3,8169,9
00000020008,3,8251,9
00000026548,2,8269,9
00000020082,2,8285,9
00000004516,3,8357,9
00000011546,3,8518,9
00000002112,3,8519,9
00000030960,2,8620,9
00000002272,2,8648,9
00000017415,2,8654,9
00000014224,3,8719,9
00000006227,3,8720,9
00000023816,2,8730,9
00000018216,3,8806,9
00000009174,3,8960,9
00000027703,3,8963,9
00000030992,3,9104,9
00000022333,3,9105,9
00000013908,3,9145,9
00000020501,3,9235,9
00000000415,3,9283,9
00000017958,3,9284,9
00000011281,3,9285,9
00000005975,3,9394,9
00000036567,3,9477,9
00000034546,3,9590,9
00000032005,3,9650,9
00000004140,3,9823,9
00000009636,3,9832,9
00000040021,3,9884,9
00000013721,3,9931,9
00000026105,3,9935,9
00000028106,3,10031,9
00000008306,3,10204,9
00000042418,3,10338,9
00000019382,3,10653,9
00000027204,3,10719,9
00000010306,3,10804,9
00000021703,3,10922,9
00000019274,3,10970,9
00000033950,3,11220,9
00000012877,3,11226,9
00000004286,2,11328,9
00000035659,3,11445,9
00000030496,3,11558,9
00000041326,2,12183,9
00000017193,2,12251,9
00000000915,2,12386,9
00000031925,2,12408,9
00000052966,3,12500,9
00000045754,2,12568,9
00000055970,3,12610,9
00000047768,2,12713,9
00000029311,2,12733,9
00000049929,2,12768,9
00000049477,2,12818,9
00000005867,3,12859,9
00000058636,2,12880,9
00000060061,2,12881,9
00000048595,2,12913,9
00000049070,3,12943,9
00000015556,3,13101,9
00000055033,3,13259,9
00000001854,3,13596,9
00000006178,3,13597,9
00000003243,3,13598,9
00000046452,3,13599,9
00000017193,3,13695,9
00000044414,3,13927,9
00000042076,3,13992,9
00000000058,3,14019,9
00000000211,3,14099,9
00000028485,3,14100,9
00000040496,3,14130,9
00000051142,3,14186,9
00000009038,3,14361,9
00000018859,2,14378,9
00000053157,3,14594,9
00000017573,3,14595,9
00000065194,3,14629,9
00000063321,3,14634,9
00000060600,3,14636,9
00000032005,3,14731,9
00000038992,2,14782,9
00000024036,3,15203,9
00000064944,2,15654,9
00000017268,3,15702,9
00000057282,3,15760,9
00000069769,3,15762,9
00000041080,3,15839,9
00000027282,3,15844,9
00000054771,3,16040,9
00000049726,3,16045,9
00000032048,3,16062,9
00000046016,3,16077,9
00000005060,3,16293,9
00000054334,3,16299,9
00000060929,3,16322,9
00000055770,3,16323,9
00000021767,3,16331,9
00000052897,2,16591,9
00000046942,3,16673,9
00000033428,3,16925,9
00000059630,3,16984,9
00000059355,3,17135,9
00000073207,3,17293,9
00000026497,3,17853,9
00000035347,3,17962,9
00000034328,3,17972,9
00000063903,3,18038,9
00000018216,3,18194,9
00000033252,3,18196,9
00000036239,3,18280,9
00000063103,2,18315,9
00000017977,2,18397,9
00000087404,3,18632,9
00000025118,3,18693,9
00000031303,3,18808,9
00000002698,3,18857,9
00000044776,3,18870,9
00000062444,3,18871,9
00000058319,2,19057,9
00000076998,3,19159,9
00000088826,3,19935,9
00000073959,3,20270,9
00000093650,3,20271,9
00000013388,3,20396,9
00000037378,2,20645,9
00000009279,3,20762,9
00000060901,2,20946,9
00000020790,3,21029,9
00000043717,3,21032,9
00000057529,3,21034,9
00000088010,3,21035,9
00000051231,2,21066,9
00000082986,3,21166,9
00000000663,2,184,8
00000000003,3,252,8
00000001042,3,253,8
00000000011,3,257,8
00000000223,3,265,8
00000000325,3,345,8
00000000902,3,430,8
00000000730,3,466,8
00000001790,3,529,8
00000001942,3,562,8
00000002388,3,586,8
00000002001,2,702,8
00000003020,3,717,8
00000001261,3,930,8
00000002351,3,931,8
00000001749,2,995,8
00000001400,3,1017,8
00000002501,3,1048,8
00000004964,3,1199,8
00000003360,2,1222,8
00000002101,2,1239,8
00000001254,2,1240,8
00000001566,3,1271,8
00000005996,3,1422,8
00000005678,3,1426,8
00000004803,3,1477,8
00000003777,3,1498,8
00000003652,3,1539,8
00000006862,3,1684,8
00000000956,3,1691,8
00000003562,3,1693,8
00000003859,3,1705,8
00000007986,3,1707,8
00000000018,3,1806,8
00000002476,3,1811,8
00000003000,2,1947,8
00000004113,2,1952,8
00000000626,3,1962,8
00000005081,2,1979,8
00000003200,2,1980,8
00000007000,3,2039,8
00000008892,3,2040,8
00000004725,3,2066,8
00000005209,3,2266,8
00000010618,3,2375,8
00000002415,3,2398,8
00000009558,3,2399,8
00000009279,3,2601,8
00000011121,3,2611,8
00000009528,3,2653,8
00000008512,2,2723,8
00000009515,3,2741,8
00000007711,3,2857,8
00000012647,3,2859,8
00000008542,3,2877,8
00000010449,3,2881,8
00000013311,3,2882,8
00000003402,3,2987,8
00000007375,3,2988,8
00000003876,2,3037,8
00000011982,3,3071,8
00000001369,3,3095,8
00000007280,2,3148,8
00000000164,3,3175,8
00000009051,2,3261,8
00000008466,3,3360,8
00000014418,3,3445,8
00000012789,2,3508,8
00000006245,2,3657,8
00000004673,2,3658,8
00000002264,2,3713,8
00000013393,3,3726,8
00000007907,2,3739,8
00000017401,2,3795,8
00000017200,3,3816,8
00000011680,3,3974,8
00000010563,3,4008,8
00000017524,3,4014,8
00000001869,3,4120,8
00000001984,3,4183,8
00000018873,3,4266,8
00000014990,3,4293,8
00000014923,3,4296,8
00000005984,3,4349,8
00000003866,3,4388,8
00000012893,3,4396,8
00000007725,3,4470,8
00000020190,3,4474,8
00000005984,3,4476,8
00000010273,3,4604,8
00000006845,3,4605,8
00000009818,3,4768,8
00000009137,3,4771,8
00000018517,3,4957,8
00000015409,3,4963,8
00000018101,3,4988,8
00000001548,3,5002,8
00000021230,3,5060,8
00000016938,3,5067,8
00000013513,3,5116,8
00000008764,3,5253,8
00000010049,3,5255,8
00000023636,3,5262,8
00000022225,2,5348,8
00000017782,3,5366,8
00000011970,2,5430,8
00000014339,3,5513,8
00000013050,3,5599,8
00000015589,3,5600,8
00000003513,2,5619,8
00000021798,2,5647,8
00000011850,2,5649,8
00000025652,3,5702,8
00000014919,3,5735,8
00000001143,3,5909,8
00000007155,3,6309,8
00000026583,3,6321,8
00000006348,3,6322,8
00000008097,2,6410,8
00000003340,3,6484,8
00000024700,3,6485,8
00000021638,3,6488,8
00000019067,2,6539,8
00000016793,3,6708,8
00000016652,3,6737,8
00000014183,3,6954,8
00000000513,3,7089,8
00000032895,3,7120,8
00000014319,3,7198,8
00000013461,3,7201,8
00000003411,3,7302,8
00000018451,3,7303,8
00000003991,3,7400,8
00000004081,3,7487,8
00000000446,3,7528,8
00000001582,3,7531,8
00000034813,3,7557,8
00000022664,3,7561,8
00000032054,3,7751,8
00000000562,3,7753,8
00000018935,2,7767,8
00000033720,2,7794,8
00000031469,3,7870,8
00000024661,2,7968,8
00000005324,3,7983,8
00000018224,3,8005,8
00000024337,3,8398,8
00000009807,2,8431,8
00000004244,2,8628,8
00000007481,2,8656,8
00000036819,2,8660,8
00000016926,3,8957,8
00000030628,3,8958,8
00000027034,3,9107,8
00000004819,3,9116,8
00000017879,3,9117,8
00000021505,3,9144,8
00000036230,3,9292,8
00000026105,3,9349,8
00000028366,3,9350,8
00000031077,3,9386,8
00000004767,3,9496,8
00000041011,2,9532,8
00000038609,2,9533,8
00000023713,3,9564,8
00000038436,3,9565,8
00000037897,3,9566,8
00000025039,3,9570,8
00000022064,3,9811,8
00000010261,3,9841,8
00000028129,3,9886,8
00000007525,3,10303,8
00000009146,3,10324,8
00000022747,3,10389,8
00000013647,3,10391,8
00000030816,3,10392,8
00000017779,3,10400,8
00000032075,3,10469,8
00000039491,3,10646,8
00000025214,3,10724,8
00000024200,3,10972,8
00000023223,3,11006,8
00000049732,3,11218,8
00000028264,3,11222,8
00000020368,3,11841,8
00000050709,3,12052,8
00000020389,2,12160,8
00000001039,2,12161,8
00000015294,2,12185,8
00000008274,2,12336,8
00000016688,2,12385,8
00000048240,2,12458,8
00000032948,3,12496,8
00000002814,2,12564,8
00000056807,3,12586,8
00000009779,3,12595,8
00000047424,3,12596,8
00000015837,3,12597,8
00000047511,3,12606,8
00000027621,3,12639,8
00000018330,2,12669,8
00000036617,3,12678,8
00000046575,3,12697,8
00000015329,2,12735,8
00000051549,2,12750,8
00000036141,2,12752,8
00000011392,2,12759,8
00000006395,2,12884,8
00000031296,2,12911,8
00000053325,3,12931,8
00000035341,3,12932,8
00000044164,3,12933,8
00000061224,3,13046,8
00000014151,3,13111,8
00000046394,3,13119,8
00000055386,3,13124,8
00000041019,2,13217,8
00000020427,3,13509,8
00000036365,3,13510,8
00000022062,3,13694,8
00000021799,2,13771,8
00000036642,3,13830,8
00000054460,3,13832,8
00000016491,2,13847,8
00000025459,3,13872,8
00000000048,3,13929,8
00000015016,3,13940,8
00000060389,3,13997,8
00000004426,3,14357,8
00000017026,2,14380,8
00000049896,3,14400,8
00000036193,3,14503,8
00000049704,3,14564,8
00000041533,3,14570,8
00000062932,3,14571,8
00000020119,3,14600,8
00000058475,3,14691,8
00000054357,2,14858,8
00000062812,3,14896,8
00000028215,3,14984,8
00000056567,3,15090,8
00000003219,3,15167,8
00000025589,3,15202,8
00000017700,3,15428,8
00000006736,3,15545,8
00000024151,2,15613,8
00000072908,3,15829,8
00000019717,3,15841,8
00000056477,3,16017,8
00000028244,3,16042,8
00000022758,3,16047,8
00000055934,3,16051,8
00000037828,3,16059,8
00000040690,3,16060,8
00000013050,3,16064,8
00000027846,3,16080,8
00000072059,2,16131,8
00000046779,3,16378,8
00000042734,3,16379,8
00000040751,3,16603,8
00000067300,2,16616,8
00000031508,2,16630,8
00000016397,3,16678,8
00000068682,3,16725,8
00000054219,3,17138,8
00000038869,3,17197,8
00000008348,3,17201,8
00000053186,3,17257,8
00000022981,2,17349,8
00000075654,3,17402,8
00000043156,3,17501,8
00000065039,2,17555,8
00000018862,3,17586,8
00000002947,3,17588,8
00000067653,3,17712,8
00000058024,3,17866,8
00000034163,3,17963,8
00000037588,3,17964,8
00000082895,3,17974,8
00000059902,3,17975,8
00000069632,3,18007,8
00000025056,3,18035,8
00000032173,3,18278,8
00000047877,3,18281,8
00000078069,3,18282,8
00000082463,3,18301,8
00000039301,3,18341,8
00000020418,2,18398,8
00000077253,2,18437,8
00000033603,2,18486,8
00000079089,3,18659,8
00000082756,3,18783,8
00000085997,3,18800,8
00000041938,3,18819,8
00000017543,3,18854,8
00000056246,3,18876,8
00000061025,3,18877,8
00000035082,3,19122,8
00000003978,3,19123,8
00000024886,3,19124,8
00000019734,3,19127,8
00000068959,3,19132,8
00000008476,3,19158,8
00000049136,3,19184,8
00000059821,3,19186,8
00000018031,3,19206,8
00000046453,3,19316,8
00000009227,3,19335,8
00000072213,3,19336,8
00000053899,3,19436,8
00000025084,3,19438,8
00000058407,3,19439,8
00000048082,3,19440,8
00000021209,2,19527,8
00000070131,3,19686,8
00000043075,3,19781,8
00000081714,3,19800,8
00000064069,3,19801,8
00000030477,3,19804,8
00000083581,3,19973,8
00000051524,3,20259,8
00000006449,3,20383,8
00000031878,3,20395,8
00000005383,3,20520,8
00000031021,2,20634,8
00000096189,2,20644,8
00000070365,2,20650,8
00000066291,2,20675,8
00000036617,3,20771,8
00000077391,3,20829,8
00000054482,3,20830,8
00000057651,3,20979,8
00000000822,3,21027,8
00000069055,3,21037,8
00000090577,3,21088,8
00000006704,3,21170,8
00000000001,3,24,7
00000000207,2,44,7
00000000034,3,133,7
00000000038,3,157,7
00000000146,2,182,7
00000000696,2,183,7
00000000179,3,226,7
00000000337,3,227,7
00000000345,3,231,7
00000000723,3,255,7
00000000977,3,256,7
00000000870,3,259,7
00000000466,3,264,7
00000000741,3,311,7
00000001132,2,321,7
00000001018,3,348,7
00000001711,2,380,7
00000001313,3,415,7
00000001143,3,422,7
00000001115,3,467,7
00000002360,3,543,7
00000001923,3,623,7
00000000051,3,624,7
00000000324,2,701,7
00000000739,3,732,7
00000002296,3,766,7
00000003757,3,810,7
00000002665,2,834,7
00000001883,3,864,7
00000000086,3,865,7
00000000018,3,883,7
00000000085,3,916,7
00000003529,2,988,7
00000001162,3,1019,7
00000002174,3,1112,7
00000002356,3,1142,7
00000003953,2,1216,7
00000001229,2,1314,7
00000001538,2,1335,7
00000005984,2,1341,7
00000006083,2,1373,7
00000000706,3,1389,7
00000002676,3,1475,7
00000004994,3,1622,7
00000004529,3,1732,7
00000006375,3,1805,7
00000008615,3,1848,7
00000000223,3,1849,7
00000004540,3,1850,7
00000001649,2,1949,7
00000000096,2,1950,7
00000003994,2,1951,7
00000008466,2,1971,7
00000006015,2,2020,7
00000004797,3,2024,7
00000004237,3,2029,7
00000001453,3,2035,7
00000006731,3,2074,7
00000003340,2,2235,7
00000008166,2,2249,7
00000008097,3,2268,7
00000003505,3,2336,7
00000006057,3,2338,7
00000005968,3,2339,7
00000007046,3,2395,7
00000009769,3,2397,7
00000000645,3,2440,7
00000008901,3,2441,7
00000000296,3,2532,7
00000000037,3,2572,7
00000003773,3,2598,7
00000003562,3,2633,7
00000006018,3,2634,7
00000007795,3,2655,7
00000002649,3,2656,7
00000009035,3,2657,7
00000010372,3,2738,7
00000001242,2,2826,7
00000000837,3,2874,7
00000004096,3,2984,7
00000011937,2,3002,7
00000011197,2,3004,7
00000000700,2,3014,7
00000002370,3,3027,7
00000005397,3,3028,7
00000013879,2,3041,7
00000002368,3,3055,7
00000006125,3,3080,7
00000004206,3,3180,7
00000004654,2,3262,7
00000006938,2,3438,7
00000011742,3,3468,7
00000012389,3,3469,7
00000004943,2,3660,7
00000013473,2,3784,7
00000016273,2,3818,7
00000006095,3,3853,7
00000016874,2,3918,7
00000018063,3,3944,7
00000005747,3,3959,7
00000005522,3,3961,7
00000017673,3,4118,7
00000012320,2,4238,7
00000016644,3,4257,7
00000013939,3,4259,7
00000002108,3,4479,7
00000020408,3,4566,7
00000016838,3,4617,7
00000011546,3,4639,7
00000008018,3,4718,7
00000020233,3,4770,7
00000005424,3,4824,7
00000015995,2,4908,7
00000018283,2,4909,7
00000017032,3,4962,7
00000003766,3,4986,7
00000016238,3,4991,7
00000000031,3,5004,7
00000012402,2,5173,7
00000003036,2,5202,7
00000005905,2,5290,7
00000008087,3,5377,7
00000008856,2,5379,7
00000002569,2,5383,7
00000013481,3,5510,7
00000007874,3,5550,7
00000000034,3,5596,7
00000000044,3,5598,7
00000016618,3,5612,7
00000012879,3,5614,7
00000004056,2,5618,7
00000011333,3,5726,7
00000021952,3,5882,7
00000011268,3,5928,7
00000008362,3,6142,7
00000016071,2,6268,7
00000018122,3,6314,7
00000026124,2,6381,7
00000029438,2,6385,7
00000026272,3,6407,7
00000029929,2,6411,7
00000028297,3,6486,7
00000009561,3,6511,7
00000029655,2,6562,7
00000012851,3,6581,7
00000023631,3,6662,7
00000008184,3,6663,7
00000005387,3,6679,7
00000020588,3,6711,7
00000027067,3,7076,7
00000018868,3,7092,7
00000025644,3,7114,7
00000018374,3,7119,7
00000006844,3,7151,7
00000030274,3,7205,7
00000028252,3,7232,7
00000029830,3,7244,7
00000029408,3,7374,7
00000026363,3,7377,7
00000031099,3,7382,7
00000009412,3,7445,7
00000018299,3,7462,7
00000003257,3,7486,7
00000029316,3,7533,7
00000007819,3,7534,7
00000007691,3,7569,7
00000034931,3,7656,7
00000032905,3,7657,7
00000001810,3,7681,7
00000007588,3,7707,7
00000001273,3,7869,7
00000000770,3,8025,7
00000028692,3,8078,7
00000015415,3,8255,7
00000026029,2,8268,7
00000029004,2,8346,7
00000022031,3,8375,7
00000030724,3,8412,7
00000017633,3,8444,7
00000031075,2,8498,7
00000039262,3,8527,7
00000023502,3,8528,7
00000004402,3,8529,7
00000000345,3,8535,7
00000023198,3,8565,7
00000012317,3,8627,7
00000032985,2,8667,7
00000016178,2,8725,7
00000003132,2,8731,7
00000009377,3,8796,7
00000001577,3,8800,7
00000015415,3,8809,7
00000029362,3,8810,7
00000029763,3,8822,7
00000014005,3,8823,7
00000030758,2,8896,7
00000027200,2,8898,7
00000009191,3,9077,7
00000034561,3,9090,7
00000018867,3,9188,7
00000004836,3,9190,7
00000040135,3,9234,7
00000023609,3,9299,7
00000036498,3,9322,7
00000027767,3,9357,7
00000013854,3,9473,7
00000019745,3,9474,7
00000027465,3,9475,7
00000044027,3,9476,7
00000038975,3,9498,7
00000025214,3,9527,7
00000024580,2,9534,7
00000008257,3,9593,7
00000025814,3,9618,7
00000026419,3,9621,7
00000021025,3,9647,7
00000031133,3,9653,7
00000026060,3,9654,7
00000035386,3,9888,7
00000018939,3,9893,7
00000031321,3,9920,7
00000018925,3,9934,7
00000004716,3,9991,7
00000045642,3,10030,7
00000031559,3,10135,7
00000040415,3,10202,7
00000026920,3,10203,7
00000043043,3,10206,7
00000037542,3,10258,7
00000009543,3,10274,7
00000039422,3,10318,7
00000035932,3,10398,7
00000045846,3,10460,7
00000004790,3,10466,7
00000003027,3,10467,7
00000002168,3,10648,7
00000038750,3,10655,7
00000041890,3,10701,7
00000031302,3,10722,7
00000048683,3,10807,7
00000005626,3,10830,7
00000006072,3,10832,7
00000047597,3,10887,7
00000024152,3,10967,7
00000044408,3,11008,7
00000051614,3,11029,7
00000049943,3,11098,7
00000000145,3,11143,7
00000015876,2,11181,7
00000046711,2,11190,7
00000032938,3,11213,7
00000048108,3,11214,7
00000040897,3,11216,7
00000037375,3,11225,7
00000036390,3,11240,7
00000013712,2,11313,7
00000053316,2,11401,7
00000043301,3,11459,7
00000050227,3,11460,7
00000040851,3,11483,7
00000045351,3,11557,7
00000034943,3,11622,7
00000043982,3,11938,7
00000043223,3,12054,7
00000044387,3,12070,7
00000053094,3,12071,7
00000021387,3,12140,7
00000048312,3,12141,7
00000032786,3,12142,7
00000035352,2,12163,7
00000050161,2,12164,7
00000030446,2,12166,7
00000014860,2,12186,7
00000044597,2,12206,7
00000010784,3,12234,7
00000007946,3,12236,7
00000033980,3,12262,7
00000029276,3,12324,7
00000032069,2,12409,7
00000029980,3,12483,7
00000038239,3,12491,7
00000019653,3,12498,7
00000036077,3,12509,7
00000042401,3,12542,7
00000059515,3,12614,7
00000044803,3,12696,7
00000015465,2,12716,7
00000002299,3,12731,7
00000025591,2,12761,7
00000020168,2,12823,7
00000009146,2,12826,7
00000025760,3,12861,7
00000050604,2,12883,7
00000052819,2,12917,7
00000044298,3,12949,7
00000026132,3,12950,7
00000026972,3,12964,7
00000000095,3,12991,7
00000046215,3,13125,7
00000039085,3,13228,7
00000047759,3,13231,7
00000051543,3,13284,7
00000032855,3,13335,7
00000047734,3,13336,7
00000015601,3,13488,7
00000034112,3,13602,7
00000048879,3,13811,7
00000047651,3,13918,7
00000063784,3,13958,7
00000056056,3,13974,7
00000045623,3,13995,7
00000007039,3,14360,7
00000017081,2,14366,7
00000013641,3,14541,7
00000031896,3,14567,7
00000038933,3,14569,7
00000028118,3,14693,7
00000033583,2,14828,7
00000060445,2,14829,7
00000031930,2,14889,7
00000007211,3,15044,7
00000028642,3,15088,7
00000038500,3,15169,7
00000041908,3,15173,7
00000038624,3,15205,7
00000044316,3,15390,7
00000050414,3,15415,7
00000055635,3,15416,7
00000051518,3,15431,7
00000041872,3,15482,7
00000056424,3,15516,7
00000008115,3,15939,7
00000013043,3,16048,7
00000052625,3,16168,7
00000051318,2,16169,7
00000076143,2,16268,7
00000050397,3,16303,7
00000004541,3,16336,7
00000059294,3,16348,7
00000056154,3,16365,7
00000076530,3,16376,7
00000069144,3,16377,7
00000036301,3,16843,7
00000007580,3,16927,7
00000001903,3,16934,7
00000004487,3,16935,7
00000051730,3,17022,7
00000053013,3,17027,7
00000062974,3,17104,7
00000030859,3,17200,7
00000077032,3,17296,7
00000016721,3,17378,7
00000008115,3,17380,7
00000069507,3,17459,7
00000049341,3,17590,7
00000077838,3,17836,7
00000049313,3,17864,7
00000065003,3,17928,7
00000023602,3,17960,7
00000024859,3,18021,7
00000009646,3,18066,7
00000023033,3,18067,7
00000032270,3,18128,7
00000079971,3,18131,7
00000016760,3,18132,7
00000018713,3,18134,7
00000020493,3,18240,7
00000023713,3,18345,7
00000003155,3,18405,7
00000054118,2,18409,7
00000060132,2,18427,7
00000073786,3,18561,7
00000049397,2,18576,7
00000059755,3,18761,7
00000023678,3,18860,7
00000073972,3,18861,7
00000029459,3,18868,7
00000060126,3,18983,7
00000067843,2,19036,7
00000065143,3,19135,7
00000014910,3,19141,7
00000039171,3,19143,7
00000081210,3,19166,7
00000001891,3,19207,7
00000001265,3,19209,7
00000069234,3,19299,7
00000018705,3,19318,7
00000041666,3,19344,7
00000063453,3,19357,7
00000067011,3,19358,7
00000042666,3,19450,7
00000091629,3,19451,7
00000014982,3,19464,7
00000047633,3,19467,7
00000082894,3,19536,7
00000014220,3,19679,7
00000073352,3,19688,7
00000061317,3,19710,7
00000017094,3,19712,7
00000001127,3,19749,7
00000047241,3,19818,7
00000074628,3,19841,7
00000049664,3,19931,7
00000087382,3,19999,7
00000022699,3,20050,7
00000092721,3,20110,7
00000056110,3,20268,7
00000046623,3,20381,7
00000029137,3,20566,7
00000037289,2,20678,7
00000009692,3,20687,7
00000028922,3,20694,7
00000009307,3,20773,7
00000013805,3,20797,7
00000058385,3,20800,7
00000079130,3,20801,7
00000081969,3,20816,7
00000021206,3,20817,7
00000094465,3,20832,7
00000004124,3,20834,7
00000086253,2,20904,7
00000061942,3,20983,7
00000058913,3,21021,7
00000060988,3,21079,7
00000030634,3,21080,7
00000001295,2,21105,7
00000000015,3,30,6
00000000146,3,40,6
00000000041,3,57,6
00000000047,2,101,6
00000000435,2,109,6
00000000253,3,117,6
00000000386,3,131,6
00000000039,3,178,6
00000000063,2,190,6
00000000265,3,200,6
00000000050,3,201,6
00000000127,3,203,6
00000000085,3,225,6
00000001258,3,269,6
00000001276,2,330,6
00000001392,3,432,6
00000000174,3,470,6
00000000027,3,517,6
00000000017,2,688,6
00000003080,3,764,6
00000002970,2,824,6
00000000246,3,869,6
00000003757,3,882,6
00000000446,3,886,6
00000003160,3,915,6
00000004540,3,993,6
00000003873,3,1000,6
00000004431,2,1002,6
00000000147,3,1035,6
00000002687,3,1101,6
00000003710,3,1130,6
00000000732,3,1198,6
00000005714,2,1241,6
00000001452,2,1242,6
00000002128,3,1270,6
00000003807,3,1274,6
00000000207,3,1275,6
00000001089,3,1301,6
00000005306,3,1327,6
00000003773,2,1342,6
00000002554,2,1375,6
00000000479,2,1408,6
00000003953,3,1425,6
00000006339,3,1432,6
00000001503,3,1439,6
00000002086,3,1450,6
00000001357,3,1482,6
00000002396,3,1543,6
00000004323,3,1581,6
00000000618,3,1597,6
00000000018,3,1611,6
00000005214,3,1690,6
00000007039,3,1708,6
00000004661,3,1815,6
00000003534,3,1846,6
00000008348,3,1847,6
00000000875,3,1889,6
00000007495,3,1957,6
00000006333,3,1965,6
00000007368,3,1967,6
00000003906,2,1972,6
00000005428,2,1975,6
00000006291,3,2002,6
00000009187,3,2023,6
00000009377,3,2031,6
00000006926,3,2034,6
00000000010,3,2213,6
00000009803,3,2216,6
00000002158,3,2218,6
00000001869,2,2251,6
00000005061,2,2273,6
00000004112,2,2294,6
00000009642,3,2322,6
00000006942,3,2325,6
00000005267,3,2326,6
00000008136,3,2341,6
00000002288,3,2426,6
00000011534,3,2493,6
00000010473,3,2500,6
00000000089,3,2507,6
00000009319,3,2534,6
00000006018,2,2564,6
00000001123,3,2597,6
00000009534,3,2603,6
00000008965,3,2671,6
00000008382,2,2829,6
00000007495,3,2835,6
00000003219,3,2850,6
00000000147,3,2852,6
00000010391,3,2855,6
00000002724,3,2963,6
00000006424,3,2964,6
00000002112,3,2981,6
00000014081,2,3003,6
00000011211,3,3020,6
00000002737,3,3024,6
00000007399,2,3033,6
00000013510,2,3065,6
00000001672,3,3069,6
00000008706,3,3215,6
00000000459,2,3269,6
00000003664,2,3270,6
00000010501,2,3316,6
00000003526,3,3333,6
00000009862,3,3372,6
00000000003,3,3406,6
00000005066,3,3407,6
00000014845,3,3466,6
00000011336,2,3547,6
00000013794,3,3694,6
00000006522,3,3695,6
00000003184,2,3786,6
00000015215,2,3800,6
00000018104,3,3851,6
00000009636,3,3852,6
00000006693,3,3855,6
00000013577,2,3916,6
00000011473,2,3940,6
00000007051,3,3943,6
00000016414,3,3958,6
00000007623,3,3968,6
00000011300,3,3978,6
00000000145,3,4065,6
00000016838,3,4112,6
00000014078,3,4115,6
00000005383,3,4116,6
00000018474,3,4164,6
00000011055,3,4165,6
00000016054,3,4167,6
00000018587,3,4261,6
00000002678,3,4402,6
00000000363,3,4473,6
00000021365,3,4557,6
00000006980,3,4620,6
00000006903,3,4627,6
00000006227,3,4631,6
00000018624,3,4664,6
00000021696,3,4665,6
00000014756,2,4910,6
00000007680,3,4915,6
00000016116,3,4916,6
00000004487,3,4966,6
00000003397,3,4967,6
00000005683,3,5005,6
00000010811,3,5036,6
00000011279,3,5059,6
00000017505,3,5115,6
00000004627,3,5121,6
00000002253,2,5137,6
00000000023,2,5149,6
00000015822,3,5179,6
00000016851,3,5181,6
00000015058,3,5182,6
00000004836,3,5278,6
00000017813,3,5315,6
00000020212,3,5318,6
00000019505,2,5338,6
00000025224,2,5395,6
00000004257,2,5401,6
00000007295,2,5403,6
00000000351,2,5404,6
00000000575,3,5456,6
00000001953,3,5555,6
00000015121,2,5582,6
00000019819,2,5583,6
00000017178,3,5613,6
00000010361,3,5616,6
00000002107,3,5689,6
00000013844,3,5729,6
00000023739,3,5780,6
00000022983,3,5950,6
00000008728,3,5984,6
00000006095,3,5985,6
00000023105,3,6040,6
00000016181,3,6090,6
00000011300,3,6112,6
00000014005,3,6131,6
00000013672,3,6137,6
00000019430,3,6210,6
00000025214,3,6211,6
00000002504,3,6212,6
00000007691,3,6213,6
00000023636,2,6282,6
00000005394,2,6290,6
00000008090,3,6329,6
00000013514,3,6331,6
00000015259,3,6340,6
00000030103,3,6366,6
00000025667,2,6384,6
00000016926,3,6406,6
00000014527,3,6482,6
00000002640,3,6483,6
00000010636,3,6513,6
00000010759,3,6514,6
00000016225,2,6540,6
00000000857,2,6561,6
00000024362,2,6567,6
00000016091,3,6659,6
00000005977,3,6704,6
00000002146,3,6707,6
00000028789,3,6710,6
00000007423,3,6725,6
00000027021,3,6726,6
00000016048,3,6727,6
00000017855,3,6829,6
00000019363,3,6830,6
00000007046,3,7050,6
00000023217,3,7094,6
00000030003,3,7116,6
00000028789,3,7117,6
00000021178,3,7168,6
00000012702,3,7172,6
00000019483,3,7206,6
00000002920,3,7248,6
00000025882,3,7249,6
00000005644,3,7285,6
00000034349,3,7331,6
00000019679,3,7403,6
00000000831,3,7411,6
00000029907,3,7459,6
00000030220,3,7471,6
00000001503,3,7473,6
00000002814,3,7485,6
00000026407,3,7519,6
00000024110,3,7550,6
00000019521,3,7553,6
00000016436,3,7566,6
00000012175,3,7583,6
00000009051,3,7585,6
00000031582,3,7713,6
00000000924,3,7732,6
00000018496,3,7755,6
00000029602,2,7771,6
00000023021,3,7896,6
00000022574,3,7905,6
00000025879,2,7961,6
00000025124,3,7982,6
00000017573,3,8007,6
00000010329,3,8024,6
00000036622,3,8027,6
00000023990,3,8028,6
00000011418,3,8077,6
00000005081,3,8080,6
00000036594,3,8213,6
00000001088,3,8216,6
00000014453,3,8234,6
00000028355,2,8309,6
00000017017,2,8330,6
00000023590,2,8339,6
00000037324,3,8354,6
00000035059,3,8377,6
00000025705,3,8378,6
00000005193,3,8414,6
00000034361,2,8430,6
00000020964,2,8433,6
00000017524,3,8484,6
00000032441,3,8485,6
00000023785,3,8537,6
00000024365,3,8558,6
00000024228,3,8626,6
00000027465,3,8682,6
00000008370,3,8686,6
00000011169,3,8718,6
00000032262,3,8793,6
00000021194,3,8797,6
00000038389,3,8803,6
00000036230,3,8986,6
00000000072,3,9043,6
00000024912,3,9100,6
00000031461,3,9150,6
00000002746,3,9232,6
00000006057,3,9238,6
00000013382,3,9240,6
00000032117,3,9355,6
00000002127,3,9366,6
00000036498,3,9367,6
00000026823,3,9392,6
00000004530,3,9393,6
00000034035,3,9526,6
00000038171,3,9563,6
00000032670,3,9595,6
00000004514,3,9609,6
00000026033,3,9620,6
00000013716,3,9677,6
00000038826,3,9690,6
00000037633,3,9745,6
00000021143,3,9807,6
00000022166,3,9816,6
00000011142,3,9891,6
00000033641,3,9930,6
00000037079,3,9941,6
00000035937,3,9944,6
00000031461,3,9961,6
00000009800,3,9962,6
00000031292,3,9969,6
00000025667,3,9993,6
00000006595,3,10133,6
00000013138,3,10134,6
00000034911,3,10186,6
00000009857,3,10200,6
00000029906,3,10261,6
00000021385,3,10276,6
00000037967,3,10350,6
00000024579,3,10410,6
00000008795,3,10448,6
00000046889,3,10449,6
00000004846,3,10611,6
00000046786,3,10663,6
00000005081,3,10695,6
00000018758,3,10715,6
00000035556,3,10716,6
00000045951,3,10721,6
00000040867,3,10726,6
00000008779,3,10741,6
00000045865,3,10742,6
00000038278,3,10795,6
00000039036,3,10886,6
00000023301,3,10968,6
00000010011,3,11005,6
00000019789,3,11031,6
00000033910,3,11089,6
00000011880,3,11142,6
00000013886,2,11182,6
00000008640,2,11183,6
00000011981,3,11212,6
00000018415,3,11224,6
00000038127,3,11239,6
00000045398,3,11243,6
00000005832,3,11251,6
00000033099,3,11279,6
00000012355,3,11336,6
00000032255,3,11339,6
00000000067,3,11340,6
00000045084,3,11348,6
00000001452,3,11452,6
00000004939,3,11462,6
00000018415,3,11482,6
00000001018,3,11561,6
00000052488,3,11579,6
00000033010,3,11584,6
00000047256,3,11603,6
00000014351,3,11604,6
00000024527,3,11707,6
00000037851,3,11712,6
00000030069,3,11715,6
00000045276,3,11750,6
00000011656,3,11883,6
00000008542,3,11885,6
00000013533,3,12022,6
00000001840,3,12049,6
00000049182,3,12051,6
00000016346,3,12080,6
00000047177,3,12107,6
00000000626,3,12180,6
00000036957,3,12189,6
00000033606,2,12228,6
00000018803,3,12263,6
00000045218,3,12266,6
00000007874,2,12358,6
00000049917,3,12372,6
00000023007,2,12461,6
00000034685,2,12470,6
00000023952,3,12479,6
00000008565,3,12481,6
00000009558,3,12482,6
00000019772,3,12544,6
00000043975,3,12545,6
00000011151,2,12567,6
00000039102,3,12576,6
00000000415,3,12600,6
00000034265,3,12677,6
00000029887,2,12740,6
00000047307,2,12771,6
00000011875,2,12772,6
00000004082,3,12776,6
00000049220,3,12777,6
00000018337,2,12836,6
00000031905,2,12837,6
00000042964,3,12857,6
00000045816,3,13038,6
00000029072,3,13044,6
00000054074,3,13084,6
00000059552,3,13116,6
00000041224,3,13122,6
00000035811,2,13175,6
00000022527,3,13490,6
00000061712,3,13508,6
00000007627,3,13541,6
00000010929,3,13557,6
00000034577,3,13592,6
00000009213,3,13593,6
00000057887,3,13610,6
00000036267,3,13645,6
00000002077,3,13708,6
00000000495,3,13805,6
00000058024,3,13806,6
00000052679,3,13829,6
00000041404,3,13875,6
00000057415,3,13988,6
00000016735,3,14011,6
00000061853,3,14098,6
00000030240,3,14136,6
00000014047,3,14192,6
00000019633,3,14393,6
00000045121,3,14394,6
00000060589,3,14395,6
00000065334,3,14403,6
00000036339,2,14431,6
00000050084,2,14432,6
00000015411,3,14730,6
00000051109,3,14752,6
00000063625,2,14787,6
00000040881,3,14793,6
00000018174,3,14794,6
00000042913,2,14824,6
00000067416,2,14848,6
00000028713,2,14859,6
00000062182,3,14877,6
00000024010,3,14920,6
00000036116,3,14974,6
00000060928,3,14986,6
00000066179,3,15008,6
00000044793,3,15009,6
00000059210,3,15096,6
00000047386,3,15154,6
00000013678,3,15181,6
00000010699,3,15276,6
00000068633,3,15433,6
00000064115,3,15436,6
00000034277,3,15519,6
00000010141,3,15626,6
00000065227,3,15630,6
00000069786,3,15843,6
00000018697,3,15868,6
00000003229,3,15922,6
00000001343,3,15923,6
00000034012,3,16013,6
00000052023,3,16014,6
00000071118,3,16018,6
00000065484,3,16049,6
00000035491,3,16050,6
00000060695,3,16315,6
00000015095,3,16364,6
00000034960,3,16511,6
00000008090,3,16599,6
00000032429,3,16664,6
00000047597,3,16841,6
00000069929,3,17024,6
00000034399,3,17025,6
00000036049,3,17026,6
00000009507,3,17092,6
00000018555,3,17093,6
00000025781,3,17107,6
00000068149,3,17122,6
00000019893,3,17124,6
00000078456,3,17129,6
00000024852,3,17215,6
00000040047,3,17304,6
00000073840,2,17388,6
00000078251,3,17497,6
00000074096,3,17548,6
00000003300,3,17617,6
00000032129,3,17631,6
00000081349,3,17632,6
00000008306,3,17647,6
00000022639,3,17729,6
00000029587,3,17740,6
00000040767,3,17741,6
00000052935,3,17818,6
00000067178,3,17912,6
00000083263,3,17925,6
00000003829,3,17927,6
00000020259,3,17946,6
00000043674,3,18030,6
00000008683,3,18033,6
00000031022,3,18047,6
00000055270,3,18118,6
00000006148,3,18179,6
00000033483,3,18185,6
00000044804,3,18241,6
00000015562,3,18242,6
00000059898,2,18430,6
00000007680,3,18441,6
00000026675,2,18448,6
00000018104,3,18452,6
00000066625,3,18453,6
00000027704,3,18460,6
00000054877,2,18482,6
00000053115,3,18509,6
00000047651,3,18518,6
00000052461,3,18527,6
00000016309,3,18628,6
00000024349,3,18629,6
00000078277,3,18721,6
00000062968,3,18818,6
00000072511,3,19044,6
00000041998,3,19045,6
00000073959,3,19118,6
00000013402,3,19147,6
00000024553,3,19150,6
00000045879,3,19168,6
00000051987,3,19176,6
00000041808,3,19223,6
00000039322,2,19280,6
00000084811,3,19298,6
00000065142,3,19319,6
00000002118,3,19333,6
00000040876,3,19352,6
00000016177,3,19353,6
00000078993,3,19433,6
00000073828,3,19442,6
00000088504,3,19461,6
00000091398,3,19466,6
00000055965,3,19575,6
00000049079,3,19615,6
00000006482,3,19814,6
00000015370,3,19870,6
00000086462,3,19875,6
00000089041,3,19958,6
00000093010,3,20107,6
00000066634,3,20112,6
00000066053,3,20228,6
00000068937,3,20293,6
00000092437,3,20390,6
00000005349,3,20400,6
00000078887,3,20405,6
00000018896,3,20408,6
00000017105,3,20441,6
00000088776,3,20442,6
00000065640,3,20454,6
00000015294,3,20455,6
00000079108,3,20517,6
00000051900,3,20518,6
00000072315,2,20555,6
00000059170,3,20607,6
00000044830,3,20689,6
00000014391,3,20691,6
00000010438,3,20749,6
00000047754,3,20811,6
00000096190,3,20828,6
00000096683,3,20833,6
00000095325,3,20889,6
00000073711,3,20955,6
00000055129,3,20959,6
00000022664,3,20982,6
00000078071,3,20991,6
00000078660,3,20995,6
00000058323,3,21025,6
00000065958,3,21078,6
00000017384,3,21094,6
00000017025,3,21163,6
00000074187,3,21221,6
00000000003,3,37,5
00000000071,3,38,5
00000000080,3,129,5
00000000071,3,215,5
00000000060,3,243,5
00000000664,3,262,5
00000000857,2,298,5
00000000100,2,302,5
00000000987,3,308,5
00000000333,3,310,5
00000000039,3,315,5
00000001017,2,319,5
00000000179,2,320,5
00000000881,3,388,5
00000000276,3,397,5
00000000268,3,410,5
00000001459,3,420,5
00000001068,3,421,5
00000001807,3,465,5
00000000741,3,469,5
00000000223,2,501,5
00000000268,3,578,5
00000001159,3,650,5
00000001536,3,651,5
00000000940,3,734,5
00000000512,3,750,5
00000000007,3,774,5
00000002040,2,825,5
00000000099,2,826,5
00000003635,3,889,5
00000004120,3,892,5
00000001380,3,893,5
00000003229,3,914,5
00000001880,3,943,5
00000001261,3,960,5
00000004211,3,991,5
00000001622,3,1008,5
00000000511,3,1032,5
00000000706,3,1033,5
00000000211,3,1034,5
00000002015,3,1047,5
00000003091,3,1084,5
00000000039,3,1085,5
00000001715,3,1102,5
00000002970,3,1107,5
00000002962,3,1129,5
00000002735,3,1133,5
00000002423,3,1139,5
00000002427,3,1146,5
00000004939,3,1147,5
00000002626,3,1183,5
00000002629,3,1197,5
00000001862,2,1289,5
00000004906,2,1316,5
00000001649,2,1318,5
00000001880,2,1372,5
00000003340,2,1376,5
00000003866,2,1396,5
00000003080,3,1486,5
00000006998,3,1575,5
00000005589,3,1576,5
00000003719,3,1709,5
00000002246,3,1710,5
00000004888,3,1730,5
00000002278,3,1731,5
00000000086,3,1742,5
00000003768,3,1804,5
00000004801,3,1818,5
00000008570,3,1852,5
00000007314,3,1879,5
00000007530,3,1880,5
00000003540,3,1888,5
00000008271,3,1946,5
00000005531,3,1948,5
00000009205,2,1987,5
00000005977,3,2045,5
00000004980,3,2168,5
00000004729,3,2170,5
00000001622,3,2219,5
00000005214,3,2265,5
00000002787,3,2288,5
00000004286,3,2289,5
00000000010,3,2291,5
00000000987,3,2307,5
00000001360,3,2308,5
00000006424,3,2329,5
00000001548,3,2374,5
00000001649,3,2445,5
00000007007,3,2450,5
00000003459,3,2451,5
00000010562,3,2495,5
00000008918,3,2497,5
00000004371,3,2536,5
00000000021,3,2538,5
00000011769,3,2587,5
00000002884,3,2590,5
00000005577,3,2591,5
00000000906,3,2618,5
00000003244,3,2700,5
00000011001,3,2745,5
00000003459,3,2746,5
00000001519,2,2815,5
00000002766,3,2833,5
00000009775,3,2854,5
00000010546,3,2900,5
00000008369,3,2934,5
00000000673,3,2966,5
00000007404,3,2983,5
00000004434,2,3006,5
00000007938,3,3031,5
00000007122,2,3043,5
00000000831,2,3044,5
00000013567,3,3057,5
00000010473,3,3115,5
00000010983,3,3116,5
00000012402,3,3224,5
00000012454,2,3280,5
00000004581,3,3307,5
00000011769,2,3327,5
00000007004,2,3379,5
00000013946,3,3470,5
00000016133,3,3486,5
00000008832,2,3511,5
00000000084,3,3592,5
00000011779,3,3673,5
00000016658,2,3769,5
00000001134,3,3776,5
00000004509,3,3777,5
00000007120,2,3778,5
00000010548,3,3792,5
00000017661,3,3811,5
00000006941,3,3813,5
00000009528,3,3815,5
00000001443,3,3907,5
00000017371,3,4067,5
00000005795,3,4083,5
00000013473,3,4114,5
00000009027,3,4117,5
00000003245,3,4155,5
00000017507,3,4197,5
00000000939,3,4198,5
00000011946,3,4199,5
00000003464,3,4331,5
00000017757,3,4366,5
00000008500,3,4367,5
00000013834,3,4421,5
00000015200,3,4428,5
00000018868,3,4515,5
00000012977,2,4522,5
00000008934,3,4538,5
00000005081,3,4550,5
00000013991,3,4559,5
00000010878,3,4564,5
00000010674,3,4565,5
00000001704,3,4577,5
00000021077,3,4622,5
00000000084,3,4739,5
00000021104,3,4744,5
00000012246,3,4745,5
00000020844,3,4979,5
00000021410,3,5007,5
00000002716,3,5026,5
00000015619,3,5034,5
00000002153,3,5073,5
00000016840,3,5126,5
00000022540,2,5159,5
00000005781,2,5225,5
00000006303,3,5234,5
00000015978,3,5235,5
00000005984,3,5237,5
00000011169,2,5249,5
00000006432,2,5293,5
00000018183,2,5294,5
00000000041,2,5297,5
00000023329,2,5305,5
00000007395,2,5306,5
00000006198,2,5351,5
00000007789,2,5356,5
00000011268,2,5382,5
00000006530,2,5400,5
00000013205,2,5410,5
00000012603,3,5419,5
00000021606,3,5423,5
00000000962,3,5492,5
00000019971,3,5504,5
00000001239,2,5579,5
00000021374,2,5585,5
00000018825,2,5586,5
00000018967,3,5595,5
00000008442,3,5639,5
00000020846,2,5652,5
00000010273,3,5671,5
00000019239,3,5680,5
00000026393,3,5682,5
00000013562,3,5779,5
00000026460,3,5828,5
00000005335,3,5848,5
00000015521,3,5849,5
00000002798,3,5867,5
00000017342,3,5868,5
00000017498,3,5917,5
00000015558,3,5927,5
00000000359,3,5937,5
00000008249,3,6055,5
00000022156,3,6064,5
00000015837,3,6087,5
00000001283,3,6092,5
00000028697,3,6111,5
00000004725,3,6169,5
00000021163,3,6178,5
00000003882,3,6221,5
00000014533,2,6283,5
00000025183,2,6318,5
00000027298,3,6339,5
00000017059,3,6351,5
00000011659,3,6368,5
00000010979,3,6390,5
00000000033,3,6405,5
00000014311,3,6416,5
00000016024,3,6438,5
00000008991,3,6477,5
00000029385,3,6481,5
00000001279,3,6545,5
00000000010,3,6546,5
00000021142,2,6549,5
00000023636,3,6670,5
00000021798,3,6730,5
00000031336,3,6760,5
00000010983,3,6762,5
00000014686,3,6774,5
00000029200,3,6813,5
00000029589,3,7053,5
00000001538,3,7170,5
00000010732,3,7189,5
00000021737,3,7190,5
00000011209,3,7214,5
00000022464,3,7225,5
00000032583,3,7231,5
00000005040,3,7243,5
00000000081,3,7333,5
00000026588,3,7358,5
00000031657,3,7371,5
00000009137,3,7373,5
00000010552,3,7447,5
00000023866,3,7448,5
00000026586,3,7450,5
00000015761,3,7474,5
00000013692,3,7517,5
00000030758,3,7536,5
00000017431,3,7556,5
00000010631,3,7567,5
00000013343,3,7575,5
00000013364,3,7611,5
00000018122,3,7652,5
00000005717,3,7660,5
00000006006,3,7676,5
00000004166,3,7710,5
00000017220,3,7712,5
00000007590,3,7826,5
00000015151,3,7830,5
00000032512,3,7876,5
00000010361,3,7989,5
00000007656,3,8010,5
00000001542,3,8030,5
00000008618,3,8056,5
00000008017,3,8161,5
00000017632,3,8162,5
00000005203,3,8167,5
00000003975,3,8168,5
00000025728,3,8172,5
00000019737,3,8194,5
00000034094,3,8215,5
00000020803,3,8247,5
00000025144,3,8249,5
00000023319,3,8250,5
00000035942,2,8329,5
00000009817,2,8337,5
00000009263,2,8341,5
00000016637,3,8428,5
00000024552,2,8434,5
00000019124,3,8462,5
00000037475,3,8463,5
00000007442,3,8490,5
00000019772,3,8503,5
00000036525,3,8601,5
00000032395,2,8621,5
00000019971,3,8629,5
00000036430,3,8637,5
00000004897,3,8717,5
00000023554,2,8733,5
00000014650,3,8795,5
00000038730,3,8805,5
00000042039,3,8929,5
00000024174,3,8930,5
00000008097,3,9047,5
00000000963,3,9213,5
00000029970,3,9221,5
00000027488,3,9369,5
00000025183,3,9409,5
00000024280,3,9443,5
00000042064,3,9446,5
00000041679,3,9447,5
00000032066,3,9467,5
00000021731,3,9471,5
00000024027,3,9488,5
00000022198,3,9550,5
00000022295,3,9569,5
00000004155,3,9629,5
00000012184,3,9630,5
00000006427,3,9739,5
00000034888,3,9814,5
00000012932,3,9815,5
00000022535,3,9883,5
00000043733,3,9943,5
00000029411,3,9960,5
00000019509,3,9964,5
00000034770,3,9981,5
00000024806,3,9982,5
00000007202,3,9983,5
00000001881,3,10009,5
00000037250,3,10227,5
00000032273,3,10240,5
00000012707,3,10260,5
00000048435,3,10300,5
00000036060,3,10320,5
00000041549,3,10322,5
00000014441,3,10327,5
00000019971,3,10353,5
00000010057,3,10406,5
00000044831,3,10409,5
00000041599,3,10411,5
00000040002,3,10444,5
00000007372,3,10533,5
00000028070,3,10565,5
00000036894,3,10590,5
00000033157,3,10658,5
00000021787,3,10659,5
00000041612,3,10684,5
00000000072,3,10696,5
00000020323,3,10727,5
00000041009,3,10737,5
00000031247,3,10744,5
00000033910,3,10838,5
00000011591,3,10855,5
00000046480,3,10890,5
00000050343,3,11250,5
00000041836,3,11259,5
00000038609,3,11260,5
00000039610,3,11278,5
00000051816,2,11327,5
00000031962,3,11338,5
00000010519,3,11365,5
00000045879,3,11388,5
00000048760,3,11450,5
00000002085,3,11514,5
00000038016,2,11568,5
00000053738,3,11577,5
00000038520,3,11590,5
00000041870,3,11719,5
00000007122,3,11726,5
00000047671,3,11735,5
00000049732,3,11749,5
00000022793,3,11754,5
00000052030,3,11755,5
00000030777,3,11806,5
00000022602,3,11872,5
00000021686,3,11948,5
00000029264,3,11959,5
00000034488,3,11974,5
00000040875,3,12014,5
00000031722,3,12015,5
00000051309,3,12048,5
00000032382,3,12081,5
00000032756,3,12120,5
00000032693,3,12162,5
00000032948,2,12171,5
00000057105,2,12243,5
00000021293,3,12265,5
00000004297,3,12287,5
00000007998,3,12323,5
00000041483,3,12327,5
00000024888,2,12460,5
00000019559,3,12485,5
00000046954,3,12602,5
00000013542,3,12604,5
00000047627,3,12631,5
00000037951,3,12644,5
00000004956,3,12674,5
00000026897,3,12699,5
00000013263,2,12739,5
00000017573,3,12743,5
00000038500,3,12749,5
00000007491,2,12755,5
00000034770,2,12756,5
00000023691,3,12787,5
00000055457,2,12851,5
00000032127,3,12856,5
00000053654,3,12897,5
00000051062,2,12902,5
00000041717,3,12912,5
00000003000,2,12916,5
00000008606,3,12925,5
00000000027,3,12967,5
00000054403,3,12968,5
00000012579,2,12978,5
00000017317,3,12994,5
00000004984,3,12995,5
00000029222,3,13012,5
00000010634,3,13063,5
00000013481,3,13097,5
00000060215,3,13110,5
00000000074,3,13234,5
00000009412,3,13235,5
00000031868,3,13240,5
00000043585,3,13264,5
00000050597,3,13283,5
00000025869,3,13303,5
00000052703,3,13304,5
00000053785,3,13308,5
00000037167,3,13507,5
00000001793,3,13574,5
00000022622,3,13591,5
00000029325,3,13609,5
00000046147,3,13648,5
00000012876,3,13700,5
00000000714,3,13707,5
00000012732,3,13709,5
00000009200,3,13790,5
00000060688,3,13827,5
00000042697,3,13835,5
00000047027,3,13836,5
00000045432,3,13921,5
00000036564,3,13967,5
00000059590,3,14015,5
00000029184,3,14074,5
00000018776,3,14097,5
00000038538,3,14193,5
00000027336,3,14202,5
00000053212,3,14216,5
00000026039,3,14217,5
00000051315,3,14223,5
00000004412,3,14248,5
00000035249,3,14249,5
00000046976,3,14279,5
00000052763,3,14348,5
00000067024,3,14457,5
00000061628,3,14488,5
00000051356,3,14489,5
00000039896,3,14492,5
00000025759,3,14563,5
00000003597,3,14706,5
00000006292,3,14755,5
00000027631,3,14763,5
00000068866,3,14779,5
00000034196,2,14838,5
00000006522,3,14872,5
00000050111,3,14982,5
00000063563,3,14988,5
00000009938,3,14995,5
00000040548,3,15047,5
00000042770,3,15087,5
00000026592,3,15147,5
00000043372,3,15166,5
00000015894,3,15172,5
00000029064,3,15174,5
00000039096,3,15310,5
00000054896,3,15357,5
00000039140,3,15360,5
00000052515,3,15486,5
00000028237,3,15487,5
00000031816,3,15562,5
00000046779,3,15593,5
00000065344,3,15608,5
00000065235,3,15635,5
00000058809,3,15636,5
00000050613,3,15639,5
00000004124,3,15643,5
00000034964,3,15646,5
00000012668,3,15730,5
00000021805,3,15759,5
00000065577,3,15799,5
00000060382,3,15823,5
00000021143,3,15867,5
00000011623,3,15870,5
00000010889,3,15942,5
00000048316,3,15965,5
00000028278,3,16003,5
00000031816,3,16037,5
00000048573,3,16090,5
00000027097,3,16162,5
00000043207,3,16165,5
00000033282,3,16167,5
00000009954,2,16172,5
00000065816,3,16177,5
00000036621,2,16214,5
00000061151,3,16236,5
00000030798,3,16242,5
00000038385,3,16243,5
00000034096,3,16261,5
00000057957,2,16273,5
00000018655,3,16363,5
00000020212,3,16427,5
00000061926,3,16471,5
00000042849,3,16504,5
00000041224,3,16546,5
00000029745,3,16569,5
00000001433,3,16571,5
00000016380,2,16574,5
00000016844,2,16575,5
00000048677,2,16620,5
00000009075,3,16631,5
00000064477,3,16668,5
00000002367,3,16738,5
00000000031,3,16739,5
00000035708,3,16783,5
00000013555,3,16859,5
00000015690,3,16881,5
00000072489,3,16883,5
00000034163,3,16884,5
00000023565,3,16922,5
00000070123,3,16988,5
00000037348,2,17010,5
00000058410,3,17036,5
00000000078,3,17091,5
00000013116,3,17146,5
00000018293,3,17217,5
00000010863,3,17261,5
00000035929,3,17409,5
00000019151,3,17458,5
00000062506,3,17462,5
00000072060,2,17511,5
00000036348,3,17546,5
00000081295,3,17574,5
00000062399,3,17581,5
00000078184,3,17656,5
00000005376,3,17715,5
00000064204,3,17743,5
00000051825,3,17794,5
00000045215,3,17811,5
00000025233,3,17812,5
00000071425,3,17841,5
00000061678,3,17897,5
00000013510,3,17898,5
00000072500,3,17914,5
00000059298,3,17959,5
00000042843,3,18097,5
00000054373,3,18117,5
00000078311,3,18141,5
00000057362,3,18167,5
00000003953,3,18239,5
00000070525,3,18276,5
00000051811,2,18401,5
00000052556,3,18403,5
00000005859,3,18404,5
00000042315,3,18468,5
00000038500,3,18508,5
00000073535,3,18512,5
00000039703,3,18526,5
00000028391,3,18560,5
00000078277,3,18636,5
00000076400,3,18637,5
00000058054,3,18759,5
00000063408,3,18782,5
00000088489,3,18797,5
00000048910,3,18799,5
00000054145,3,18822,5
00000075098,3,18863,5
00000079396,3,18953,5
00000005847,3,18982,5
00000023414,3,18986,5
00000082623,3,18991,5
00000051896,3,19041,5
00000002140,2,19059,5
00000046095,3,19170,5
00000061151,3,19190,5
00000032628,3,19226,5
00000008404,3,19227,5
00000002417,3,19235,5
00000041089,3,19236,5
00000075285,3,19237,5
00000090590,3,19267,5
00000022669,3,19286,5
00000009900,3,19315,5
00000080993,3,19339,5
00000013262,3,19340,5
00000062026,3,19347,5
00000081971,3,19351,5
00000054976,3,19355,5
00000072278,3,19426,5
00000082851,3,19434,5
00000054471,3,19444,5
00000070324,3,19460,5
00000088398,3,19483,5
00000081421,3,19498,5
00000070852,3,19509,5
00000007928,3,19539,5
00000040607,3,19574,5
00000041870,3,19616,5
00000024678,2,19642,5
00000043566,3,19663,5
00000071474,3,19681,5
00000023196,3,19709,5
00000089290,3,19726,5
00000063663,3,19727,5
00000048559,3,19793,5
00000062656,3,19809,5
00000091997,3,19820,5
00000026131,3,20004,5
00000064084,3,20018,5
00000015874,3,20019,5
00000035918,3,20022,5
00000059509,3,20106,5
00000025501,3,20123,5
00000094531,3,20126,5
00000056647,3,20128,5
00000053981,3,20150,5
00000066596,3,20230,5
00000003505,3,20232,5
00000086868,3,20247,5
00000029191,3,20248,5
00000021216,3,20256,5
00000004165,3,20300,5
00000000374,3,20317,5
00000089370,3,20318,5
00000013743,3,20319,5
00000085745,3,20320,5
00000025267,3,20354,5
00000080283,3,20374,5
00000071494,3,20388,5
00000038746,3,20394,5
00000083942,3,20407,5
00000075209,3,20410,5
00000087951,3,20445,5
00000096259,3,20475,5
00000013514,3,20478,5
00000095496,3,20559,5
00000014923,3,20606,5
00000020313,3,20609,5
00000067725,2,20635,5
00000071661,3,20699,5
00000004895,3,20701,5
00000010750,2,20739,5
00000094733,3,20741,5
00000077798,3,20758,5
00000084974,3,20814,5
00000015585,3,20862,5
00000094238,3,20888,5
00000082683,3,20903,5
00000009043,3,20932,5
00000087075,3,20934,5
00000063473,3,20952,5
00000002071,3,20956,5
00000053672,3,20978,5
00000097229,2,21009,5
00000075860,3,21020,5
00000060524,3,21024,5
00000041919,3,21049,5
00000010918,3,21057,5
00000042812,3,21182,5
00000000045,2,4,4
00000000008,3,18,4
00000000076,2,47,4
00000000238,2,52,4
00000000081,2,60,4
00000000403,3,83,4
00000000296,3,86,4
00000000096,3,88,4
00000000600,2,112,4
00000000471,2,113,4
00000000337,3,138,4
00000000021,3,175,4
00000000552,3,207,4
00000000663,3,209,4
00000001068,3,234,4
00000000513,3,239,4
00000000956,2,301,4
00000000730,3,373,4
00000001392,3,396,4
00000001275,3,403,4
00000000026,3,453,4
00000002107,3,463,4
00000000033,3,474,4
00000001158,2,509,4
00000000021,3,511,4
00000001577,3,528,4
00000001901,3,571,4
00000001536,3,617,4
00000001548,3,664,4
00000000052,3,665,4
00000000041,3,668,4
00000001729,3,699,4
00000002217,3,752,4
00000001644,3,754,4
00000003504,3,775,4
00000001039,3,779,4
00000000938,3,805,4
00000000066,3,863,4
00000000238,3,868,4
00000002427,3,875,4
00000000097,3,913,4
00000004113,3,935,4
00000001881,3,959,4
00000004380,3,1040,4
00000001911,3,1073,4
00000003513,3,1075,4
00000003116,3,1087,4
00000003738,3,1110,4
00000004043,3,1111,4
00000001542,3,1117,4
00000004561,3,1126,4
00000000512,3,1148,4
00000002224,3,1186,4
00000002217,3,1228,4
00000000074,3,1299,4
00000004163,2,1319,4
00000006154,3,1322,4
00000001362,3,1325,4
00000002787,2,1398,4
00000006893,3,1510,4
00000000870,3,1574,4
00000006800,3,1592,4
00000000027,3,1632,4
00000001498,3,1637,4
00000002211,3,1648,4
00000000661,3,1717,4
00000006556,3,1765,4
00000007639,3,1773,4
00000005428,3,1820,4
00000003749,3,1822,4
00000002555,3,1833,4
00000001229,3,1841,4
00000006835,3,1843,4
00000007616,3,1854,4
00000001498,3,1882,4
00000005323,3,1892,4
00000004927,3,1922,4
00000008328,3,1928,4
00000009107,3,2001,4
00000005806,3,2050,4
00000001452,3,2092,4
00000000956,3,2136,4
00000005515,3,2138,4
00000005084,3,2141,4
00000009715,3,2156,4
00000000560,3,2173,4
00000009280,3,2199,4
00000005522,3,2221,4
00000008542,3,2277,4
00000003595,3,2286,4
00000004594,2,2293,4
00000000048,3,2298,4
00000005565,3,2302,4
00000001260,3,2330,4
00000004206,3,2335,4
00000008222,3,2346,4
00000007518,3,2347,4
00000000519,3,2348,4
00000005747,3,2369,4
00000004165,3,2370,4
00000009705,3,2379,4
00000002093,3,2402,4
00000002235,3,2407,4
00000005495,3,2432,4
00000010974,3,2433,4
00000001622,3,2435,4
00000011437,3,2438,4
00000008354,3,2472,4
00000008947,2,2565,4
00000000352,3,2663,4
00000010408,3,2681,4
00000012336,3,2708,4
00000001343,3,2732,4
00000004028,3,2772,4
00000003540,3,2781,4
00000002597,3,2787,4
00000007053,3,2799,4
00000000312,3,2802,4
00000007874,3,2825,4
00000001513,3,2849,4
00000012554,3,2899,4
00000009259,3,2957,4
00000000541,3,2958,4
00000010228,3,2968,4
00000000072,3,2991,4
00000004120,3,3010,4
00000008008,3,3110,4
00000003280,3,3118,4
00000008904,3,3185,4
00000001803,3,3225,4
00000000057,2,3252,4
00000005912,3,3268,4
00000013557,2,3272,4
00000011442,2,3277,4
00000003780,2,3283,4
00000009235,2,3289,4
00000007010,2,3326,4
00000007794,3,3337,4
00000015040,2,3375,4
00000006417,3,3423,4
00000007819,3,3442,4
00000008882,3,3449,4
00000010018,3,3482,4
00000008812,3,3488,4
00000006423,2,3528,4
00000004645,3,3531,4
00000014990,3,3533,4
00000002211,2,3545,4
00000001926,3,3562,4
00000000637,3,3565,4
00000016130,3,3591,4
00000006521,3,3600,4
00000007685,3,3601,4
00000004535,3,3616,4
00000000562,3,3619,4
00000004933,2,3634,4
00000014137,3,3642,4
00000013917,3,3646,4
00000016053,3,3649,4
00000003519,3,3656,4
00000001698,3,3675,4
00000013793,3,3687,4
00000016554,3,3688,4
00000013255,3,3709,4
00000013833,2,3754,4
00000007871,2,3770,4
00000008447,2,3771,4
00000013187,3,3833,4
00000008324,3,3919,4
00000000420,2,3921,4
00000017017,3,3934,4
00000008037,3,3937,4
00000003464,3,3938,4
00000009577,3,3979,4
00000012906,3,3991,4
00000000027,3,4018,4
00000009779,3,4060,4
00000009227,3,4070,4
00000015032,3,4078,4
00000011419,3,4079,4
00000006823,3,4111,4
00000018307,3,4180,4
00000018013,3,4223,4
00000014509,3,4239,4
00000005931,3,4316,4
00000016832,3,4330,4
00000018845,3,4335,4
00000018776,3,4336,4
00000003905,3,4357,4
00000011634,3,4378,4
00000005432,3,4381,4
00000005883,3,4517,4
00000017317,3,4519,4
00000000223,3,4525,4
00000004230,3,4530,4
00000016818,3,4532,4
00000019439,3,4540,4
00000009642,3,4552,4
00000013263,3,4553,4
00000019289,3,4625,4
00000001360,3,4629,4
00000006191,3,4638,4
00000004081,3,4648,4
00000004426,3,4654,4
00000020708,3,4663,4
00000013802,3,4692,4
00000002996,3,4693,4
00000011268,3,4694,4
00000021341,3,4723,4
00000015249,3,4732,4
00000017606,3,4756,4
00000012044,3,4792,4
00000002905,3,4793,4
00000003738,3,4814,4
00000006784,3,4815,4
00000004112,3,4823,4
00000017366,3,4882,4
00000022329,3,5001,4
00000002370,3,5011,4
00000017868,3,5025,4
00000008207,3,5029,4
00000011543,3,5074,4
00000004887,3,5153,4
00000012691,3,5158,4
00000021142,3,5162,4
00000005888,3,5185,4
00000003021,2,5204,4
00000010196,3,5214,4
00000018852,3,5222,4
00000022747,3,5248,4
00000005629,3,5274,4
00000015294,2,5302,4
00000002264,3,5308,4
00000021903,3,5343,4
00000004509,3,5363,4
00000020608,3,5364,4
00000004477,3,5365,4
00000016116,3,5387,4
00000022367,2,5397,4
00000007026,2,5399,4
00000024718,2,5411,4
00000000078,3,5455,4
00000016847,3,5526,4
00000015806,3,5527,4
00000006241,3,5554,4
00000014265,3,5567,4
00000023727,3,5593,4
00000014886,3,5607,4
00000024047,3,5657,4
00000008592,3,5685,4
00000020415,3,5688,4
00000023605,3,5752,4
00000016505,3,5756,4
00000001219,3,5831,4
00000009072,3,5887,4
00000023312,3,5914,4
00000008690,3,5915,4
00000019983,3,5919,4
00000003526,3,6024,4
00000025489,3,6028,4
00000009214,3,6039,4
00000026051,3,6058,4
00000025281,3,6061,4
00000011389,3,6065,4
00000026917,3,6071,4
00000004211,3,6099,4
00000008612,3,6148,4
00000028551,3,6177,4
00000026389,3,6180,4
00000018965,3,6205,4
00000005777,3,6209,4
00000023303,3,6225,4
00000002290,3,6239,4
00000003351,2,6285,4
00000008326,2,6299,4
00000028703,3,6353,4
00000017123,3,6354,4
00000021717,3,6358,4
00000025741,3,6370,4
00000027763,2,6377,4
00000016145,3,6383,4
00000002679,3,6415,4
00000018705,3,6418,4
00000024020,3,6430,4
00000019476,3,6473,4
00000022591,3,6548,4
00000012059,3,6560,4
00000029919,3,6723,4
00000026729,3,6750,4
00000007895,3,6752,4
00000019564,3,6777,4
00000000663,3,6791,4
00000023266,3,6806,4
00000013019,3,6848,4
00000004725,3,6857,4
00000016281,3,6865,4
00000007250,3,6920,4
00000007484,3,6929,4
00000025681,3,6960,4
00000024240,3,6975,4
00000028928,3,6989,4
00000032776,3,6995,4
00000030648,3,7055,4
00000023740,3,7084,4
00000002531,3,7123,4
00000024133,3,7129,4
00000029778,3,7195,4
00000004046,3,7278,4
00000003907,3,7315,4
00000031199,3,7357,4
00000031781,3,7417,4
00000000352,3,7431,4
00000000411,3,7442,4
00000007956,3,7483,4
00000006170,3,7555,4
00000035279,3,7559,4
00000022773,3,7565,4
00000026723,3,7568,4
00000013519,3,7577,4
00000016754,3,7601,4
00000006154,3,7602,4
00000013205,3,7614,4
00000029664,3,7675,4
00000001942,3,7703,4
00000011769,3,7727,4
00000005948,3,7728,4
00000001142,3,7745,4
00000025221,3,7750,4
00000011666,3,7818,4
00000035460,3,7824,4
00000022738,3,7825,4
00000036205,3,7833,4
00000026725,3,7875,4
00000016628,3,7946,4
00000025493,2,7967,4
00000035141,3,7988,4
00000027470,3,8049,4
00000015950,3,8065,4
00000027434,3,8097,4
00000021194,3,8193,4
00000027154,3,8299,4
00000028147,3,8340,4
00000010102,3,8400,4
00000009954,3,8411,4
00000033157,3,8417,4
00000003790,3,8494,4
00000000081,3,8502,4
00000038802,3,8505,4
00000030963,3,8563,4
00000012312,3,8582,4
00000005052,3,8605,4
00000032147,3,8625,4
00000022893,2,8633,4
00000011839,3,8645,4
00000005371,3,8685,4
00000031183,3,8693,4
00000040316,2,8702,4
00000008641,2,8708,4
00000010640,2,8729,4
00000014650,2,8770,4
00000001735,2,8779,4
00000018100,3,8790,4
00000039371,3,8791,4
00000018695,3,8821,4
00000007691,3,8853,4
00000017042,3,8883,4
00000034502,3,8919,4
00000016028,3,8932,4
00000029465,3,8956,4
00000024204,3,9122,4
00000018067,3,9271,4
00000004736,3,9411,4
00000038483,3,9457,4
00000035266,3,9458,4
00000014901,3,9480,4
00000020260,3,9545,4
00000040481,3,9547,4
00000014818,3,9561,4
00000019447,3,9573,4
00000018121,2,9580,4
00000026005,3,9601,4
00000045122,3,9608,4
00000002128,3,9858,4
00000034399,3,9861,4
00000022026,3,9896,4
00000031307,3,9898,4
00000021265,3,9910,4
00000040552,3,9919,4
00000001644,3,9946,4
00000046354,3,9972,4
00000026005,3,9973,4
00000008924,3,10047,4
00000046288,3,10048,4
00000007589,3,10049,4
00000034977,3,10050,4
00000017831,3,10118,4
00000028178,3,10161,4
00000035994,2,10178,4
00000008875,3,10185,4
00000009900,3,10199,4
00000020016,3,10229,4
00000045861,3,10239,4
00000029674,3,10299,4
00000035005,3,10301,4
00000006975,3,10310,4
00000036584,3,10311,4
00000034831,3,10330,4
00000044141,3,10363,4
00000045456,3,10385,4
00000015682,3,10510,4
00000023586,3,10557,4
00000026275,3,10662,4
00000034689,3,10686,4
00000030798,3,10692,4
00000031753,3,10705,4
00000032313,3,10735,4
00000050474,3,10751,4
00000011405,3,10765,4
00000009036,3,10766,4
00000010524,3,10768,4
00000028815,3,10836,4
00000042639,3,10839,4
00000031713,3,10846,4
00000041283,3,10885,4
00000006286,3,10953,4
00000011049,3,10954,4
00000007025,3,10964,4
00000044954,3,11019,4
00000013473,3,11020,4
00000050085,3,11021,4
00000031748,3,11050,4
00000045456,3,11087,4
00000007491,3,11093,4
00000030237,3,11132,4
00000002698,3,11147,4
00000027877,3,11244,4
00000017308,3,11247,4
00000025144,3,11258,4
00000049260,3,11282,4
00000021558,3,11292,4
00000025741,3,11294,4
00000005071,3,11295,4
00000008326,3,11319,4
00000027788,3,11350,4
00000032157,3,11351,4
00000021377,2,11362,4
00000023657,3,11364,4
00000044632,3,11381,4
00000047348,3,11390,4
00000043380,3,11391,4
00000006662,2,11397,4
00000036838,2,11398,4
00000030960,2,11399,4
00000027977,2,11413,4
00000025437,3,11420,4
00000030212,3,11489,4
00000028270,3,11515,4
00000028560,3,11555,4
00000001452,3,11598,4
00000054581,3,11608,4
00000027235,3,11618,4
00000032427,3,11734,4
00000053957,3,11742,4
00000020752,3,11781,4
00000043629,3,11784,4
00000051875,3,11805,4
00000003502,3,11808,4
00000028495,3,11809,4
00000016279,3,11828,4
00000005747,3,11829,4
00000008875,3,11838,4
00000040781,3,11869,4
00000055714,3,11873,4
00000001142,3,11899,4
00000054449,3,11901,4
00000015874,3,11902,4
00000029044,3,11967,4
00000026172,3,11971,4
00000052779,3,12012,4
00000014756,3,12067,4
00000032452,3,12105,4
00000015480,3,12109,4
00000049151,3,12117,4
00000046741,3,12155,4
00000053796,3,12184,4
00000018281,3,12209,4
00000000820,3,12212,4
00000040453,3,12290,4
00000023241,3,12295,4
00000047204,3,12309,4
00000056068,3,12374,4
00000007466,3,12376,4
00000025281,3,12471,4
00000013193,2,12487,4
00000042039,3,12495,4
00000014509,3,12559,4
00000056331,3,12603,4
00000053900,3,12626,4
00000005071,3,12627,4
00000008362,3,12659,4
00000018562,3,12676,4
00000004792,3,12734,4
00000007520,3,12760,4
00000051923,3,12765,4
00000012963,3,12784,4
00000007154,3,12790,4
00000038913,3,12801,4
00000037453,2,12828,4
00000038182,3,12831,4
00000033366,3,12832,4
00000056567,3,12894,4
00000010054,3,12896,4
00000042042,3,12910,4
00000048866,3,12963,4
00000035819,3,13042,4
00000056676,3,13082,4
00000045983,3,13083,4
00000040158,3,13118,4
00000061898,3,13138,4
00000022639,3,13155,4
00000059323,3,13156,4
00000061396,2,13181,4
00000039287,3,13183,4
00000020389,2,13199,4
00000010998,3,13227,4
00000041638,3,13242,4
00000040794,3,13295,4
00000034455,3,13296,4
00000041299,3,13344,4
00000039227,3,13385,4
00000009800,3,13411,4
00000062064,3,13450,4
00000036883,3,13457,4
00000009911,3,13468,4
00000001338,3,13544,4
00000015620,3,13559,4
00000053311,3,13560,4
00000039662,3,13572,4
00000035918,3,13640,4
00000055770,3,13682,4
00000000745,3,13718,4
00000036120,2,13802,4
00000058407,2,13803,4
00000014602,3,13809,4
00000014000,3,13838,4
00000043306,2,13848,4
00000051614,3,13882,4
00000007494,2,13923,4
00000064908,3,13939,4
00000048224,3,13945,4
00000015542,3,13950,4
00000028560,3,13952,4
00000040781,3,13955,4
00000003192,3,13956,4
00000032639,3,13968,4
00000052515,3,13985,4
00000062114,3,14008,4
00000030950,3,14010,4
00000044542,3,14013,4
00000003999,3,14138,4
00000000926,3,14139,4
00000048920,3,14142,4
00000045404,3,14146,4
00000059888,3,14158,4
00000061627,3,14161,4
00000061764,3,14168,4
00000066111,3,14205,4
00000029156,3,14215,4
00000043282,3,14222,4
00000062787,3,14225,4
00000037557,3,14252,4
00000032415,3,14260,4
00000048911,3,14350,4
00000016437,2,14383,4
00000022464,2,14384,4
00000048875,3,14406,4
00000056627,3,14407,4
00000044060,3,14408,4
00000027673,3,14435,4
00000001698,3,14575,4
00000020367,3,14582,4
00000032832,3,14641,4
00000042494,3,14665,4
00000023478,3,14697,4
00000030129,3,14744,4
00000003654,3,14753,4
00000067691,3,14765,4
00000066417,3,14781,4
00000028550,3,14805,4
00000061553,3,14836,4
00000002594,3,14847,4
00000060678,3,14867,4
00000062923,3,14870,4
00000058379,3,14871,4
00000025118,3,14881,4
00000064466,3,14883,4
00000004346,3,14884,4
00000047927,2,14911,4
00000058279,3,14923,4
00000004158,3,15014,4
00000011196,3,15017,4
00000062277,3,15049,4
00000058552,3,15050,4
00000056614,3,15052,4
00000060235,3,15056,4
00000044579,3,15074,4
00000050962,3,15120,4
00000007249,3,15121,4
00000062643,3,15123,4
00000036032,3,15130,4
00000026737,3,15146,4
00000009074,3,15152,4
00000018808,3,15153,4
00000062872,3,15160,4
00000049860,3,15227,4
00000040659,3,15252,4
00000053572,3,15261,4
00000005975,3,15308,4
00000053690,3,15309,4
00000026514,3,15318,4
00000001797,3,15362,4
00000046229,3,15365,4
00000016816,3,15411,4
00000031580,3,15456,4
00000046607,3,15505,4
00000018235,3,15515,4
00000024687,3,15550,4
00000042795,3,15579,4
00000050488,3,15592,4
00000037942,3,15610,4
00000066624,3,15612,4
00000056645,3,15621,4
00000030059,3,15640,4
00000046946,3,15727,4
00000010277,3,15798,4
00000050084,3,15809,4
00000018293,3,15859,4
00000018920,3,15877,4
00000045414,3,15934,4
00000061771,3,15955,4
00000006827,3,16012,4
00000046278,3,16022,4
00000060510,3,16056,4
00000007552,3,16097,4
00000041846,3,16159,4
00000050488,3,16160,4
00000059367,3,16184,4
00000008932,3,16192,4
00000064635,3,16198,4
00000069182,3,16201,4
00000024797,2,16205,4
00000053137,3,16216,4
00000071583,3,16232,4
00000001138,3,16235,4
00000034922,3,16253,4
00000042099,3,16264,4
00000053412,2,16291,4
00000049075,3,16340,4
00000043248,3,16345,4
00000002396,3,16422,4
00000071556,3,16430,4
00000056068,3,16445,4
00000005282,3,16446,4
00000029121,3,16477,4
00000056547,2,16530,4
00000017263,3,16533,4
00000021198,2,16573,4
00000008447,3,16593,4
00000032642,3,16607,4
00000039246,3,16612,4
00000077714,2,16618,4
00000030904,3,16638,4
00000053262,3,16639,4
00000022415,3,16653,4
00000029558,3,16658,4
00000014164,2,16747,4
00000019198,2,16749,4
00000043031,2,16766,4
00000044433,3,16771,4
00000049609,3,16782,4
00000074834,3,16847,4
00000062953,3,16876,4
00000055648,3,16921,4
00000023948,2,17013,4
00000002148,2,17014,4
00000065411,3,17038,4
00000006784,3,17061,4
00000055713,3,17115,4
00000064926,3,17128,4
00000032224,3,17148,4
00000063745,3,17165,4
00000017401,3,17166,4
00000060901,3,17205,4
00000000962,3,17208,4
00000077919,3,17209,4
00000059813,3,17223,4
00000039671,3,17263,4
00000035669,3,17407,4
00000076882,3,17408,4
00000046227,3,17427,4
00000039926,3,17463,4
00000053093,3,17464,4
00000024362,2,17485,4
00000076572,3,17509,4
00000063197,3,17521,4
00000030645,3,17576,4
00000013872,3,17620,4
00000080891,3,17629,4
00000082903,3,17630,4
00000069917,3,17727,4
00000035610,3,17728,4
00000002504,3,17755,4
00000020613,3,17800,4
00000051423,3,17810,4
00000057633,3,17820,4
00000072229,3,17822,4
00000051010,3,17826,4
00000031775,3,17829,4
00000071084,3,17850,4
00000028464,3,17852,4
00000059778,3,17863,4
00000011998,3,17872,4
00000069772,3,17877,4
00000076471,3,17942,4
00000021289,3,17943,4
00000000031,3,17945,4
00000047270,3,18092,4
00000055879,3,18100,4
00000083490,3,18101,4
00000006497,3,18178,4
00000084074,3,18287,4
00000081341,3,18335,4
00000044024,3,18338,4
00000023985,3,18344,4
00000058086,3,18349,4
00000022493,2,18408,4
00000061038,3,18445,4
00000025183,3,18458,4
00000075735,3,18459,4
00000073998,3,18521,4
00000028043,3,18525,4
00000028662,3,18539,4
00000008434,3,18540,4
00000038897,3,18541,4
00000046762,3,18564,4
00000034168,3,18586,4
00000050971,3,18611,4
00000076213,3,18613,4
00000023340,3,18639,4
00000002184,3,18652,4
00000081508,2,18656,4
00000060211,3,18764,4
00000020824,3,18765,4
00000053789,3,18768,4
00000070303,3,18816,4
00000057665,3,18914,4
00000014335,3,18951,4
00000032129,3,18989,4
00000000001,3,19035,4
00000010119,3,19072,4
00000014806,3,19183,4
00000035709,3,19234,4
00000013246,3,19246,4
00000071968,3,19262,4
00000016481,3,19343,4
00000091104,3,19349,4
00000044856,3,19350,4
00000051069,3,19398,4
00000016688,3,19455,4
00000063560,3,19456,4
00000006839,3,19470,4
00000080730,3,19471,4
00000017879,3,19484,4
00000089226,3,19531,4
00000083085,3,19541,4
00000045471,3,19542,4
00000076670,3,19553,4
00000004319,3,19568,4
00000087641,3,19598,4
00000032642,3,19618,4
00000009300,3,19620,4
00000046094,3,19621,4
00000053447,3,19633,4
00000080072,2,19671,4
00000029057,3,19735,4
00000059389,3,19741,4
00000008270,3,19747,4
00000011130,3,19780,4
00000038384,3,19792,4
00000080565,3,19827,4
00000013500,3,19845,4
00000084671,3,19862,4
00000074213,3,19874,4
00000042484,3,19877,4
00000048376,3,19893,4
00000007310,3,20074,4
00000064715,3,20103,4
00000012115,3,20157,4
00000083987,3,20161,4
00000073700,3,20162,4
00000071400,3,20198,4
00000093314,3,20203,4
00000033816,3,20205,4
00000053408,3,20206,4
00000082531,3,20210,4
00000066278,3,20213,4
00000059408,3,20250,4
00000067357,3,20253,4
00000091849,3,20267,4
00000044786,3,20279,4
00000007845,3,20298,4
00000074925,3,20303,4
00000041283,3,20313,4
00000059515,3,20330,4
00000062872,3,20338,4
00000004230,3,20339,4
00000001915,3,20341,4
00000011552,3,20346,4
00000075725,3,20411,4
00000071461,3,20418,4
00000026514,3,20453,4
00000015101,3,20477,4
00000016149,3,20514,4
00000004895,3,20546,4
00000049525,3,20577,4
00000073032,3,20588,4
00000082397,3,20611,4
00000007897,3,20662,4
00000044832,3,20663,4
00000073807,3,20700,4
00000067399,3,20703,4
00000006293,3,20709,4
00000096491,3,20712,4
00000063762,3,20714,4
00000086148,3,20804,4
00000022216,3,20859,4
00000002130,3,20860,4
00000010178,3,20861,4
00000042032,3,20878,4
00000055624,3,20892,4
00000083749,3,20894,4
00000046489,3,20905,4
00000070024,2,20938,4
00000004956,3,20950,4
00000081686,3,20958,4
00000070374,3,20986,4
00000093383,2,21004,4
00000090364,3,21074,4
00000096606,3,21103,4
00000072972,3,21136,4
00000033719,3,21137,4
00000013626,3,21209,4
00000000035,3,9,3
00000000100,3,36,3
00000000035,3,56,3
00000000370,2,78,3
00000000007,2,79,3
00000000038,3,82,3
00000000004,2,104,3
00000000627,3,122,3
00000000265,3,124,3
00000000067,3,142,3
00000000043,2,144,3
00000000626,3,151,3
00000000363,3,181,3
00000000218,3,189,3
00000000901,3,214,3
00000000243,2,222,3
00000000053,3,238,3
00000001106,3,242,3
00000000620,3,274,3
00000001123,3,276,3
00000000215,3,277,3
00000001246,2,287,3
00000000511,3,293,3
00000000306,3,299,3
00000000132,2,305,3
00000000085,3,317,3
00000001422,3,368,3
00000001279,3,402,3
00000000678,3,408,3
00000000090,3,409,3
00000001459,3,411,3
00000000999,3,429,3
00000001080,3,445,3
00000001337,3,476,3
00000000083,3,481,3
00000000676,3,482,3
00000002142,3,492,3
00000000924,3,493,3
00000000924,3,516,3
00000000987,3,523,3
00000002480,3,534,3
00000002626,3,573,3
00000000004,3,633,3
00000000376,3,644,3
00000002294,3,649,3
00000001410,3,693,3
00000000915,3,745,3
00000002299,3,746,3
00000000549,3,755,3
00000003389,3,807,3
00000000615,3,831,3
00000003192,3,850,3
00000002111,3,851,3
00000002728,3,857,3
00000003749,3,896,3
00000003358,3,902,3
00000004122,3,942,3
00000001283,3,946,3
00000001176,3,978,3
00000001620,3,979,3
00000003864,3,1072,3
00000002137,3,1090,3
00000001810,3,1099,3
00000003397,3,1121,3
00000004278,3,1125,3
00000004933,3,1138,3
00000002001,3,1163,3
00000000049,3,1170,3
00000004931,3,1227,3
00000005409,3,1246,3
00000003158,3,1278,3
00000000043,3,1283,3
00000005917,3,1300,3
00000002419,3,1310,3
00000001815,3,1311,3
00000000040,2,1320,3
00000004673,3,1330,3
00000004410,2,1333,3
00000006157,3,1336,3
00000003879,3,1337,3
00000001026,3,1338,3
00000004312,2,1365,3
00000005117,2,1366,3
00000002270,2,1380,3
00000002738,3,1443,3
00000005783,3,1448,3
00000006581,3,1460,3
00000005636,3,1516,3
00000002264,3,1523,3
00000006545,3,1537,3
00000004147,3,1558,3
00000001740,3,1621,3
00000000003,3,1645,3
00000007012,3,1650,3
00000002708,3,1719,3
00000001183,3,1721,3
00000008006,3,1728,3
00000006882,3,1745,3
00000002085,3,1761,3
00000002667,3,1823,3
00000006120,3,1824,3
00000005953,3,1834,3
00000006918,3,1853,3
00000003116,3,1855,3
00000004355,3,1884,3
00000006630,3,1885,3
00000000953,3,1927,3
00000008136,2,1978,3
00000000778,3,1982,3
00000007943,3,1985,3
00000006853,3,1990,3
00000005511,3,2017,3
00000006147,3,2018,3
00000000823,3,2049,3
00000004019,3,2051,3
00000001730,3,2059,3
00000008309,3,2076,3
00000006662,3,2149,3
00000004961,3,2150,3
00000004012,3,2158,3
00000000562,3,2167,3
00000007345,3,2177,3
00000001017,3,2178,3
00000006084,3,2191,3
00000005867,3,2256,3
00000006998,2,2281,3
00000002126,3,2283,3
00000009052,3,2300,3
00000002915,3,2311,3
00000003996,3,2334,3
00000010741,3,2365,3
00000007769,3,2406,3
00000000001,3,2409,3
00000003613,3,2436,3
00000003423,3,2446,3
00000011505,3,2447,3
00000002140,3,2558,3
00000004431,3,2609,3
00000006339,3,2625,3
00000002427,3,2648,3
00000011204,3,2661,3
00000006152,3,2665,3
00000007912,3,2670,3
00000004583,3,2675,3
00000002629,3,2676,3
00000007481,2,2728,3
00000002415,3,2731,3
00000006839,3,2737,3
00000009584,3,2758,3
00000002270,3,2771,3
00000002555,3,2780,3
00000002005,3,2790,3
00000000519,2,2817,3
00000001189,2,2819,3
00000011623,3,2824,3
00000000347,3,2830,3
00000004081,3,2889,3
00000010178,3,2890,3
00000007349,3,2917,3
00000007557,3,2977,3
00000001242,3,3012,3
00000002814,2,3048,3
00000002037,3,3060,3
00000005286,3,3087,3
00000004081,3,3094,3
00000011482,3,3214,3
00000005421,3,3255,3
00000014961,3,3257,3
00000013514,3,3258,3
00000003757,2,3284,3
00000004792,2,3287,3
00000009386,2,3296,3
00000000139,2,3297,3
00000005623,3,3302,3
00000011512,3,3303,3
00000012528,2,3325,3
00000005813,3,3362,3
00000000202,3,3429,3
00000008518,3,3501,3
00000013409,3,3542,3
00000007680,2,3627,3
00000011213,3,3683,3
00000000058,3,3711,3
00000002054,3,3724,3
00000012773,3,3734,3
00000016149,3,3735,3
00000003175,3,3775,3
00000016774,3,3796,3
00000012061,3,3802,3
00000001552,2,3808,3
00000004532,3,3821,3
00000016776,3,3825,3
00000017361,3,3832,3
00000015949,3,3859,3
00000011134,3,3876,3
00000010618,3,3905,3
00000015101,3,3925,3
00000003561,3,3936,3
00000017342,3,3980,3
00000006995,3,3993,3
00000012038,3,4025,3
00000012466,3,4026,3
00000018293,3,4030,3
00000002442,3,4047,3
00000016119,3,4056,3
00000004842,3,4059,3
00000012106,3,4082,3
00000000495,3,4087,3
00000018334,3,4097,3
00000015650,3,4158,3
00000006063,3,4177,3
00000018128,3,4179,3
00000013854,3,4214,3
00000011659,3,4225,3
00000000741,3,4226,3
00000009855,2,4243,3
00000006065,3,4313,3
00000001625,3,4314,3
00000007623,3,4320,3
00000015339,3,4342,3
00000000548,3,4348,3
00000017263,3,4380,3
00000008690,3,4405,3
00000016002,3,4461,3
00000010458,3,4497,3
00000006249,3,4501,3
00000015552,3,4504,3
00000008330,3,4506,3
00000003020,3,4543,3
00000009512,3,4546,3
00000019485,3,4580,3
00000003667,3,4614,3
00000011780,3,4636,3
00000015232,3,4637,3
00000013114,3,4645,3
00000000038,3,4708,3
00000009803,3,4748,3
00000004906,3,4759,3
00000018405,3,4767,3
00000004502,3,4787,3
00000001548,3,4791,3
00000009227,3,4821,3
00000010618,3,4828,3
00000000956,3,4872,3
00000004805,3,4877,3
00000002565,3,4985,3
00000009543,3,5015,3
00000006539,3,5022,3
00000022735,3,5023,3
00000015602,3,5047,3
00000003876,3,5078,3
00000020588,3,5082,3
00000011294,3,5085,3
00000002253,3,5089,3
00000020106,2,5155,3
00000017835,3,5160,3
00000008231,3,5175,3
00000020091,3,5188,3
00000001889,3,5198,3
00000008178,3,5201,3
00000019216,3,5213,3
00000006691,3,5217,3
00000022503,3,5218,3
00000018383,2,5219,3
00000017692,3,5224,3
00000018756,3,5229,3
00000019886,3,5242,3
00000005459,3,5244,3
00000023459,3,5268,3
00000009515,3,5269,3
00000016242,2,5292,3
00000004846,3,5304,3
00000004040,2,5324,3
00000006823,2,5330,3
00000000048,3,5345,3
00000010878,3,5355,3
00000011540,2,5358,3
00000007066,3,5415,3
00000019932,3,5416,3
00000020041,3,5417,3
00000000939,3,5422,3
00000023031,3,5438,3
00000020865,3,5490,3
00000015245,3,5573,3
00000003994,3,5584,3
00000022221,3,5609,3
00000023563,3,5638,3
00000019441,3,5655,3
00000017092,3,5661,3
00000012937,3,5662,3
00000026389,3,5663,3
00000018758,3,5669,3
00000013911,3,5692,3
00000002396,3,5758,3
00000014820,3,5796,3
00000009863,3,5839,3
00000026901,3,5860,3
00000022403,3,5877,3
00000020325,3,5892,3
00000026079,3,5913,3
00000008926,3,5921,3
00000012106,3,5933,3
00000025297,3,5955,3
00000011855,3,5957,3
00000018859,3,5958,3
00000019912,3,5966,3
00000013432,3,5970,3
00000012424,3,5987,3
00000022558,3,5992,3
00000019481,3,6038,3
00000020775,3,6060,3
00000012254,3,6063,3
00000010878,3,6106,3
00000012739,3,6109,3
00000009271,3,6115,3
00000015754,3,6166,3
00000027609,3,6167,3
00000000620,3,6173,3
00000019426,3,6181,3
00000004014,3,6185,3
00000026366,3,6224,3
00000027947,3,6227,3
00000007442,3,6228,3
00000014882,3,6229,3
00000022669,3,6261,3
00000000757,3,6273,3
00000002879,3,6274,3
00000024327,3,6278,3
00000025084,3,6307,3
00000015139,3,6349,3
00000021898,3,6372,3
00000011397,2,6376,3
00000024742,3,6420,3
00000022229,3,6432,3
00000018730,3,6442,3
00000013964,3,6460,3
00000023683,3,6462,3
00000017179,3,6472,3
00000009297,3,6508,3
00000010473,3,6556,3
00000003625,3,6563,3
00000014627,2,6565,3
00000028721,2,6566,3
00000021237,3,6595,3
00000000054,3,6667,3
00000000766,3,6668,3
00000029715,3,6674,3
00000020911,3,6684,3
00000016338,3,6697,3
00000027093,3,6698,3
00000014418,3,6733,3
00000008570,3,6735,3
00000024742,3,6773,3
00000013716,3,6796,3
00000009383,3,6841,3
00000015885,3,6876,3
00000027577,3,6887,3
00000019011,3,6944,3
00000027900,3,6969,3
00000006652,3,6983,3
00000003627,3,7014,3
00000032708,3,7049,3
00000007154,3,7057,3
00000014047,3,7083,3
00000031934,3,7131,3
00000001615,3,7145,3
00000008362,3,7149,3
00000019753,3,7182,3
00000027026,3,7193,3
00000007404,3,7194,3
00000023217,3,7209,3
00000022295,3,7230,3
00000032768,3,7237,3
00000005170,3,7253,3
00000008274,3,7255,3
00000027416,3,7267,3
00000000823,3,7269,3
00000005132,3,7337,3
00000025728,3,7338,3
00000010571,3,7342,3
00000028124,3,7351,3
00000003991,3,7419,3
00000032388,3,7573,3
00000021794,3,7623,3
00000000240,3,7638,3
00000028090,3,7651,3
00000016397,3,7664,3
00000016458,3,7680,3
00000012668,3,7716,3
00000018749,3,7722,3
00000017005,3,7726,3
00000006504,3,7759,3
00000025921,3,7786,3
00000031171,3,7804,3
00000026698,3,7812,3
00000024349,3,7835,3
00000009771,3,7837,3
00000032153,3,7878,3
00000014015,3,7883,3
00000035328,3,7927,3
00000033720,3,7953,3
00000023356,2,7964,3
00000014143,3,8055,3
00000015813,3,8068,3
00000025728,3,8093,3
00000026058,3,8116,3
00000010453,3,8118,3
00000000067,3,8124,3
00000010563,3,8131,3
00000022773,3,8148,3
00000010251,3,8149,3
00000002288,3,8152,3
00000014047,3,8176,3
00000021635,3,8188,3
00000008683,3,8224,3
00000019509,3,8298,3
00000011339,3,8310,3
00000037393,3,8316,3
00000001434,3,8317,3
00000035460,3,8335,3
00000038275,3,8364,3
00000036552,3,8427,3
00000009196,3,8439,3
00000012997,2,8440,3
00000017563,2,8441,3
00000036315,3,8466,3
00000022407,3,8588,3
00000035654,3,8644,3
00000019601,3,8649,3
00000021427,3,8668,3
00000018753,3,8676,3
00000001546,3,8690,3
00000038207,3,8692,3
00000014268,3,8757,3
00000010674,3,8769,3
00000034776,3,8773,3
00000004805,3,8778,3
00000026630,3,8859,3
00000028233,3,8879,3
00000017939,3,8881,3
00000040981,2,8901,3
00000016672,3,8921,3
00000017684,3,8938,3
00000026807,3,8939,3
00000033007,3,8941,3
00000031830,2,8943,3
00000000556,3,8998,3
00000019457,3,9026,3
00000019653,3,9027,3
00000040449,3,9088,3
00000027701,3,9114,3
00000035040,3,9124,3
00000024779,3,9134,3
00000004355,3,9135,3
00000025732,3,9136,3
00000033011,3,9141,3
00000031826,3,9228,3
00000008728,3,9230,3
00000034185,3,9246,3
00000002174,3,9260,3
00000035987,3,9262,3
00000043601,3,9315,3
00000042442,3,9316,3
00000013592,3,9335,3
00000022551,3,9337,3
00000024315,3,9338,3
00000029894,3,9378,3
00000010974,3,9380,3
00000030098,3,9397,3
00000039211,3,9413,3
00000019125,3,9417,3
00000000548,3,9418,3
00000025558,3,9438,3
00000003815,3,9439,3
00000029681,3,9440,3
00000000977,3,9466,3
00000043848,3,9486,3
00000017835,3,9504,3
00000034924,3,9531,3
00000014212,2,9539,3
00000016893,3,9633,3
00000030988,3,9640,3
00000025297,3,9696,3
00000035104,3,9706,3
00000022179,3,9715,3
00000029035,3,9742,3
00000037526,3,9750,3
00000023672,3,9818,3
00000024541,3,9849,3
00000015101,3,9856,3
00000038387,3,9873,3
00000012691,3,9880,3
00000041733,3,9918,3
00000035500,3,9940,3
00000018757,3,9950,3
00000011611,3,9967,3
00000042782,3,9974,3
00000008046,3,10014,3
00000043805,3,10040,3
00000044540,3,10046,3
00000000575,3,10057,3
00000004821,3,10064,3
00000001643,3,10066,3
00000036589,3,10067,3
00000003303,3,10073,3
00000004431,3,10074,3
00000000597,3,10081,3
00000007895,3,10108,3
00000040483,3,10112,3
00000044906,3,10120,3
00000035878,3,10163,3
00000036466,3,10175,3
00000047192,3,10195,3
00000031836,3,10223,3
00000018845,3,10231,3
00000011327,3,10257,3
00000002107,3,10269,3
00000009062,3,10295,3
00000041672,3,10298,3
00000005282,3,10309,3
00000042294,3,10384,3
00000003566,3,10431,3
00000010918,3,10501,3
00000008306,3,10513,3
00000030668,3,10545,3
00000049199,3,10598,3
00000024343,3,10622,3
00000019573,3,10638,3
00000037399,3,10645,3
00000003226,3,10660,3
00000017049,3,10694,3
00000033428,3,10709,3
00000001159,3,10757,3
00000029558,3,10786,3
00000020777,3,10857,3
00000011997,3,10898,3
00000045865,3,10900,3
00000027788,3,10957,3
00000003639,3,10966,3
00000010361,3,10985,3
00000000268,3,10988,3
00000048731,3,11018,3
00000022269,3,11054,3
00000027880,3,11076,3
00000011802,3,11078,3
00000052007,3,11086,3
00000046294,3,11097,3
00000026052,3,11105,3
00000032877,3,11110,3
00000007742,3,11129,3
00000025940,3,11130,3
00000043344,3,11139,3
00000005636,3,11140,3
00000004880,3,11154,3
00000013305,3,11158,3
00000008345,3,11163,3
00000006047,3,11166,3
00000040675,3,11167,3
00000011982,3,11188,3
00000007441,3,11208,3
00000037398,3,11209,3
00000018732,3,11234,3
00000000027,3,11261,3
00000000027,3,11269,3
00000049894,3,11273,3
00000023040,3,11287,3
00000014886,3,11291,3
00000042108,3,11297,3
00000000881,3,11310,3
00000031053,3,11312,3
00000004257,2,11322,3
00000036622,3,11346,3
00000013287,3,11360,3
00000000147,2,11363,3
00000010129,2,11370,3
00000052364,2,11371,3
00000040150,2,11377,3
00000052384,3,11402,3
00000010552,3,11403,3
00000022798,3,11412,3
00000043147,3,11419,3
00000002272,3,11422,3
00000034399,3,11438,3
00000039650,3,11454,3
00000053046,3,11506,3
00000040989,3,11512,3
00000002953,3,11564,3
00000030628,3,11575,3
00000036432,3,11718,3
00000009379,3,11744,3
00000001271,3,11758,3
00000054089,3,11797,3
00000003629,3,11820,3
00000046194,3,11840,3
00000011075,3,11871,3
00000003029,3,11876,3
00000021194,3,11880,3
00000019081,3,11969,3
00000052299,3,11973,3
00000008454,3,12043,3
00000039869,3,12103,3
00000044403,3,12106,3
00000051261,3,12123,3
00000032738,3,12156,3
00000038066,2,12167,3
00000039080,2,12173,3
00000030058,3,12194,3
00000026028,3,12219,3
00000006832,3,12233,3
00000036109,3,12240,3
00000021212,2,12245,3
00000000494,2,12257,3
00000033158,2,12259,3
00000055027,3,12269,3
00000043225,3,12280,3
00000041403,3,12281,3
00000018405,3,12286,3
00000027421,3,12297,3
00000034844,3,12311,3
00000045359,3,12335,3
00000001933,3,12342,3
00000056555,3,12364,3
00000055698,3,12366,3
00000039138,2,12368,3
00000049212,3,12371,3
00000035317,3,12392,3
00000013647,3,12434,3
00000026124,3,12486,3
00000040748,3,12540,3
00000026543,3,12548,3
00000049643,3,12549,3
00000054973,3,12558,3
00000037255,3,12574,3
00000037557,3,12629,3
00000046393,3,12648,3
00000046994,3,12650,3
00000027904,3,12655,3
00000057169,3,12663,3
00000013929,3,12665,3
00000051631,3,12714,3
00000017796,3,12715,3
00000056562,3,12720,3
00000013469,3,12727,3
00000014589,3,12767,3
00000005323,3,12783,3
00000053175,3,12799,3
00000051145,3,12800,3
00000030397,3,12803,3
00000029513,3,12808,3
00000042788,3,12814,3
00000039491,2,12906,3
00000040509,3,12977,3
00000060681,3,12997,3
00000046048,3,13004,3
00000033037,3,13015,3
00000031307,3,13019,3
00000024158,3,13070,3
00000004333,3,13187,3
00000006083,3,13188,3
00000018952,3,13245,3
00000041019,3,13282,3
00000006006,3,13379,3
00000019893,3,13387,3
00000050725,3,13392,3
00000018216,3,13402,3
00000034571,3,13413,3
00000028109,3,13418,3
00000033838,3,13449,3
00000034094,3,13456,3
00000062759,3,13494,3
00000021455,3,13530,3
00000019912,3,13546,3
00000061930,3,13556,3
00000024970,3,13577,3
00000022118,3,13579,3
00000063654,3,13604,3
00000057307,3,13608,3
00000018049,3,13635,3
00000019483,3,13639,3
00000017563,3,13706,3
00000025007,3,13714,3
00000050054,3,13722,3
00000057385,3,13776,3
00000024952,3,13778,3
00000029879,2,13779,3
00000020962,2,13780,3
00000013246,2,13824,3
00000054396,2,13825,3
00000000083,2,13855,3
00000008546,3,13859,3
00000034041,3,13867,3
00000053699,3,13880,3
00000064957,3,13881,3
00000055685,3,13965,3
00000050227,3,13970,3
00000036645,3,13971,3
00000059007,3,14072,3
00000042143,3,14073,3
00000014572,3,14076,3
00000027012,3,14095,3
00000004889,3,14160,3
00000042939,3,14166,3
00000052448,3,14169,3
00000064099,3,14180,3
00000058578,3,14242,3
00000035242,3,14258,3
00000058496,3,14305,3
00000027759,3,14308,3
00000032003,3,14313,3
00000029157,3,14325,3
00000056250,3,14327,3
00000044845,3,14338,3
00000049010,3,14343,3
00000020224,3,14410,3
00000042258,3,14455,3
00000014628,3,14456,3
00000021790,3,14484,3
00000039000,3,14535,3
00000008442,3,14536,3
00000040257,3,14554,3
00000040689,3,14555,3
00000065631,3,14576,3
00000057776,3,14580,3
00000005132,3,14581,3
00000039691,3,14585,3
00000032845,3,14593,3
00000050405,3,14644,3
00000032590,3,14653,3
00000044987,3,14654,3
00000047201,3,14663,3
00000048254,3,14678,3
00000059111,3,14705,3
00000067137,3,14722,3
00000015871,3,14742,3
00000054801,3,14750,3
00000049891,3,14751,3
00000020783,3,14767,3
00000010231,3,14772,3
00000011196,3,14773,3
00000066944,3,14775,3
00000051504,2,14789,3
00000039866,3,14832,3
00000039085,3,14845,3
00000050098,3,14846,3
00000047268,2,14850,3
00000023798,3,14857,3
00000046145,3,14886,3
00000024797,3,14915,3
00000012276,3,14916,3
00000024824,3,14917,3
00000042418,3,14929,3
00000055641,3,14935,3
00000054704,3,14945,3
00000066942,3,15016,3
00000059989,3,15018,3
00000009139,3,15076,3
00000066022,3,15101,3
00000020034,3,15126,3
00000031302,3,15143,3
00000023586,3,15144,3
00000010869,3,15156,3
00000019753,3,15157,3
00000051396,3,15159,3
00000058155,3,15162,3
00000047450,3,15264,3
00000038297,3,15296,3
00000069319,3,15338,3
00000069013,3,15347,3
00000014399,3,15438,3
00000018073,3,15495,3
00000064958,3,15566,3
00000044739,3,15577,3
00000023695,3,15585,3
00000051744,3,15663,3
00000046209,3,15676,3
00000003393,3,15729,3
00000018397,3,15734,3
00000022981,3,15794,3
00000001271,3,15811,3
00000065283,3,15853,3
00000025303,3,15898,3
00000035193,3,15899,3
00000070281,3,15904,3
00000059499,3,15921,3
00000015716,3,15926,3
00000019179,3,15968,3
00000043250,3,15969,3
00000051616,3,15973,3
00000056247,3,15977,3
00000073650,3,15984,3
00000044280,3,16010,3
00000036348,3,16028,3
00000037626,3,16029,3
00000049870,3,16036,3
00000060820,3,16163,3
00000027559,3,16191,3
00000042234,3,16258,3
00000016821,3,16259,3
00000009736,3,16279,3
00000019816,3,16290,3
00000035836,3,16306,3
00000057605,3,16308,3
00000062371,3,16352,3
00000075739,3,16353,3
00000071388,3,16359,3
00000028566,3,16399,3
00000054089,3,16437,3
00000056172,3,16501,3
00000069263,3,16502,3
00000010722,3,16568,3
00000069472,3,16613,3
00000060274,2,16626,3
00000066107,3,16637,3
00000038259,3,16646,3
00000003415,3,16685,3
00000008006,3,16693,3
00000051407,2,16698,3
00000058462,3,16710,3
00000022332,3,16715,3
00000009151,3,16718,3
00000032226,3,16746,3
00000013473,3,16773,3
00000069924,3,16779,3
00000001343,3,16804,3
00000071320,3,16812,3
00000015279,3,16813,3
00000041299,3,16822,3
00000028250,3,16833,3
00000036205,3,16839,3
00000061615,3,16875,3
00000047469,3,16900,3
00000042505,3,16914,3
00000036434,3,16938,3
00000022738,3,16939,3
00000022856,3,16940,3
00000064635,3,16946,3
00000050000,2,17005,3
00000048836,2,17006,3
00000041079,3,17034,3
00000012786,3,17056,3
00000040483,3,17060,3
00000015900,3,17086,3
00000077330,3,17114,3
00000013563,3,17222,3
00000017513,3,17227,3
00000066916,3,17236,3
00000067357,3,17239,3
00000026482,3,17252,3
00000011196,3,17271,3
00000002629,3,17273,3
00000069868,3,17277,3
00000038856,3,17282,3
00000036376,3,17308,3
00000006497,3,17311,3
00000051233,2,17348,3
00000028122,3,17370,3
00000079576,3,17385,3
00000052688,3,17412,3
00000077730,3,17431,3
00000030571,3,17441,3
00000004584,3,17477,3
00000038062,3,17510,3
00000042608,3,17594,3
00000045789,3,17613,3
00000022732,3,17622,3
00000014823,3,17645,3
00000056899,3,17655,3
00000035328,3,17766,3
00000028292,3,17769,3
00000029648,3,17770,3
00000031184,3,17817,3
00000006119,3,17823,3
00000068925,3,17825,3
00000073194,3,17828,3
00000055172,3,17833,3
00000056957,3,17834,3
00000061213,3,17871,3
00000078803,3,17951,3
00000043382,3,17958,3
00000046061,3,17996,3
00000063295,3,18024,3
00000017313,3,18082,3
00000050343,3,18102,3
00000006351,3,18147,3
00000004380,3,18157,3
00000051217,3,18231,3
00000011836,3,18232,3
00000061708,3,18233,3
00000023847,3,18234,3
00000048334,3,18238,3
00000074972,3,18257,3
00000071390,3,18334,3
00000081110,3,18340,3
00000008415,3,18351,3
00000035980,3,18376,3
00000079631,3,18473,3
00000079028,2,18487,3
00000069858,3,18491,3
00000012161,3,18497,3
00000042121,3,18523,3
00000078251,3,18585,3
00000030668,3,18587,3
00000038331,3,18588,3
00000067094,3,18643,3
00000056308,3,18701,3
00000051465,3,18702,3
00000030542,3,18770,3
00000006236,3,18794,3
00000009032,3,18850,3
00000032691,3,18851,3
00000073500,3,18852,3
00000001797,3,18865,3
00000063979,3,18928,3
00000028892,3,18942,3
00000036466,3,18946,3
00000051407,3,18950,3
00000025703,3,18970,3
00000047162,3,18978,3
00000040706,3,19008,3
00000059662,3,19037,3
00000064553,3,19040,3
00000072510,3,19058,3
00000055830,3,19086,3
00000051956,3,19090,3
00000047670,3,19180,3
00000015465,3,19181,3
00000033525,3,19205,3
00000062536,3,19250,3
00000085435,3,19266,3
00000071509,3,19284,3
00000055622,3,19311,3
00000028621,3,19314,3
00000058502,3,19376,3
00000016453,3,19400,3
00000062182,3,19412,3
00000035739,3,19512,3
00000021191,3,19514,3
00000029882,3,19521,3
00000027602,3,19522,3
00000048573,3,19523,3
00000053313,3,19567,3
00000030267,3,19597,3
00000053961,3,19603,3
00000091623,2,19640,3
00000008291,2,19641,3
00000034548,3,19654,3
00000044654,3,19734,3
00000065236,3,19743,3
00000084224,3,19829,3
00000081200,3,19830,3
00000084014,3,19837,3
00000085478,3,19883,3
00000008568,3,19895,3
00000074096,3,19896,3
00000013164,3,19899,3
00000044227,3,19923,3
00000093010,3,19990,3
00000055306,3,20010,3
00000087838,3,20024,3
00000060819,3,20037,3
00000073143,3,20046,3
00000053677,3,20073,3
00000013647,3,20125,3
00000081602,3,20149,3
00000033993,3,20154,3
00000065992,3,20173,3
00000073391,3,20197,3
00000083463,3,20199,3
00000087182,3,20212,3
00000088424,3,20234,3
00000040748,3,20329,3
00000078753,3,20333,3
00000080515,3,20351,3
00000005317,3,20360,3
00000007644,3,20366,3
00000067452,3,20371,3
00000066402,3,20373,3
00000063578,3,20376,3
00000011996,3,20393,3
00000018343,3,20431,3
00000092977,3,20463,3
00000015773,3,20473,3
00000043901,3,20504,3
00000060188,3,20530,3
00000030489,3,20531,3
00000051055,3,20538,3
00000031185,3,20543,3
00000025583,3,20549,3
00000081634,3,20565,3
00000026615,3,20590,3
00000093080,3,20591,3
00000014123,3,20593,3
00000009664,3,20603,3
00000003078,3,20604,3
00000080647,3,20612,3
00000006529,2,20657,3
00000073288,3,20669,3
00000053147,3,20723,3
00000006227,2,20745,3
00000060032,3,20840,3
00000086919,3,20856,3
00000003023,3,20857,3
00000027245,3,20865,3
00000085032,3,20869,3
00000096238,3,20871,3
00000058239,3,20872,3
00000060805,3,20876,3
00000090399,3,20886,3
00000046890,3,20895,3
00000071651,3,20912,3
00000017813,3,20989,3
00000079952,3,20994,3
00000076059,2,21003,3
00000061071,3,21040,3
00000092510,3,21041,3
00000023073,3,21061,3
00000068978,3,21073,3
00000023612,3,21083,3
00000023612,3,21112,3
00000088487,3,21135,3
00000097588,3,21149,3
00000083266,3,21161,3
00000092778,3,21181,3
00000091354,3,21186,3
00000032832,3,21198,3
00000095989,3,21212,3
00000008555,3,21220,3
00000000075,3,8,2
00000000100,3,13,2
00000000017,3,16,2
00000000015,3,17,2
00000000091,2,48,2
00000000050,2,51,2
00000000324,2,70,2
00000000050,2,73,2
00000000471,3,103,2
00000000082,3,141,2
00000000098,3,146,2
00000000389,3,164,2
00000000619,3,169,2
00000000410,2,194,2
00000000374,2,219,2
00000000073,3,220,2
00000000875,3,224,2
00000000999,3,283,2
00000000084,3,284,2
00000000411,3,292,2
00000000374,3,303,2
00000000153,3,326,2
00000001513,3,336,2
00000000437,3,337,2
00000001630,3,364,2
00000000001,3,401,2
00000001329,3,448,2
00000000553,3,449,2
00000000039,3,452,2
00000001681,3,460,2
00000002304,3,506,2
00000001352,3,507,2
00000000077,3,508,2
00000000459,3,514,2
00000001681,3,568,2
00000000020,3,577,2
00000001318,3,639,2
00000000082,2,677,2
00000000912,2,685,2
00000000044,2,690,2
00000001346,3,711,2
00000000459,3,744,2
00000001282,3,749,2
00000001226,3,757,2
00000003502,3,771,2
00000003309,3,773,2
00000000387,3,787,2
00000001977,3,819,2
00000003780,3,898,2
00000002060,3,919,2
00000000512,3,957,2
00000000062,3,958,2
00000000872,3,997,2
00000003488,3,999,2
00000004764,3,1026,2
00000002839,3,1027,2
00000000837,3,1028,2
00000004156,3,1029,2
00000000370,3,1030,2
00000001827,3,1031,2
00000004842,3,1038,2
00000002101,3,1039,2
00000004522,3,1059,2
00000004092,3,1060,2
00000001278,3,1083,2
00000003530,3,1156,2
00000001961,3,1157,2
00000001630,3,1160,2
00000004383,3,1161,2
00000001233,3,1177,2
00000003950,3,1178,2
00000002798,3,1180,2
00000000063,3,1189,2
00000003702,3,1206,2
00000001088,3,1221,2
00000000015,3,1225,2
00000002106,3,1234,2
00000000620,3,1285,2
00000001089,3,1293,2
00000004371,3,1294,2
00000002349,3,1296,2
00000000349,3,1298,2
00000005545,3,1304,2
00000004205,3,1313,2
00000001119,3,1321,2
00000004491,2,1332,2
00000004529,3,1339,2
00000001603,3,1343,2
00000006257,2,1349,2
00000001229,2,1356,2
00000000926,3,1361,2
00000005531,3,1362,2
00000002437,3,1368,2
00000002383,3,1379,2
00000002635,2,1381,2
00000006181,3,1382,2
00000005813,2,1400,2
00000000547,3,1402,2
00000004919,3,1404,2
00000003771,2,1406,2
00000004439,3,1445,2
00000004919,3,1465,2
00000005276,3,1469,2
00000000435,3,1472,2
00000001452,3,1473,2
00000005052,3,1489,2
00000003537,3,1496,2
00000002988,3,1497,2
00000001438,3,1520,2
00000001104,3,1522,2
00000004848,3,1531,2
00000000076,3,1536,2
00000005264,3,1579,2
00000003847,3,1580,2
00000003710,3,1640,2
00000004456,3,1653,2
00000006920,3,1665,2
00000000888,3,1666,2
00000006631,3,1713,2
00000000110,3,1758,2
00000006662,3,1769,2
00000000511,3,1787,2
00000007431,3,1790,2
00000006974,3,1832,2
00000003441,3,1840,2
00000004587,3,1845,2
00000000188,3,1873,2
00000007039,3,1898,2
00000007481,3,1909,2
00000006720,3,1910,2
00000000088,3,1911,2
00000000541,3,1917,2
00000002750,3,1920,2
00000003786,3,1934,2
00000003360,3,1935,2
00000006496,3,1940,2
00000004278,3,1970,2
00000007906,3,1992,2
00000006437,3,1995,2
00000001136,2,1996,2
00000006980,3,2012,2
00000005732,3,2061,2
00000008576,3,2090,2
00000009054,3,2096,2
00000003403,3,2097,2
00000003203,3,2140,2
00000006565,3,2148,2
00000002054,3,2166,2
00000003782,3,2193,2
00000009011,3,2210,2
00000001360,3,2222,2
00000004846,3,2225,2
00000008688,3,2229,2
00000008747,3,2230,2
00000008537,3,2238,2
00000006164,2,2280,2
00000002766,3,2316,2
00000001728,3,2319,2
00000000127,3,2320,2
00000009189,3,2344,2
00000006257,3,2360,2
00000008011,3,2361,2
00000002962,3,2367,2
00000009308,3,2449,2
00000008423,3,2483,2
00000005832,3,2486,2
00000010970,3,2491,2
00000000146,3,2519,2
00000004984,3,2529,2
00000003664,3,2545,2
00000004912,3,2557,2
00000006731,3,2582,2
00000010141,3,2583,2
00000010634,3,2584,2
00000003036,3,2607,2
00000011967,3,2624,2
00000003107,3,2669,2
00000009298,3,2677,2
00000010906,3,2679,2
00000004557,3,2693,2
00000006340,3,2699,2
00000008090,3,2752,2
00000000918,3,2756,2
00000006266,3,2757,2
00000003226,3,2764,2
00000002738,3,2797,2
00000008904,3,2806,2
00000000324,3,2813,2
00000007491,3,2873,2
00000001463,3,2911,2
00000001644,3,2974,2
00000013573,3,2976,2
00000008120,3,3001,2
00000002668,3,3047,2
00000013031,3,3051,2
00000014441,3,3054,2
00000009492,3,3063,2
00000005264,3,3090,2
00000005683,3,3126,2
00000000626,2,3150,2
00000008611,3,3152,2
00000006691,3,3188,2
00000006021,3,3194,2
00000008869,3,3198,2
00000004564,3,3199,2
00000010144,3,3205,2
00000006303,3,3206,2
00000004380,3,3227,2
00000010149,3,3244,2
00000003772,3,3246,2
00000010480,3,3247,2
00000008741,3,3250,2
00000007495,3,3260,2
00000006640,3,3267,2
00000011626,3,3294,2
00000005982,3,3315,2
00000003245,2,3317,2
00000014572,3,3322,2
00000000086,3,3323,2
00000003556,2,3329,2
00000009515,3,3330,2
00000010750,3,3331,2
00000003091,3,3341,2
00000011437,3,3342,2
00000002130,3,3345,2
00000015556,3,3364,2
00000014518,2,3369,2
00000009872,3,3371,2
00000001142,3,3376,2
00000004056,2,3378,2
00000007261,2,3382,2
00000014971,2,3385,2
00000009196,2,3386,2
00000008628,3,3426,2
00000004622,3,3458,2
00000001803,3,3491,2
00000015367,3,3497,2
00000006057,3,3500,2
00000006522,3,3510,2
00000013692,3,3521,2
00000007530,3,3527,2
00000009213,3,3535,2
00000005097,3,3536,2
00000003397,3,3537,2
00000000277,3,3544,2
00000006257,3,3570,2
00000008728,3,3575,2
00000004278,3,3581,2
00000013909,3,3586,2
00000001810,3,3590,2
00000006116,3,3598,2
00000004878,3,3621,2
00000013297,2,3623,2
00000001369,2,3626,2
00000012016,2,3628,2
00000001926,2,3629,2
00000014650,3,3631,2
00000000082,3,3637,2
00000006595,3,3668,2
00000006715,3,3707,2
00000012336,3,3719,2
00000002407,3,3721,2
00000011917,2,3742,2
00000002149,3,3744,2
00000006440,3,3751,2
00000006593,3,3753,2
00000007256,2,3756,2
00000014285,2,3762,2
00000014078,3,3768,2
00000014966,3,3773,2
00000015284,3,3783,2
00000017618,3,3801,2
00000004906,3,3842,2
00000013337,3,3882,2
00000012968,3,3892,2
00000007021,3,3893,2
00000012160,3,3902,2
00000017026,3,3930,2
00000000090,3,3964,2
00000000243,3,3988,2
00000011481,3,3998,2
00000000835,3,4032,2
00000003148,3,4039,2
00000013777,3,4045,2
00000004021,3,4055,2
00000008518,3,4076,2
00000007055,3,4104,2
00000005428,3,4142,2
00000000962,3,4144,2
00000008611,3,4153,2
00000015579,3,4161,2
00000008415,3,4163,2
00000016483,3,4172,2
00000006741,3,4173,2
00000011626,3,4176,2
00000013382,3,4178,2
00000003918,3,4213,2
00000017632,3,4215,2
00000012356,3,4221,2
00000003644,3,4222,2
00000009491,2,4245,2
00000015630,3,4251,2
00000007590,3,4252,2
00000010124,3,4309,2
00000019011,3,4310,2
00000004586,3,4312,2
00000014351,3,4334,2
00000000989,3,4376,2
00000017083,3,4418,2
00000006154,3,4420,2
00000006509,3,4445,2
00000016152,2,4528,2
00000002854,3,4647,2
00000019392,3,4652,2
00000020291,3,4653,2
00000018096,3,4657,2
00000015810,3,4661,2
00000014201,3,4662,2
00000000425,3,4669,2
00000001013,3,4702,2
00000016174,3,4707,2
00000009392,3,4735,2
00000007345,3,4819,2
00000021509,3,4820,2
00000020071,3,4845,2
00000001730,3,4855,2
00000017134,3,4861,2
00000003335,3,4881,2
00000020263,3,4913,2
00000004101,3,4983,2
00000012082,3,4995,2
00000018532,3,4998,2
00000016102,3,5051,2
00000020735,3,5080,2
00000021477,3,5081,2
00000013842,3,5102,2
00000018031,3,5106,2
00000023743,3,5107,2
00000009680,3,5130,2
00000023575,3,5134,2
00000001134,3,5135,2
00000006938,3,5144,2
00000003866,3,5145,2
00000001039,3,5170,2
00000009636,3,5174,2
00000006300,3,5187,2
00000006652,3,5197,2
00000013573,3,5203,2
00000009664,3,5210,2
00000023237,3,5216,2
00000000757,3,5270,2
00000024349,3,5283,2
00000012077,3,5301,2
00000019622,3,5311,2
00000016935,2,5337,2
00000004081,3,5349,2
00000014725,3,5354,2
00000008309,3,5357,2
00000015034,2,5409,2
00000003423,3,5431,2
00000025276,3,5435,2
00000018762,3,5437,2
00000005283,3,5442,2
00000016693,3,5495,2
00000022171,3,5534,2
00000019652,3,5544,2
00000024121,3,5557,2
00000021365,3,5565,2
00000015487,3,5590,2
00000016040,3,5611,2
00000024152,3,5666,2
00000007429,3,5676,2
00000022626,3,5695,2
00000026372,3,5697,2
00000018097,3,5794,2
00000005741,3,5814,2
00000003441,3,5821,2
00000025390,3,5862,2
00000007528,3,5863,2
00000025298,3,5865,2
00000026775,3,5936,2
00000025728,3,5965,2
00000021355,3,5967,2
00000014135,3,6003,2
00000026069,3,6004,2
00000016820,3,6006,2
00000017940,3,6008,2
00000003420,3,6034,2
00000000435,3,6048,2
00000019633,3,6104,2
00000003488,3,6124,2
00000011967,3,6125,2
00000020582,3,6126,2
00000027556,2,6127,2
00000014061,3,6183,2
00000008576,3,6200,2
00000017353,3,6204,2
00000016945,3,6238,2
00000010071,3,6242,2
00000002367,3,6263,2
00000000064,3,6270,2
00000029530,3,6277,2
00000021220,3,6289,2
00000017837,3,6293,2
00000023073,2,6298,2
00000008669,2,6319,2
00000028778,3,6344,2
00000000074,2,6347,2
00000008664,3,6356,2
00000006295,3,6363,2
00000028545,3,6394,2
00000014509,3,6403,2
00000026709,3,6423,2
00000019604,3,6443,2
00000014118,3,6465,2
00000022389,3,6466,2
00000030388,2,6469,2
00000010047,3,6534,2
00000021076,3,6537,2
00000008163,3,6538,2
00000025965,2,6570,2
00000031095,2,6572,2
00000030108,3,6669,2
00000015573,3,6734,2
00000017136,3,6748,2
00000025742,3,6772,2
00000017727,3,6794,2
00000024365,3,6800,2
00000010183,3,6805,2
00000027789,3,6808,2
00000026425,3,6810,2
00000001425,3,6811,2
00000030339,3,6812,2
00000021674,3,6835,2
00000025298,3,6840,2
00000011699,3,6851,2
00000000016,3,6875,2
00000013834,3,6896,2
00000005883,3,6916,2
00000028077,3,6928,2
00000014099,3,6931,2
00000031466,3,6938,2
00000022008,3,6950,2
00000010605,3,6952,2
00000023281,3,6966,2
00000022031,3,6967,2
00000005264,3,7005,2
00000022334,3,7013,2
00000004355,3,7016,2
00000014311,3,7058,2
00000009762,3,7065,2
00000013957,3,7070,2
00000029350,3,7074,2
00000019486,3,7099,2
00000009703,3,7100,2
00000032587,3,7144,2
00000028794,3,7147,2
00000008865,3,7211,2
00000025787,3,7264,2
00000025484,3,7308,2
00000014606,3,7318,2
00000027507,3,7353,2
00000028075,3,7356,2
00000006693,3,7390,2
00000030190,3,7416,2
00000011303,3,7426,2
00000026647,3,7427,2
00000031876,3,7515,2
00000019088,3,7539,2
00000010600,3,7607,2
00000001948,3,7610,2
00000009244,3,7669,2
00000034436,3,7670,2
00000013142,3,7768,2
00000004439,3,7769,2
00000029358,2,7772,2
00000026675,3,7782,2
00000024152,3,7790,2
00000004627,3,7800,2
00000026275,3,7803,2
00000026460,3,7808,2
00000031424,3,7811,2
00000032759,3,7821,2
00000009551,3,7844,2
00000028237,3,7845,2
00000008338,3,7855,2
00000004355,3,7886,2
00000027515,3,7894,2
00000031270,3,7913,2
00000016346,3,7915,2
00000008940,3,7925,2
00000032048,3,7926,2
00000030608,3,7929,2
00000020219,2,7963,2
00000009315,3,7971,2
00000033699,2,7973,2
00000019179,3,8009,2
00000035820,3,8013,2
00000009345,3,8014,2
00000026895,3,8037,2
00000019839,3,8072,2
00000026540,3,8089,2
00000001142,3,8104,2
00000037672,3,8123,2
00000032422,3,8127,2
00000022584,3,8134,2
00000029251,3,8135,2
00000000494,3,8151,2
00000036731,3,8183,2
00000002086,3,8197,2
00000002086,3,8198,2
00000032350,3,8209,2
00000000425,3,8261,2
00000035172,3,8270,2
00000029997,2,8274,2
00000017401,2,8279,2
00000013446,2,8281,2
00000017290,3,8286,2
00000014589,3,8287,2
00000018829,2,8305,2
00000021496,2,8306,2
00000005203,3,8322,2
00000024581,3,8323,2
00000011622,3,8365,2
00000010479,3,8418,2
00000000575,2,8423,2
00000007986,3,8432,2
00000036307,2,8436,2
00000019486,3,8470,2
00000016002,3,8474,2
00000008973,3,8481,2
00000007677,3,8483,2
00000021974,3,8496,2
00000032387,3,8572,2
00000023526,3,8585,2
00000029998,2,8659,2
00000023490,3,8662,2
00000024665,3,8671,2
00000026400,3,8674,2
00000035567,3,8727,2
00000040185,3,8739,2
00000026514,3,8755,2
00000023649,3,8761,2
00000033396,3,8762,2
00000002130,3,8765,2
00000003071,3,8766,2
00000015589,3,8768,2
00000020651,3,8772,2
00000012223,2,8785,2
00000026838,3,8816,2
00000026113,3,8834,2
00000038674,3,8835,2
00000018409,3,8846,2
00000007691,3,8878,2
00000032381,3,8885,2
00000039517,3,8887,2
00000031895,3,8897,2
00000007460,2,8902,2
00000037452,3,8904,2
00000010178,3,8905,2
00000019823,3,8912,2
00000007795,3,8914,2
00000032621,3,8925,2
00000038736,3,8927,2
00000015350,3,8955,2
00000029389,3,8992,2
00000034389,3,8995,2
00000021530,3,9006,2
00000009900,3,9007,2
00000026063,3,9020,2
00000009035,3,9022,2
00000027442,3,9023,2
00000023913,3,9066,2
00000042826,3,9083,2
00000013867,3,9085,2
00000037637,3,9111,2
00000039701,3,9127,2
00000026568,3,9153,2
00000016942,3,9168,2
00000035825,3,9169,2
00000002356,3,9182,2
00000024687,3,9224,2
00000018591,3,9245,2
00000025039,3,9248,2
00000043159,3,9250,2
00000025967,3,9253,2
00000032572,3,9254,2
00000002678,3,9274,2
00000018231,3,9276,2
00000031876,3,9277,2
00000002077,3,9319,2
00000041185,3,9321,2
00000017510,3,9327,2
00000041100,3,9346,2
00000000511,3,9375,2
00000025814,3,9381,2
00000016741,3,9400,2
00000024393,3,9403,2
00000020501,3,9415,2
00000004838,3,9416,2
00000040644,3,9423,2
00000016185,3,9501,2
00000037869,3,9521,2
00000031978,2,9543,2
00000009736,3,9587,2
00000034218,3,9617,2
00000024795,3,9636,2
00000002080,3,9637,2
00000042327,3,9661,2
00000014861,3,9711,2
00000041085,3,9717,2
00000036039,3,9722,2
00000002086,3,9723,2
00000029596,3,9730,2
00000010621,3,9744,2
00000045580,3,9848,2
00000013192,3,9851,2
00000028070,3,9852,2
00000042401,3,9864,2
00000013843,3,9868,2
00000033033,3,9904,2
00000044533,3,9949,2
00000031893,3,10028,2
00000023051,3,10063,2
00000017099,3,10080,2
00000036059,3,10087,2
00000007345,3,10090,2
00000023390,3,10091,2
00000037159,3,10094,2
00000013834,3,10096,2
00000040644,3,10107,2
00000008377,3,10111,2
00000026593,3,10146,2
00000004049,3,10172,2
00000005592,3,10173,2
00000035546,3,10182,2
00000045170,3,10197,2
00000045274,3,10213,2
00000031321,3,10244,2
00000041135,3,10245,2
00000028236,3,10273,2
00000007356,3,10317,2
00000046331,3,10349,2
00000044785,3,10360,2
00000000277,3,10419,2
00000006083,3,10425,2
00000043164,3,10436,2
00000000015,2,10489,2
00000023006,3,10504,2
00000043396,3,10532,2
00000007881,3,10544,2
00000030095,3,10549,2
00000022639,3,10550,2
00000042469,3,10563,2
00000017483,3,10575,2
00000039157,3,10581,2
00000027838,3,10585,2
00000048873,3,10586,2
00000041650,3,10594,2
00000022407,3,10606,2
00000013928,3,10610,2
00000007508,3,10621,2
00000047757,3,10624,2
00000014285,3,10661,2
00000042809,3,10667,2
00000048445,3,10673,2
00000019219,3,10675,2
00000036099,3,10677,2
00000042301,3,10711,2
00000026753,3,10713,2
00000004980,3,10747,2
00000018293,3,10750,2
00000049625,3,10754,2
00000041438,3,10759,2
00000038992,3,10784,2
00000050046,3,10788,2
00000048928,3,10829,2
00000036205,3,10860,2
00000040690,3,10875,2
00000046623,3,10878,2
00000044252,3,10901,2
00000044336,3,10903,2
00000048716,3,10904,2
00000046858,3,10942,2
00000022861,3,10950,2
00000006247,3,10959,2
00000010757,3,10962,2
00000019512,3,10990,2
00000003975,3,10999,2
00000041817,3,11000,2
00000019067,3,11004,2
00000030362,3,11065,2
00000022325,3,11082,2
00000047405,3,11128,2
00000012052,3,11136,2
00000030928,3,11171,2
00000026921,3,11192,2
00000052042,3,11195,2
00000032289,3,11272,2
00000005615,3,11307,2
00000032832,2,11308,2
00000005550,3,11318,2
00000025781,2,11325,2
00000011310,3,11376,2
00000012603,3,11393,2
00000046319,2,11409,2
00000016793,2,11410,2
00000031001,3,11432,2
00000033853,3,11440,2
00000042258,3,11442,2
00000025799,3,11472,2
00000007406,3,11475,2
00000051329,3,11480,2
00000018048,3,11481,2
00000036819,3,11510,2
00000000699,3,11547,2
00000009534,3,11551,2
00000028626,3,11589,2
00000002388,3,11609,2
00000024514,3,11725,2
00000034386,3,11738,2
00000007416,3,11746,2
00000055187,3,11766,2
00000041630,3,11767,2
00000036730,3,11769,2
00000033428,3,11774,2
00000052493,3,11801,2
00000047411,3,11812,2
00000015950,3,11813,2
00000021496,3,11852,2
00000029839,3,11859,2
00000037198,3,11860,2
00000002570,3,11891,2
00000021767,3,11914,2
00000014284,3,11922,2
00000001663,3,11926,2
00000004086,3,11958,2
00000049531,3,11976,2
00000024337,3,11980,2
00000033488,3,11987,2
00000000092,3,11993,2
00000015367,3,11994,2
00000013886,3,12005,2
00000001991,3,12021,2
00000045428,3,12026,2
00000036086,3,12031,2
00000052755,3,12032,2
00000038105,3,12036,2
00000055979,3,12042,2
00000013496,3,12063,2
00000053571,3,12064,2
00000039468,3,12076,2
00000022388,3,12079,2
00000002798,3,12097,2
00000040406,3,12115,2
00000017434,3,12124,2
00000055957,3,12133,2
00000044803,3,12134,2
00000010784,3,12138,2
00000012481,3,12147,2
00000041728,3,12148,2
00000022798,3,12154,2
00000007748,2,12170,2
00000026779,3,12172,2
00000019311,3,12201,2
00000053107,3,12214,2
00000022664,3,12249,2
00000005607,3,12253,2
00000023422,3,12254,2
00000009594,3,12256,2
00000051191,2,12258,2
00000005023,3,12261,2
00000036365,3,12274,2
00000018121,3,12299,2
00000049609,3,12305,2
00000033596,3,12307,2
00000037573,3,12319,2
00000039552,3,12333,2
00000056387,3,12341,2
00000006549,3,12343,2
00000009074,3,12345,2
00000000057,3,12347,2
00000045456,3,12356,2
00000032959,3,12359,2
00000023007,2,12360,2
00000049305,3,12361,2
00000011941,2,12367,2
00000057105,3,12391,2
00000050835,3,12393,2
00000032060,3,12414,2
00000036184,3,12423,2
00000036049,3,12441,2
00000041185,3,12449,2
00000058096,3,12451,2
00000005159,3,12455,2
00000010548,2,12464,2
00000043367,2,12465,2
00000054182,3,12515,2
00000005521,3,12516,2
00000049004,3,12518,2
00000030902,3,12526,2
00000045770,3,12532,2
00000049856,3,12591,2
00000000048,3,12635,2
00000058484,3,12722,2
00000056222,3,12726,2
00000025681,2,12728,2
00000002504,3,12730,2
00000047478,3,12747,2
00000031596,3,12754,2
00000020977,3,12795,2
00000026825,3,12813,2
00000043499,2,12841,2
00000042385,2,12845,2
00000034056,3,12866,2
00000058097,3,12876,2
00000002060,3,12877,2
00000052113,2,12905,2
00000045761,3,12990,2
00000050888,3,13006,2
00000004568,3,13009,2
00000014509,3,13023,2
00000016893,3,13035,2
00000003965,3,13079,2
00000060230,3,13081,2
00000028055,3,13147,2
00000019734,3,13166,2
00000038171,3,13173,2
00000043669,3,13198,2
00000003379,3,13215,2
00000055039,3,13222,2
00000015645,3,13290,2
00000027507,3,13313,2
00000009632,3,13320,2
00000036754,3,13342,2
00000029892,3,13349,2
00000060705,3,13367,2
00000043733,3,13368,2
00000012251,3,13372,2
00000053843,3,13394,2
00000008764,3,13405,2
00000006148,3,13437,2
00000056387,3,13471,2
00000019558,3,13495,2
00000002724,3,13539,2
00000016369,3,13555,2
00000018293,3,13568,2
00000042481,3,13584,2
00000048323,3,13637,2
00000060265,3,13642,2
00000022801,3,13667,2
00000023802,3,13690,2
00000014086,3,13727,2
00000052146,3,13741,2
00000020496,3,13759,2
00000060502,3,13761,2
00000041750,3,13770,2
00000054039,2,13781,2
00000061151,3,13784,2
00000018710,3,13788,2
00000004868,3,13789,2
00000052082,3,13797,2
00000047027,3,13845,2
00000052187,3,13857,2
00000052062,3,13858,2
00000062227,3,13869,2
00000004614,3,13883,2
00000034908,3,13891,2
00000027734,3,13898,2
00000017796,3,13904,2
00000046590,3,13909,2
00000048604,3,13914,2
00000056646,3,13926,2
00000027932,3,13984,2
00000048821,3,14003,2
00000049024,3,14092,2
00000013142,3,14149,2
00000001295,3,14164,2
00000029586,3,14172,2
00000059990,3,14173,2
00000057175,3,14179,2
00000027744,3,14228,2
00000042152,3,14239,2
00000003664,3,14247,2
00000051408,3,14262,2
00000057505,3,14266,2
00000064084,3,14276,2
00000064960,3,14290,2
00000016963,3,14291,2
00000021365,3,14334,2
00000044517,3,14372,2
00000021811,3,14391,2
00000046122,3,14417,2
00000033966,2,14418,2
00000007525,2,14420,2
00000009358,3,14434,2
00000008865,3,14437,2
00000027511,3,14449,2
00000030830,3,14450,2
00000040691,3,14451,2
00000004380,3,14454,2
00000034745,3,14472,2
00000041192,3,14477,2
00000007017,3,14531,2
00000046003,3,14547,2
00000000371,3,14548,2
00000042436,3,14551,2
00000031418,3,14561,2
00000006125,3,14583,2
00000058323,3,14592,2
00000009938,3,14674,2
00000029434,3,14688,2
00000041084,3,14711,2
00000052819,3,14721,2
00000069577,3,14738,2
00000040998,3,14757,2
00000001400,2,14777,2
00000066944,3,14788,2
00000001068,3,14801,2
00000032452,3,14817,2
00000061556,2,14864,2
00000064037,3,14874,2
00000040287,3,14932,2
00000066112,3,15002,2
00000044476,3,15005,2
00000062624,3,15038,2
00000038942,3,15083,2
00000008901,3,15105,2
00000039467,3,15140,2
00000009563,3,15141,2
00000050367,3,15209,2
00000000026,3,15210,2
00000014086,3,15218,2
00000041862,3,15225,2
00000058323,3,15226,2
00000017210,3,15231,2
00000066055,3,15236,2
00000047396,3,15238,2
00000041986,3,15239,2
00000069232,3,15325,2
00000063729,3,15381,2
00000002086,3,15401,2
00000063606,3,15424,2
00000038997,3,15445,2
00000034754,3,15509,2
00000008640,3,15514,2
00000065317,3,15528,2
00000059666,3,15543,2
00000026647,3,15544,2
00000073178,3,15553,2
00000030752,3,15557,2
00000061711,3,15558,2
00000045527,3,15567,2
00000067283,3,15597,2
00000051528,3,15598,2
00000061628,3,15603,2
00000072125,3,15625,2
00000061298,3,15649,2
00000063852,3,15651,2
00000061370,3,15657,2
00000056098,3,15668,2
00000058340,3,15737,2
00000062064,3,15750,2
00000067914,3,15754,2
00000007064,3,15792,2
00000064516,3,15804,2
00000073417,3,15848,2
00000061526,3,15862,2
00000015040,3,15864,2
00000035771,3,15894,2
00000026725,3,15895,2
00000000730,3,15918,2
00000064901,3,15959,2
00000046620,3,15980,2
00000040297,3,15981,2
00000038839,3,15994,2
00000042305,3,15995,2
00000059299,3,16023,2
00000046021,3,16034,2
00000010136,3,16053,2
00000058758,3,16100,2
00000047054,3,16103,2
00000010075,3,16108,2
00000050589,3,16109,2
00000000977,3,16125,2
00000009810,3,16129,2
00000046028,3,16145,2
00000040264,3,16176,2
00000045307,3,16180,2
00000052703,3,16196,2
00000040287,3,16197,2
00000058352,3,16207,2
00000042042,2,16208,2
00000033825,2,16213,2
00000047256,2,16224,2
00000045404,3,16226,2
00000010195,3,16241,2
00000065958,3,16246,2
00000066053,3,16250,2
00000076702,3,16277,2
00000065664,3,16292,2
00000050703,3,16313,2
00000068439,3,16320,2
00000019386,3,16321,2
00000052615,3,16383,2
00000047799,3,16384,2
00000065943,3,16385,2
00000064223,3,16386,2
00000012886,3,16396,2
00000070008,3,16402,2
00000058520,3,16411,2
00000056567,3,16416,2
00000014328,3,16418,2
00000040435,3,16425,2
00000069772,3,16426,2
00000032960,3,16454,2
00000059294,3,16467,2
00000074234,3,16497,2
00000035545,3,16509,2
00000077986,3,16516,2
00000034054,3,16529,2
00000062736,2,16590,2
00000058105,3,16596,2
00000009700,3,16611,2
00000003021,3,16623,2
00000028275,3,16628,2
00000075551,3,16648,2
00000006693,3,16651,2
00000028662,2,16717,2
00000004753,3,16720,2
00000065285,3,16734,2
00000061562,3,16753,2
00000049698,3,16757,2
00000045132,3,16758,2
00000055996,3,16802,2
00000047214,3,16825,2
00000022735,3,16864,2
00000015324,3,16878,2
00000000915,3,16889,2
00000075958,3,16893,2
00000040372,3,16908,2
00000070870,3,16954,2
00000010129,3,16956,2
00000064528,3,16957,2
00000075473,3,16967,2
00000008573,3,16996,2
00000037934,3,17004,2
00000005066,3,17031,2
00000017090,3,17042,2
00000019315,3,17043,2
00000001582,3,17058,2
00000002172,3,17117,2
00000067067,3,17119,2
00000008404,3,17151,2
00000007313,3,17172,2
00000045537,3,17220,2
00000072061,3,17241,2
00000005566,3,17254,2
00000003672,3,17284,2
00000059552,3,17310,2
00000058916,3,17313,2
00000055487,3,17363,2
00000073105,3,17369,2
00000076919,3,17397,2
00000042728,3,17443,2
00000065637,3,17482,2
00000066983,3,17483,2
00000001026,3,17487,2
00000081814,2,17488,2
00000003702,3,17508,2
00000064818,3,17524,2
00000020600,3,17557,2
00000052246,3,17562,2
00000077756,3,17566,2
00000057773,3,17585,2
00000072878,3,17609,2
00000033340,3,17660,2
00000053439,3,17670,2
00000068862,3,17671,2
00000026651,3,17675,2
00000054594,3,17679,2
00000082954,3,17680,2
00000020222,3,17689,2
00000054849,3,17691,2
00000037463,3,17726,2
00000035341,3,17737,2
00000030212,3,17739,2
00000002147,3,17759,2
00000064960,3,17760,2
00000002854,3,17781,2
00000039569,3,17844,2
00000067137,3,17847,2
00000006120,3,17875,2
00000026187,3,17908,2
00000066533,3,17922,2
00000063024,3,17932,2
00000078200,3,17935,2
00000023226,3,17936,2
00000076073,3,17950,2
00000041160,3,18045,2
00000069416,3,18063,2
00000049119,3,18074,2
00000079655,3,18116,2
00000001729,3,18122,2
00000040406,3,18159,2
00000059603,3,18166,2
00000017220,3,18171,2
00000083652,3,18172,2
00000006545,3,18183,2
00000066487,3,18226,2
00000019252,3,18254,2
00000072612,3,18273,2
00000016054,3,18291,2
00000049936,3,18314,2
00000010979,3,18319,2
00000074521,3,18323,2
00000075018,3,18352,2
00000041554,3,18418,2
00000011093,3,18420,2
00000051125,3,18447,2
00000044737,3,18472,2
00000048773,3,18475,2
00000072094,3,18478,2
00000009051,3,18496,2
00000081320,3,18533,2
00000054078,3,18566,2
00000036355,2,18572,2
00000005130,3,18577,2
00000062064,3,18584,2
00000007004,3,18593,2
00000008840,3,18599,2
00000020852,3,18622,2
00000010759,3,18731,2
00000045847,3,18746,2
00000065694,3,18772,2
00000070577,3,18780,2
00000060006,3,18790,2
00000053714,3,18796,2
00000082615,3,18829,2
00000075945,3,18848,2
00000011998,3,18890,2
00000015848,3,18900,2
00000086865,3,18902,2
00000070042,3,18911,2
00000081490,3,18949,2
00000020108,3,18973,2
00000076445,3,19014,2
00000086624,3,19017,2
00000086477,3,19021,2
00000084386,3,19024,2
00000081537,3,19025,2
00000031396,3,19030,2
00000075820,2,19032,2
00000056586,3,19033,2
00000056154,3,19061,2
00000029411,3,19071,2
00000014123,3,19102,2
00000063538,3,19105,2
00000017320,3,19111,2
00000074745,3,19113,2
00000060822,3,19195,2
00000032244,3,19196,2
00000080766,3,19198,2
00000075282,3,19204,2
00000072275,3,19230,2
00000069315,3,19244,2
00000069052,3,19254,2
00000044598,3,19304,2
00000074125,3,19313,2
00000040389,3,19324,2
00000060220,3,19342,2
00000079518,3,19375,2
00000051423,3,19419,2
00000052254,3,19432,2
00000066155,3,19473,2
00000050800,3,19482,2
00000057655,3,19488,2
00000057282,3,19508,2
00000014901,3,19524,2
00000041774,3,19545,2
00000007030,3,19593,2
00000027873,3,19614,2
00000055364,3,19643,2
00000016062,2,19645,2
00000023695,3,19657,2
00000084594,2,19667,2
00000029429,3,19674,2
00000070512,3,19678,2
00000066060,3,19723,2
00000075493,3,19740,2
00000003420,3,19799,2
00000047430,3,19812,2
00000022452,3,19882,2
00000069669,3,19906,2
00000077568,3,19914,2
00000087402,3,19922,2
00000085198,3,19979,2
00000051501,3,19992,2
00000063370,3,20016,2
00000013056,3,20025,2
00000064481,3,20034,2
00000081669,3,20039,2
00000009297,3,20041,2
00000040911,3,20045,2
00000006957,3,20057,2
00000087034,3,20061,2
00000077709,3,20091,2
00000004647,3,20122,2
00000079518,3,20148,2
00000032427,3,20172,2
00000001820,3,20180,2
00000002353,3,20196,2
00000040406,3,20218,2
00000005025,3,20235,2
00000065256,3,20245,2
00000012591,3,20265,2
00000047157,3,20278,2
00000054449,3,20281,2
00000072930,3,20284,2
00000038786,3,20289,2
00000004541,3,20290,2
00000062708,3,20306,2
00000021377,3,20311,2
00000074362,3,20343,2
00000095168,3,20416,2
00000034754,3,20421,2
00000092350,3,20439,2
00000090253,3,20447,2
00000073121,3,20482,2
00000025557,3,20483,2
00000041593,3,20506,2
00000044766,3,20540,2
00000006278,3,20542,2
00000068664,3,20574,2
00000001827,3,20597,2
00000074019,3,20600,2
00000035503,3,20632,2
00000034394,3,20647,2
00000091785,3,20648,2
00000059880,3,20653,2
00000027203,3,20655,2
00000013982,3,20656,2
00000066350,3,20671,2
00000031183,3,20705,2
00000057392,3,20718,2
00000068953,3,20722,2
00000009428,3,20724,2
00000048406,3,20726,2
00000033915,3,20737,2
00000034706,3,20754,2
00000010261,3,20757,2
00000033752,3,20838,2
00000018476,3,20839,2
00000097649,3,20842,2
00000054705,3,20852,2
00000083749,3,20867,2
00000094010,3,20900,2
00000028500,3,20916,2
00000086995,2,20926,2
00000031142,3,20961,2
00000062809,3,20962,2
00000079780,3,20975,2
00000089526,3,20976,2
00000080354,3,20998,2
00000033070,3,21001,2
00000077443,3,21008,2
00000065325,2,21013,2
00000001967,2,21017,2
00000036957,3,21053,2
00000031227,3,21070,2
00000013720,3,21102,2
00000079664,2,21106,2
00000019538,3,21117,2
00000002005,3,21118,2
00000098371,3,21126,2
00000082344,3,21130,2
00000028026,3,21131,2
00000062255,3,21143,2
00000096832,3,21154,2
00000084785,3,21159,2
00000000099,2,2,1
00000000127,3,12,1
00000000047,3,50,1
00000000088,3,55,1
00000000089,3,64,1
00000000205,2,65,1
00000000265,3,67,1
00000000110,3,75,1
00000000312,2,76,1
00000000147,3,81,1
00000000241,2,91,1
00000000061,3,92,1
00000000033,3,94,1
00000000142,2,95,1
00000000127,3,96,1
00000000033,3,97,1
00000000008,3,98,1
00000000005,3,102,1
00000000009,3,105,1
00000000021,2,108,1
00000000306,2,115,1
00000000098,2,127,1
00000000098,2,145,1
00000000112,3,148,1
00000000085,3,168,1
00000000333,3,174,1
00000000006,3,188,1
00000000173,3,192,1
00000000732,3,199,1
00000000459,3,213,1
00000000974,3,223,1
00000001265,3,261,1
00000000826,3,290,1
00000000519,3,296,1
00000000091,3,297,1
00000000238,3,306,1
00000001119,3,324,1
00000000673,3,329,1
00000000172,3,338,1
00000000072,3,352,1
00000000202,3,354,1
00000001576,3,356,1
00000000265,3,359,1
00000001081,3,361,1
00000001575,3,387,1
00000001735,3,407,1
00000001603,3,437,1
00000000295,3,442,1
00000000974,3,478,1
00000000337,3,487,1
00000000837,3,489,1
00000000073,3,497,1
00000002320,3,500,1
00000001740,3,504,1
00000000575,3,537,1
00000001735,3,538,1
00000000969,2,540,1
00000001210,3,615,1
00000001369,3,636,1
00000001840,3,643,1
00000000032,3,647,1
00000000032,3,663,1
00000001658,3,676,1
00000001081,3,684,1
00000000741,3,703,1
00000002069,3,710,1
00000001323,3,737,1
00000002174,3,761,1
00000000027,3,785,1
00000003652,3,793,1
00000003399,3,798,1
00000000026,3,802,1
00000002001,3,823,1
00000000089,3,827,1
00000000741,2,828,1
00000003534,3,829,1
00000003455,3,837,1
00000002554,3,845,1
00000000342,3,849,1
00000003490,3,874,1
00000001168,3,900,1
00000002464,3,909,1
00000003375,3,912,1
00000003540,3,920,1
00000000238,3,955,1
00000003798,3,964,1
00000001554,3,969,1
00000001447,3,972,1
00000002085,3,982,1
00000000352,3,987,1
00000002749,3,989,1
00000004427,3,990,1
00000001039,3,1006,1
00000001283,3,1025,1
00000001081,3,1046,1
00000000664,3,1063,1
00000000028,3,1089,1
00000005021,3,1097,1
00000003576,3,1098,1
00000004155,3,1152,1
00000002982,3,1153,1
00000004024,3,1179,1
00000001942,3,1195,1
00000003601,3,1214,1
00000005089,3,1215,1
00000000036,3,1220,1
00000002272,3,1237,1
00000005634,3,1245,1
00000003396,3,1307,1
00000004155,3,1308,1
00000003351,3,1346,1
00000000837,2,1348,1
00000004068,2,1351,1
00000000844,3,1352,1
00000001233,2,1353,1
00000000089,3,1354,1
00000003348,2,1355,1
00000005285,3,1358,1
00000005097,2,1359,1
00000001103,3,1360,1
00000000466,3,1374,1
00000003879,3,1395,1
00000000415,3,1397,1
00000002759,3,1399,1
00000002185,3,1401,1
00000006487,2,1407,1
00000004805,3,1417,1
00000000862,3,1420,1
00000004810,3,1444,1
00000006573,3,1457,1
00000004994,3,1468,1
00000004427,3,1491,1
00000004258,3,1495,1
00000004155,3,1514,1
00000001362,3,1529,1
00000001380,3,1533,1
00000002737,3,1534,1
00000000541,3,1548,1
00000006750,3,1553,1
00000006920,3,1555,1
00000007211,3,1596,1
00000002288,3,1617,1
00000003233,3,1641,1
00000004825,3,1656,1
00000003289,3,1659,1
00000001865,3,1664,1
00000004331,3,1726,1
00000006995,3,1753,1
00000006320,3,1771,1
00000004209,3,1795,1
00000004893,3,1798,1
00000001016,3,1803,1
00000002423,3,1829,1
00000000509,3,1830,1
00000000325,3,1831,1
00000002569,3,1867,1
00000002174,3,1869,1
00000006649,3,1871,1
00000000844,3,1903,1
00000006432,3,1904,1
00000005917,3,1933,1
00000005130,3,1939,1
00000001698,3,1955,1
00000007656,3,1956,1
00000000940,3,1973,1
00000007916,3,1977,1
00000007055,3,1989,1
00000006291,3,1994,1
00000004893,3,1999,1
00000007789,3,2008,1
00000008994,3,2011,1
00000005550,3,2054,1
00000006236,3,2087,1
00000003868,3,2128,1
00000002031,3,2132,1
00000007253,3,2145,1
00000000061,3,2160,1
00000002186,3,2161,1
00000003734,3,2162,1
00000004654,3,2180,1
00000001450,3,2185,1
00000003424,3,2187,1
00000005515,3,2203,1
00000005135,3,2205,1
00000003215,3,2208,1
00000008570,3,2212,1
00000000495,3,2228,1
00000007605,3,2244,1
00000004012,3,2245,1
00000010263,3,2248,1
00000003184,3,2250,1
00000000097,2,2253,1
00000003490,3,2259,1
00000002270,3,2262,1
00000001425,3,2276,1
00000006780,3,2282,1
00000007466,3,2314,1
00000007453,3,2350,1
00000007981,3,2353,1
00000007313,3,2362,1
00000006341,3,2368,1
00000006191,3,2382,1
00000000041,3,2386,1
00000001908,3,2404,1
00000008450,3,2419,1
00000002142,3,2477,1
00000004272,3,2489,1
00000002185,3,2518,1
00000008934,3,2525,1
00000005781,3,2526,1
00000004040,3,2531,1
00000008032,3,2552,1
00000001803,3,2568,1
00000011674,3,2580,1
00000002229,3,2581,1
00000007289,3,2622,1
00000002415,3,2623,1
00000009752,3,2630,1
00000009208,3,2667,1
00000003116,3,2714,1
00000002905,3,2735,1
00000005237,3,2750,1
00000002370,3,2754,1
00000012825,3,2763,1
00000003560,3,2769,1
00000001790,3,2777,1
00000008892,3,2779,1
00000003248,3,2795,1
00000008400,3,2805,1
00000011620,3,2828,1
00000000347,3,2891,1
00000000940,3,2916,1
00000001176,3,2942,1
00000008683,3,2943,1
00000009279,3,2949,1
00000012817,3,2953,1
00000007589,3,2971,1
00000004880,3,2973,1
00000010636,3,3000,1
00000007956,3,3040,1
00000006047,2,3049,1
00000010277,3,3050,1
00000013188,3,3067,1
00000013597,3,3084,1
00000000018,3,3121,1
00000008338,3,3123,1
00000001536,3,3130,1
00000011422,3,3131,1
00000013872,3,3132,1
00000008592,3,3135,1
00000012017,3,3136,1
00000012107,3,3143,1
00000002176,3,3146,1
00000012519,3,3201,1
00000001280,3,3209,1
00000007046,3,3229,1
00000007280,3,3233,1
00000007770,3,3234,1
00000011281,3,3235,1
00000011534,3,3238,1
00000004753,3,3241,1
00000002687,3,3243,1
00000013082,3,3265,1
00000007368,3,3271,1
00000002401,3,3274,1
00000008935,3,3276,1
00000006113,3,3282,1
00000014950,2,3292,1
00000013199,3,3293,1
00000009038,3,3300,1
00000003672,2,3301,1
00000002086,3,3313,1
00000012303,3,3314,1
00000006095,3,3321,1
00000015793,2,3377,1
00000002370,2,3384,1
00000014082,3,3417,1
00000016016,3,3420,1
00000005795,3,3421,1
00000006693,3,3435,1
00000012107,3,3439,1
00000004140,3,3452,1
00000010458,3,3457,1
00000003017,3,3481,1
00000009818,3,3494,1
00000010615,3,3496,1
00000015232,3,3499,1
00000010415,3,3506,1
00000014532,3,3507,1
00000008856,3,3517,1
00000006749,3,3524,1
00000016611,3,3540,1
00000001343,3,3546,1
00000005323,3,3548,1
00000007445,3,3551,1
00000004878,3,3558,1
00000006732,3,3583,1
00000000218,3,3584,1
00000003025,2,3625,1
00000005387,3,3635,1
00000012243,3,3655,1
00000012509,3,3665,1
00000012760,3,3680,1
00000008628,3,3704,1
00000009282,3,3705,1
00000007422,3,3716,1
00000016618,2,3717,1
00000000956,3,3738,1
00000015756,3,3741,1
00000000023,3,3748,1
00000015804,3,3760,1
00000003075,3,3765,1
00000015409,3,3767,1
00000014975,3,3782,1
00000012481,2,3807,1
00000016149,3,3840,1
00000012786,3,3841,1
00000006341,3,3845,1
00000006492,3,3847,1
00000001233,3,3858,1
00000001542,3,3862,1
00000014061,3,3868,1
00000007155,3,3872,1
00000008018,3,3873,1
00000011970,3,3874,1
00000003427,3,3891,1
00000007742,3,3899,1
00000010640,3,3901,1
00000013115,3,3912,1
00000005080,3,3915,1
00000006241,3,3917,1
00000008688,3,3923,1
00000003019,2,3928,1
00000017200,2,3929,1
00000004866,3,3982,1
00000001072,3,3984,1
00000010600,3,3990,1
00000012149,3,4023,1
00000012149,3,4034,1
00000016611,3,4035,1
00000004612,3,4044,1
00000012320,3,4050,1
00000008430,3,4091,1
00000017919,3,4093,1
00000015998,3,4095,1
00000016469,3,4109,1
00000013740,3,4150,1
00000007013,3,4171,1
00000014395,3,4174,1
00000017841,3,4203,1
00000019773,3,4208,1
00000000044,3,4210,1
00000004475,3,4218,1
00000008785,3,4227,1
00000006301,3,4228,1
00000005383,3,4234,1
00000006769,3,4249,1
00000013595,3,4256,1
00000012554,3,4306,1
00000008325,3,4325,1
00000009412,3,4329,1
00000006093,3,4346,1
00000003807,3,4375,1
00000004060,3,4435,1
00000016437,3,4437,1
00000009010,3,4484,1
00000006530,3,4488,1
00000005269,3,4490,1
00000003257,3,4495,1
00000017727,3,4529,1
00000010035,3,4535,1
00000018828,3,4613,1
00000021128,3,4635,1
00000014685,3,4658,1
00000015876,3,4688,1
00000003905,3,4706,1
00000012896,3,4725,1
00000007656,3,4749,1
00000016671,3,4762,1
00000022231,3,4782,1
00000018377,3,4783,1
00000011598,3,4785,1
00000019219,3,4790,1
00000006140,3,4795,1
00000007826,3,4801,1
00000010486,3,4802,1
00000000741,3,4843,1
00000009703,3,4848,1
00000010600,3,4854,1
00000020434,3,4857,1
00000018540,3,4859,1
00000014948,3,4860,1
00000011075,3,4865,1
00000000100,3,4867,1
00000018237,3,4868,1
00000000645,3,4876,1
00000022558,3,4894,1
00000008934,3,4895,1
00000009618,3,4898,1
00000009478,3,4907,1
00000009289,3,4978,1
00000003535,3,5009,1
00000021277,3,5020,1
00000009214,3,5042,1
00000004614,3,5056,1
00000009107,3,5096,1
00000012519,3,5100,1
00000009508,3,5108,1
00000018462,3,5112,1
00000008345,3,5136,1
00000004931,3,5147,1
00000014511,3,5150,1
00000016608,3,5166,1
00000022668,3,5177,1
00000019780,3,5190,1
00000015761,3,5193,1
00000001329,3,5195,1
00000008537,2,5209,1
00000006191,3,5220,1
00000005159,3,5226,1
00000004006,3,5240,1
00000017245,3,5288,1
00000019388,3,5296,1
00000004371,3,5298,1
00000024912,3,5303,1
00000024222,3,5307,1
00000018638,3,5312,1
00000015949,2,5328,1
00000019660,2,5335,1
00000018944,3,5336,1
00000013768,3,5339,1
00000014563,2,5342,1
00000020911,2,5361,1
00000022360,2,5362,1
00000024570,2,5371,1
00000020615,3,5375,1
00000008937,2,5376,1
00000019622,3,5391,1
00000022086,3,5394,1
00000004166,3,5405,1
00000013500,2,5407,1
00000021921,2,5414,1
00000024997,3,5418,1
00000020312,3,5441,1
00000008648,3,5498,1
00000024876,3,5503,1
00000005925,3,5531,1
00000005855,3,5532,1
00000007928,3,5560,1
00000020533,3,5561,1
00000018117,3,5578,1
00000010422,3,5580,1
00000017502,3,5581,1
00000008025,2,5587,1
00000009200,3,5627,1
00000007956,3,5637,1
00000017632,3,5648,1
00000001649,3,5651,1
00000017434,3,5675,1
00000015095,3,5694,1
00000013854,3,5764,1
00000023529,3,5766,1
00000002272,3,5776,1
00000021561,3,5787,1
00000013343,3,5788,1
00000008610,3,5789,1
00000014399,3,5800,1
00000012346,3,5809,1
00000023795,3,5816,1
00000005832,3,5817,1
00000013781,3,5818,1
00000008325,3,5826,1
00000009664,3,5837,1
00000008565,3,5855,1
00000017939,3,5857,1
00000004922,3,5859,1
00000003766,3,5874,1
00000003280,3,5875,1
00000013192,3,5923,1
00000006065,3,5924,1
00000027068,3,5925,1
00000000306,3,5948,1
00000017300,3,5974,1
00000016821,3,5975,1
00000011389,3,5989,1
00000018655,3,5991,1
00000026504,3,5999,1
00000007289,3,6000,1
00000004502,3,6005,1
00000001495,3,6014,1
00000028063,3,6016,1
00000006662,3,6046,1
00000026997,3,6053,1
00000014194,3,6070,1
00000004838,3,6077,1
00000008454,3,6081,1
00000000093,3,6119,1
00000001781,3,6130,1
00000024031,3,6153,1
00000000092,3,6155,1
00000022854,3,6158,1
00000026929,3,6160,1
00000018563,3,6163,1
00000004662,3,6176,1
00000015101,3,6195,1
00000014701,3,6197,1
00000026160,3,6203,1
00000029021,3,6218,1
00000001369,3,6236,1
00000009709,3,6248,1
00000025875,3,6250,1
00000027701,3,6255,1
00000027416,3,6257,1
00000015768,3,6264,1
00000022296,3,6269,1
00000029449,3,6280,1
00000020233,3,6281,1
00000004716,3,6284,1
00000001194,3,6291,1
00000007154,2,6292,1
00000007580,3,6297,1
00000021912,2,6302,1
00000024290,3,6304,1
00000011333,3,6305,1
00000018343,3,6306,1
00000004014,3,6334,1
00000025444,3,6345,1
00000020824,2,6375,1
00000024213,3,6380,1
00000014212,3,6389,1
00000019953,3,6397,1
00000000064,3,6401,1
00000008347,3,6428,1
00000009051,3,6437,1
00000010054,3,6444,1
00000017855,3,6445,1
00000009872,3,6449,1
00000024529,3,6450,1
00000029276,3,6453,1
00000010486,3,6457,1
00000029434,3,6464,1
00000007996,3,6467,1
00000000314,2,6468,1
00000005764,3,6505,1
00000008203,3,6507,1
00000025724,3,6527,1
00000025921,3,6541,1
00000005473,3,6552,1
00000027019,3,6555,1
00000024681,3,6559,1
00000009914,3,6569,1
00000026119,3,6574,1
00000009303,2,6599,1
00000024798,2,6600,1
00000013082,3,6676,1
00000022389,3,6745,1
00000025307,3,6756,1
00000029366,3,6768,1
00000031822,3,6769,1
00000012996,3,6784,1
00000001313,3,6788,1
00000006169,3,6795,1
00000015998,3,6804,1
00000029461,3,6837,1
00000027110,3,6845,1
00000006428,3,6853,1
00000000620,3,6855,1
00000013067,3,6871,1
00000031195,3,6878,1
00000009965,3,6880,1
00000002274,3,6895,1
00000020202,3,6900,1
00000026624,3,6937,1
00000029596,3,6981,1
00000012310,3,6993,1
00000025687,3,7007,1
00000014319,3,7009,1
00000006920,3,7011,1
00000030413,3,7027,1
00000020846,3,7031,1
00000001433,3,7033,1
00000030424,3,7059,1
00000010469,3,7061,1
00000003428,3,7067,1
00000014882,3,7088,1
00000020496,3,7127,1
00000010187,3,7128,1
00000002142,3,7137,1
00000021477,3,7138,1
00000014069,3,7142,1
00000031256,3,7165,1
00000010983,3,7188,1
00000022190,3,7212,1
00000031582,3,7220,1
00000030001,3,7224,1
00000015102,3,7266,1
00000030648,3,7283,1
00000017039,3,7311,1
00000001883,3,7313,1
00000028917,3,7320,1
00000024396,3,7321,1
00000006952,3,7323,1
00000022085,3,7348,1
00000017653,3,7363,1
00000016840,3,7392,1
00000012473,3,7395,1
00000022380,3,7397,1
00000026095,3,7423,1
00000013900,3,7425,1
00000020883,3,7509,1
00000014903,3,7513,1
00000031461,3,7538,1
00000000035,3,7581,1
00000015937,3,7590,1
00000014938,3,7599,1
00000029449,3,7618,1
00000006247,3,7626,1
00000003551,3,7632,1
00000012389,3,7637,1
00000025960,3,7641,1
00000027421,3,7648,1
00000030605,3,7649,1
00000035205,3,7672,1
00000021696,3,7674,1
00000029836,3,7738,1
00000000024,3,7744,1
00000022743,3,7780,1
00000003201,3,7792,1
00000016259,3,7795,1
00000008518,3,7796,1
00000001575,3,7799,1
00000025484,3,7802,1
00000013476,3,7810,1
00000033187,3,7840,1
00000031498,3,7848,1
00000001026,3,7864,1
00000030781,3,7866,1
00000024303,3,7868,1
00000015280,3,7910,1
00000034185,3,7934,1
00000004775,3,7944,1
00000013350,3,7950,1
00000002225,3,7957,1
00000019693,3,7959,1
00000016844,3,7960,1
00000000030,3,7965,1
00000032005,3,7966,1
00000029461,2,7974,1
00000007789,3,7975,1
00000023743,2,7976,1
00000018517,3,7980,1
00000031657,3,8052,1
00000036161,3,8054,1
00000011213,3,8071,1
00000022786,3,8092,1
00000035052,3,8103,1
00000010620,3,8108,1
00000016028,3,8120,1
00000029587,3,8137,1
00000030644,3,8139,1
00000009379,3,8146,1
00000033884,3,8147,1
00000009961,3,8155,1
00000037463,3,8187,1
00000017903,3,8191,1
00000006784,3,8205,1
00000013768,3,8208,1
00000033683,3,8222,1
00000032903,3,8223,1
00000029697,3,8265,1
00000018256,3,8273,1
00000018096,2,8276,1
00000029567,3,8278,1
00000038400,3,8283,1
00000014990,3,8284,1
00000027384,2,8291,1
00000012441,2,8293,1
00000019797,3,8294,1
00000022807,3,8303,1
00000018333,2,8308,1
00000015741,3,8315,1
00000009412,3,8321,1
00000017090,3,8324,1
00000032549,3,8326,1
00000023859,3,8327,1
00000031501,3,8328,1
00000000734,3,8334,1
00000017312,3,8338,1
00000031930,3,8344,1
00000025888,3,8349,1
00000035975,2,8351,1
00000013555,3,8368,1
00000002185,3,8371,1
00000037557,3,8406,1
00000029078,3,8419,1
00000008447,3,8420,1
00000038511,3,8424,1
00000013991,2,8426,1
00000017917,3,8437,1
00000018631,2,8438,1
00000036584,2,8442,1
00000016303,3,8473,1
00000006147,3,8478,1
00000009116,3,8508,1
00000000246,3,8542,1
00000025235,3,8545,1
00000008761,3,8550,1
00000021204,3,8592,1
00000037695,3,8595,1
00000002185,3,8596,1
00000004456,3,8597,1
00000014046,3,8598,1
00000036408,3,8634,1
00000028063,3,8643,1
00000028988,3,8658,1
00000009892,3,8664,1
00000012809,3,8680,1
00000018102,3,8701,1
00000028359,3,8709,1
00000007046,3,8711,1
00000006492,3,8732,1
00000032561,3,8744,1
00000030925,3,8748,1
00000026444,3,8754,1
00000035399,3,8784,1
00000022900,3,8789,1
00000028654,3,8818,1
00000011599,3,8819,1
00000024335,3,8828,1
00000018013,3,8836,1
00000030033,3,8837,1
00000030072,3,8848,1
00000027507,3,8862,1
00000038838,3,8875,1
00000039673,3,8890,1
00000039096,3,8891,1
00000039067,3,8893,1
00000002937,3,8895,1
00000040647,3,8903,1
00000000129,3,8916,1
00000041201,3,8917,1
00000041939,3,8923,1
00000016053,3,8945,1
00000039943,3,8947,1
00000040071,3,8948,1
00000035709,3,8974,1
00000027947,3,8978,1
00000031854,3,8983,1
00000028082,3,8994,1
00000032691,3,9005,1
00000027934,3,9014,1
00000023023,3,9031,1
00000002678,3,9036,1
00000002873,3,9041,1
00000032587,3,9057,1
00000034054,3,9061,1
00000028438,3,9063,1
00000010274,3,9071,1
00000026275,3,9075,1
00000040922,3,9076,1
00000034094,3,9129,1
00000013729,3,9131,1
00000009977,3,9138,1
00000038889,3,9157,1
00000040657,3,9162,1
00000007055,3,9170,1
00000017721,3,9174,1
00000016674,3,9180,1
00000036448,3,9185,1
00000040205,3,9187,1
00000036754,3,9226,1
00000040936,3,9307,1
00000021163,3,9310,1
00000032933,3,9328,1
00000032467,3,9329,1
00000015411,3,9331,1
00000023303,3,9340,1
00000020865,3,9363,1
00000011126,3,9364,1
00000032450,3,9373,1
00000027457,3,9430,1
00000002274,3,9434,1
00000029572,3,9437,1
00000033744,3,9451,1
00000019971,3,9464,1
00000037482,3,9484,1
00000001113,3,9510,1
00000002274,3,9512,1
00000015284,3,9516,1
00000008324,3,9535,1
00000038630,3,9541,1
00000012052,3,9556,1
00000025329,3,9559,1
00000040372,3,9577,1
00000022294,3,9583,1
00000027904,3,9600,1
00000043441,3,9614,1
00000033055,3,9615,1
00000038370,3,9635,1
00000032835,3,9665,1
00000039552,3,9683,1
00000007026,3,9699,1
00000019059,3,9702,1
00000002750,3,9720,1
00000027380,3,9721,1
00000017173,3,9726,1
00000033752,3,9737,1
00000008153,3,9865,1
00000008166,3,9870,1
00000006823,3,9927,1
00000011220,3,9928,1
00000038843,3,9953,1
00000011220,3,9980,1
00000024912,3,10027,1
00000023126,3,10061,1
00000038541,3,10099,1
00000011946,3,10104,1
00000018768,3,10116,1
00000013158,3,10140,1
00000020777,3,10144,1
00000025824,3,10150,1
00000047764,3,10181,1
00000003309,3,10191,1
00000015200,3,10193,1
00000032010,3,10198,1
00000036264,3,10221,1
00000022300,3,10226,1
00000012723,3,10233,1
00000000132,3,10246,1
00000047679,3,10250,1
00000045351,3,10253,1
00000020651,3,10281,1
00000028718,3,10294,1
00000041011,3,10316,1
00000013804,3,10358,1
00000020976,3,10375,1
00000022374,3,10376,1
00000014577,3,10415,1
00000023713,3,10422,1
00000036306,3,10427,1
00000035491,3,10429,1
00000026963,2,10491,1
00000048307,3,10494,1
00000035428,3,10500,1
00000037033,3,10521,1
00000007930,3,10526,1
00000036099,3,10528,1
00000046414,3,10541,1
00000041245,3,10554,1
00000011802,3,10561,1
00000041561,3,10573,1
00000045419,3,10605,1
00000000730,3,10620,1
00000019353,3,10626,1
00000049458,3,10628,1
00000000241,3,10630,1
00000027927,3,10712,1
00000013461,3,10733,1
00000048470,3,10762,1
00000011234,3,10770,1
00000028075,3,10772,1
00000012524,3,10776,1
00000015350,3,10778,1
00000044591,3,10783,1
00000025860,3,10812,1
00000004431,3,10813,1
00000032682,3,10824,1
00000001566,3,10825,1
00000031657,3,10843,1
00000022880,3,10858,1
00000039263,3,10881,1
00000017641,3,10894,1
00000041241,3,10896,1
00000009032,3,10907,1
00000028077,3,10909,1
00000040708,3,10939,1
00000018117,3,10940,1
00000034964,3,10983,1
00000004491,3,10993,1
00000018515,3,10996,1
00000004503,3,11001,1
00000046869,3,11042,1
00000034960,3,11044,1
00000027791,3,11070,1
00000006862,3,11074,1
00000049929,3,11080,1
00000042469,3,11084,1
00000031410,3,11120,1
00000046925,3,11123,1
00000013557,3,11127,1
00000032797,3,11150,1
00000017855,3,11152,1
00000045789,3,11153,1
00000024309,3,11157,1
00000039823,3,11162,1
00000031537,3,11174,1
00000006432,3,11177,1
00000017023,3,11180,1
00000009206,2,11187,1
00000037181,3,11201,1
00000020456,3,11211,1
00000048658,3,11246,1
00000001018,3,11266,1
00000008568,3,11275,1
00000029736,3,11277,1
00000006567,3,11300,1
00000028026,3,11304,1
00000042420,3,11316,1
00000035799,3,11332,1
00000042650,3,11343,1
00000014669,2,11373,1
00000001413,3,11375,1
00000039867,3,11385,1
00000030921,3,11395,1
00000031994,3,11405,1
00000043871,2,11408,1
00000001681,3,11411,1
00000024227,3,11429,1
00000008164,3,11458,1
00000022893,3,11469,1
00000028233,3,11470,1
00000037369,3,11479,1
00000015730,3,11503,1
00000038078,3,11518,1
00000048598,3,11525,1
00000030952,3,11529,1
00000015645,3,11542,1
00000001136,3,11554,1
00000013390,3,11630,1
00000041859,3,11723,1
00000027724,3,11768,1
00000045789,3,11811,1
00000009862,3,11815,1
00000002442,3,11836,1
00000053316,3,11837,1
00000042659,3,11890,1
00000035416,3,11896,1
00000012652,3,11904,1
00000031336,3,11925,1
00000035354,3,11937,1
00000036774,3,11946,1
00000012139,3,11956,1
00000051512,3,11957,1
00000026431,3,11982,1
00000041247,3,11990,1
00000054089,3,11999,1
00000026430,3,12040,1
00000025647,3,12061,1
00000039298,3,12065,1
00000028892,3,12093,1
00000053897,3,12095,1
00000056434,3,12100,1
00000037849,3,12112,1
00000042408,3,12131,1
00000032127,3,12136,1
00000001777,3,12137,1
00000044489,3,12169,1
00000039587,2,12175,1
00000045447,3,12177,1
00000037159,3,12200,1
00000047927,3,12205,1
00000001826,3,12227,1
00000006106,3,12252,1
00000037312,3,12260,1
00000015324,3,12272,1
00000046841,3,12283,1
00000019514,3,12285,1
00000011591,3,12303,1
00000054999,3,12316,1
00000011290,3,12322,1
00000009142,3,12338,1
00000052627,3,12344,1
00000015390,3,12416,1
00000050478,3,12431,1
00000002599,3,12432,1
00000016397,3,12433,1
00000010650,3,12448,1
00000025940,3,12453,1
00000022965,2,12469,1
00000011570,3,12476,1
00000033974,3,12477,1
00000053646,3,12478,1
00000025708,3,12517,1
00000022764,3,12520,1
00000022753,3,12525,1
00000056753,3,12530,1
00000057114,3,12534,1
00000027960,3,12538,1
00000036894,3,12552,1
00000058628,3,12553,1
00000036029,3,12555,1
00000032045,3,12556,1
00000037078,3,12571,1
00000035118,2,12593,1
00000009758,3,12667,1
00000011617,3,12668,1
00000013164,3,12672,1
00000049055,3,12710,1
00000047668,2,12718,1
00000049260,3,12719,1
00000059894,3,12741,1
00000031876,2,12748,1
00000060059,3,12764,1
00000039178,3,12773,1
00000001080,3,12817,1
00000048660,3,12822,1
00000036060,3,12825,1
00000017916,3,12835,1
00000048164,2,12840,1
00000022698,2,12843,1
00000011169,3,12844,1
00000055040,3,12848,1
00000002303,3,12874,1
00000036426,3,12886,1
00000007862,3,12887,1
00000045544,2,12890,1
00000052400,3,12892,1
00000022494,2,12893,1
00000060711,3,12901,1
00000048000,3,12903,1
00000001239,3,12955,1
00000059566,3,12981,1
00000013647,3,12982,1
00000021477,3,12984,1
00000017017,3,12985,1
00000040802,3,12987,1
00000045359,3,12998,1
00000053092,3,13027,1
00000048105,3,13030,1
00000025390,3,13032,1
00000014270,3,13076,1
00000019000,3,13078,1
00000050508,3,13088,1
00000054509,3,13153,1
00000056380,3,13165,1
00000025369,3,13168,1
00000061031,3,13178,1
00000047136,3,13182,1
00000061505,3,13194,1
00000059373,3,13204,1
00000010549,3,13205,1
00000059083,3,13219,1
00000011915,3,13224,1
00000039102,3,13317,1
00000015682,3,13318,1
00000045084,3,13322,1
00000057810,3,13324,1
00000026124,3,13326,1
00000050931,3,13369,1
00000013893,3,13371,1
00000034174,3,13384,1
00000059590,3,13398,1
00000052799,3,13400,1
00000012918,3,13410,1
00000001576,3,13421,1
00000038674,3,13422,1
00000026513,3,13423,1
00000031723,3,13426,1
00000006414,3,13430,1
00000019559,3,13441,1
00000037825,3,13460,1
00000059131,3,13465,1
00000034083,3,13479,1
00000046021,3,13481,1
00000053160,3,13497,1
00000054341,3,13498,1
00000015894,3,13506,1
00000021498,3,13535,1
00000034577,3,13537,1
00000050717,3,13538,1
00000045667,3,13550,1
00000033155,3,13564,1
00000044470,3,13582,1
00000034196,3,13586,1
00000012057,3,13624,1
00000036119,3,13626,1
00000009486,3,13627,1
00000011442,3,13630,1
00000044832,3,13638,1
00000048044,3,13653,1
00000050545,3,13655,1
00000056652,3,13659,1
00000021857,3,13662,1
00000012714,3,13664,1
00000011862,3,13672,1
00000041523,3,13675,1
00000062938,3,13725,1
00000026306,3,13726,1
00000028956,3,13732,1
00000045933,3,13738,1
00000003107,3,13740,1
00000008613,3,13863,1
00000028343,3,13864,1
00000018261,3,13865,1
00000047995,3,13871,1
00000008906,3,13886,1
00000019104,3,13896,1
00000060982,3,13901,1
00000030177,3,13906,1
00000064381,3,13925,1
00000008728,3,14044,1
00000065217,3,14054,1
00000052524,3,14064,1
00000048875,3,14068,1
00000015457,3,14069,1
00000063998,3,14079,1
00000063128,3,14080,1
00000014861,3,14082,1
00000000040,3,14086,1
00000043674,3,14154,1
00000048966,3,14157,1
00000016458,3,14171,1
00000038025,3,14196,1
00000063132,3,14197,1
00000057169,3,14199,1
00000000714,3,14232,1
00000049016,3,14235,1
00000029848,3,14273,1
00000052284,3,14274,1
00000013510,3,14284,1
00000065641,3,14285,1
00000001766,3,14286,1
00000005859,3,14296,1
00000054662,3,14300,1
00000025310,3,14331,1
00000054233,3,14368,1
00000006072,3,14371,1
00000002127,3,14376,1
00000018261,3,14381,1
00000004764,3,14382,1
00000024973,3,14387,1
00000014703,3,14415,1
00000067120,3,14426,1
00000052866,3,14433,1
00000037700,3,14466,1
00000030075,3,14468,1
00000032375,3,14497,1
00000007249,3,14498,1
00000040506,3,14502,1
00000048597,3,14527,1
00000055658,3,14534,1
00000064879,3,14559,1
00000005678,3,14579,1
00000014685,3,14584,1
00000060186,3,14591,1
00000053714,3,14647,1
00000060829,3,14649,1
00000065212,3,14651,1
00000000989,3,14662,1
00000046858,3,14686,1
00000036185,3,14687,1
00000015321,3,14717,1
00000007495,3,14724,1
00000041372,3,14740,1
00000021610,3,14759,1
00000002939,3,14791,1
00000009577,3,14792,1
00000032693,3,14809,1
00000049959,3,14812,1
00000008882,3,14813,1
00000027148,3,14816,1
00000052148,3,14825,1
00000035987,3,14826,1
00000046003,3,14830,1
00000033994,3,14831,1
00000045700,3,14840,1
00000011054,3,14852,1
00000014680,3,14860,1
00000063831,3,14862,1
00000057526,3,14914,1
00000003413,3,14939,1
00000036486,3,14941,1
00000053699,3,14950,1
00000046515,3,14951,1
00000025698,3,14954,1
00000039871,3,14956,1
00000063568,3,14963,1
00000033078,3,15000,1
00000042666,3,15001,1
00000052062,3,15022,1
00000069120,3,15035,1
00000052100,3,15041,1
00000031664,3,15043,1
00000012018,3,15079,1
00000047582,3,15082,1
00000006437,3,15086,1
00000004764,3,15112,1
00000033806,3,15142,1
00000029698,3,15158,1
00000004872,3,15186,1
00000022738,3,15213,1
00000048235,3,15283,1
00000010725,3,15288,1
00000059813,3,15294,1
00000061396,3,15300,1
00000060188,3,15302,1
00000007281,3,15327,1
00000067024,3,15328,1
00000064051,3,15331,1
00000069516,3,15333,1
00000001967,3,15334,1
00000019146,3,15351,1
00000022544,3,15353,1
00000007748,3,15386,1
00000052763,3,15389,1
00000040852,3,15426,1
00000072520,3,15443,1
00000049959,3,15447,1
00000058249,3,15449,1
00000042096,3,15531,1
00000039691,3,15539,1
00000002388,3,15569,1
00000052819,3,15571,1
00000070724,3,15582,1
00000023563,3,15590,1
00000006854,3,15601,1
00000055305,3,15605,1
00000006170,3,15607,1
00000016531,3,15656,1
00000068734,3,15662,1
00000049503,3,15671,1
00000007252,3,15674,1
00000072511,3,15675,1
00000063824,3,15725,1
00000031816,3,15749,1
00000036029,3,15756,1
00000039815,3,15806,1
00000034489,3,15808,1
00000015730,3,15815,1
00000065142,3,15816,1
00000023051,3,15873,1
00000013623,3,15882,1
00000071426,3,15893,1
00000036083,3,15896,1
00000006018,3,15908,1
00000002015,3,15914,1
00000046259,3,15972,1
00000065633,3,15982,1
00000068251,3,15991,1
00000055843,3,16009,1
00000031313,3,16024,1
00000067476,3,16025,1
00000051513,3,16102,1
00000034481,3,16106,1
00000047919,3,16120,1
00000014964,3,16132,1
00000059007,3,16134,1
00000061403,2,16137,1
00000052792,2,16138,1
00000007572,3,16139,1
00000057322,3,16141,1
00000070666,3,16143,1
00000047645,3,16153,1
00000067580,3,16175,1
00000063538,3,16183,1
00000058135,3,16204,1
00000012107,3,16206,1
00000056779,3,16215,1
00000028712,3,16230,1
00000027200,3,16240,1
00000042770,3,16248,1
00000000503,3,16252,1
00000063368,3,16257,1
00000041523,3,16287,1
00000014993,3,16289,1
00000033433,3,16388,1
00000009632,3,16413,1
00000070077,3,16450,1
00000037670,3,16457,1
00000040671,3,16458,1
00000046256,3,16462,1
00000027985,3,16469,1
00000038855,3,16481,1
00000052837,3,16482,1
00000052358,3,16489,1
00000070343,3,16496,1
00000014356,3,16520,1
00000008798,3,16522,1
00000067838,3,16525,1
00000064698,3,16531,1
00000070126,3,16538,1
00000030109,3,16578,1
00000067262,3,16582,1
00000074031,2,16585,1
00000069010,2,16588,1
00000052550,3,16609,1
00000026515,3,16627,1
00000005489,3,16644,1
00000062156,3,16662,1
00000008188,3,16690,1
00000051587,3,16699,1
00000025538,3,16700,1
00000076334,3,16704,1
00000066260,3,16709,1
00000008688,3,16733,1
00000057063,3,16745,1
00000059116,3,16750,1
00000008075,3,16752,1
00000055698,3,16764,1
00000055714,3,16767,1
00000033478,3,16769,1
00000031332,3,16787,1
00000051609,3,16796,1
00000054557,3,16798,1
00000009726,3,16808,1
00000009961,3,16816,1
00000058719,3,16817,1
00000053534,3,16819,1
00000028896,3,16821,1
00000074070,3,16872,1
00000008180,3,16895,1
00000059911,3,16911,1
00000051251,3,16920,1
00000053484,3,16953,1
00000062319,3,16963,1
00000051760,3,16970,1
00000001194,3,16993,1
00000048638,3,17000,1
00000001752,3,17017,1
00000063661,3,17066,1
00000052179,3,17069,1
00000034807,3,17081,1
00000076484,3,17090,1
00000065686,3,17101,1
00000056586,3,17113,1
00000025787,3,17153,1
00000057772,3,17162,1
00000059090,3,17170,1
00000035811,3,17171,1
00000061678,3,17177,1
00000044918,3,17180,1
00000056721,3,17181,1
00000000095,3,17183,1
00000076408,3,17186,1
00000064786,3,17187,1
00000021739,3,17189,1
00000066534,3,17245,1
00000001463,3,17255,1
00000063509,3,17315,1
00000070604,3,17324,1
00000071425,3,17329,1
00000068908,3,17335,1
00000016397,3,17336,1
00000021142,3,17339,1
00000077404,3,17351,1
00000015150,3,17391,1
00000032997,3,17394,1
00000050249,3,17396,1
00000042252,3,17416,1
00000036185,3,17421,1
00000008184,3,17425,1
00000050725,3,17426,1
00000066728,3,17436,1
00000024986,3,17446,1
00000033626,3,17447,1
00000004557,3,17449,1
00000032127,3,17452,1
00000077748,3,17453,1
00000065765,3,17454,1
00000058453,3,17466,1
00000034525,3,17469,1
00000038258,3,17471,1
00000076192,3,17475,1
00000022910,3,17476,1
00000070124,3,17486,1
00000050800,3,17492,1
00000059267,3,17514,1
00000071548,3,17516,1
00000017432,3,17517,1
00000026966,3,17553,1
00000037807,3,17554,1
00000011599,3,17560,1
00000071724,3,17572,1
00000066370,3,17595,1
00000065002,3,17596,1
00000000953,3,17636,1
00000053987,3,17643,1
00000065543,3,17654,1
00000021293,3,17720,1
00000065583,3,17752,1
00000045014,3,17777,1
00000050376,3,17779,1
00000072174,3,17787,1
00000079565,3,17805,1
00000028183,3,17816,1
00000036971,3,17832,1
00000069910,3,17849,1
00000050659,3,17889,1
00000024402,3,17891,1
00000052015,3,17907,1
00000012707,3,17934,1
00000015027,3,17940,1
00000001036,3,17994,1
00000077556,3,17999,1
00000035394,3,18061,1
00000004709,3,18089,1
00000074030,3,18104,1
00000050609,3,18123,1
00000051512,3,18150,1
00000061640,3,18155,1
00000047207,3,18162,1
00000002679,3,18173,1
00000074082,3,18174,1
00000023866,3,18220,1
00000040588,3,18248,1
00000009561,3,18250,1
00000010783,3,18264,1
00000044766,3,18275,1
00000048185,3,18293,1
00000012139,3,18297,1
00000018901,3,18300,1
00000011847,3,18329,1
00000076011,3,18353,1
00000084173,3,18366,1
00000043768,3,18369,1
00000052442,3,18372,1
00000009543,3,18389,1
00000010867,3,18399,1
00000046844,3,18412,1
00000063020,3,18413,1
00000008475,3,18414,1
00000015395,3,18422,1
00000016091,3,18431,1
00000019424,3,18436,1
00000063523,3,18449,1
00000025612,3,18483,1
00000020325,3,18485,1
00000036599,3,18489,1
00000004821,3,18494,1
00000034600,3,18505,1
00000057395,3,18506,1
00000037700,3,18537,1
00000019939,3,18538,1
00000056125,3,18545,1
00000062275,3,18549,1
00000033328,3,18567,1
00000001413,3,18568,1
00000014024,3,18571,1
00000066590,3,18575,1
00000041033,3,18579,1
00000028128,3,18591,1
00000080702,3,18595,1
00000064154,3,18602,1
00000080442,3,18609,1
00000045300,3,18621,1
00000060837,3,18625,1
00000053674,3,18641,1
00000002676,3,18657,1
00000033119,3,18658,1
00000054985,3,18710,1
00000059931,3,18712,1
00000067398,3,18720,1
00000050865,3,18738,1
00000002310,3,18741,1
00000080805,3,18742,1
00000034597,3,18744,1
00000081745,3,18750,1
00000004482,3,18775,1
00000060281,3,18826,1
00000062266,3,18831,1
00000079276,3,18834,1
00000023906,3,18836,1
00000018010,3,18839,1
00000075599,3,18843,1
00000077769,3,18846,1
00000011130,3,18879,1
00000078020,3,18880,1
00000001400,3,18882,1
00000060382,3,18884,1
00000033230,3,18893,1
00000011817,3,18906,1
00000032941,3,18931,1
00000083068,3,18934,1
00000053400,3,18935,1
00000001849,3,18957,1
00000031133,3,18964,1
00000013192,3,19001,1
00000081684,3,19002,1
00000063616,3,19012,1
00000002640,3,19029,1
00000047039,3,19067,1
00000073882,3,19068,1
00000067255,3,19079,1
00000073786,3,19093,1
00000061930,3,19094,1
00000051810,3,19104,1
00000085337,3,19117,1
00000007256,3,19155,1
00000077182,3,19157,1
00000003935,3,19173,1
00000087863,3,19239,1
00000081628,3,19242,1
00000049727,3,19276,1
00000064856,3,19277,1
00000043338,3,19279,1
00000048312,3,19305,1
00000079891,3,19372,1
00000022243,3,19391,1
00000061742,3,19393,1
00000061021,3,19406,1
00000053905,3,19410,1
00000078868,3,19418,1
00000007685,3,19423,1
00000045754,3,19449,1
00000038064,3,19477,1
00000091434,3,19490,1
00000061309,3,19493,1
00000022389,3,19494,1
00000025759,3,19503,1
00000082844,3,19517,1
00000011842,3,19557,1
00000009191,3,19580,1
00000088251,3,19582,1
00000035294,3,19589,1
00000086652,3,19596,1
00000086856,3,19611,1
00000062042,3,19630,1
00000079728,3,19648,1
00000020825,3,19650,1
00000081933,3,19651,1
00000048145,3,19660,1
00000016242,2,19668,1
00000012178,3,19669,1
00000059905,3,19673,1
00000061819,2,19676,1
00000034754,2,19677,1
00000075315,3,19697,1
00000076807,3,19701,1
00000076086,3,19702,1
00000071499,3,19703,1
00000071877,3,19718,1
00000065977,3,19720,1
00000068921,3,19722,1
00000064586,3,19765,1
00000063422,3,19774,1
00000042660,3,19776,1
00000015698,3,19779,1
00000006307,3,19797,1
00000059373,3,19798,1
00000044476,3,19813,1
00000057304,3,19825,1
00000028220,3,19861,1
00000060017,3,19902,1
00000080223,3,19913,1
00000079793,3,19916,1
00000092474,3,19978,1
00000062809,3,19982,1
00000046104,3,19998,1
00000091989,3,20008,1
00000004341,3,20009,1
00000013892,3,20040,1
00000064805,3,20067,1
00000092770,3,20068,1
00000072431,3,20089,1
00000073514,3,20096,1
00000027816,3,20098,1
00000084397,3,20137,1
00000017784,3,20141,1
00000074185,3,20146,1
00000044969,3,20189,1
00000056231,3,20192,1
00000057172,3,20202,1
00000048122,3,20221,1
00000036379,3,20288,1
00000093686,3,20291,1
00000039671,3,20308,1
00000094248,3,20310,1
00000021368,3,20370,1
00000093710,3,20379,1
00000052918,3,20413,1
00000013473,3,20427,1
00000088538,3,20468,1
00000060174,3,20472,1
00000046524,3,20486,1
00000092259,3,20489,1
00000086352,3,20495,1
00000067312,3,20498,1
00000060596,3,20509,1
00000080329,3,20512,1
00000065021,3,20526,1
00000079210,3,20554,1
00000047947,3,20583,1
00000039876,3,20587,1
00000092822,3,20602,1
00000013174,3,20621,1
00000043680,3,20625,1
00000004919,3,20628,1
00000077501,3,20630,1
00000043492,2,20638,1
00000052219,3,20640,1
00000011380,2,20642,1
00000086094,3,20651,1
00000025144,3,20667,1
00000080776,3,20686,1
00000081672,3,20725,1
00000044545,3,20729,1
00000088026,3,20736,1
00000074602,3,20808,1
00000050850,3,20837,1
00000001577,3,20846,1
00000004577,3,20848,1
00000033910,3,20881,1
00000091131,3,20898,1
00000057392,3,20908,1
00000061188,3,20919,1
00000069662,3,20939,1
00000069747,3,20943,1
00000057272,3,20944,1
00000067376,3,20948,1
00000041028,3,20965,1
00000015084,3,20966,1
00000080960,3,20969,1
00000057464,3,20974,1
00000068526,3,21007,1
00000069561,3,21043,1
00000007256,3,21056,1
00000031891,3,21063,1
00000003562,3,21067,1
00000075122,3,21099,1
00000006452,3,21101,1
00000040095,3,21108,1
00000084626,3,21109,1
00000074554,3,21121,1
00000067398,3,21129,1
00000027933,3,21139,1
00000089715,3,21156,1
00000064653,3,21185,1
00000053151,3,21192,1
00000013542,3,21195,1
00000022846,3,21208,1
00000001346,3,21217,1
00000092719,3,21226,1
00000036556,3,21232,1
